region,crop_name,predicted_probability,predicted_suitability
강릉,애플망고,1.0575442e-05,0
강릉,파파야,1.0310298e-05,0
강릉,용과,1.4810023e-05,0
강릉,패션후르츠(백향과),1.321376e-05,0
강릉,아보카도,1.0310298e-05,0
강릉,구아바,1.0214836e-05,0
강릉,리치,1.0971438e-05,0
강릉,람부탄,1.0971438e-05,0
강릉,망고스틴,1.0971438e-05,0
강릉,두리안,1.0674274e-05,0
강릉,스타후르츠,1.0971438e-05,0
강릉,잭후르츠,1.0674274e-05,0
강릉,사포딜라,1.0575442e-05,0
강릉,롱간(용안),1.3212222e-05,0
강릉,체리모야,1.528601e-05,0
강릉,아세로라,1.0971438e-05,0
강릉,아키,1.0310298e-05,0
강릉,페이조아,0.00030886708,0
강릉,자부티카바,2.131747e-05,0
강릉,피타야(노란용과),1.4810023e-05,0
강릉,노니,1.0310298e-05,0
강릉,블랙사포테,1.0214836e-05,0
강릉,화이트사포테,3.311441e-05,0
강릉,살락,1.0971438e-05,0
강릉,마르멜로(퀸스),0.9998964,1
강릉,산수유가공용 무화과,4.4928038e-05,0
강릉,카람볼라 바이올렛,1.0971438e-05,0
강릉,플룸코트,0.016380953,0
강릉,핑거라임,1.321376e-05,0
강릉,부다스핸드,1.0869855e-05,0
강릉,오크라,1.0575442e-05,0
강릉,공심채,1.0310298e-05,0
강릉,여주,1.0214836e-05,0
강릉,차요테,1.26161585e-05,0
강릉,아티초크,0.000117056,0
강릉,카사바,1.0869855e-05,0
강릉,얌(대마),1.0971438e-05,0
강릉,타로,1.0971438e-05,0
강릉,자색마,1.0971438e-05,0
강릉,아라카차,1.6267511e-05,0
강릉,제이콘(야콘),1.5711561e-05,0
강릉,줄기상추(궁채),4.4284658e-05,0
강릉,골든비트,0.002177099,0
강릉,로마네스코,6.071778e-05,0
강릉,아스파라거스 콩,1.0869855e-05,0
강릉,윙드빈(사각콩),1.0971438e-05,0
강릉,워터체스트넛,1.0674274e-05,0
강릉,고수,4.7597103e-05,0
강릉,레몬그라스,1.0971438e-05,0
강릉,갈랑갈,1.0971438e-05,0
강릉,타이바질,1.0214836e-05,0
강릉,커리잎,1.0971438e-05,0
강릉,몰로키아,1.0310298e-05,0
강릉,아이스플랜트,2.3672912e-05,0
강릉,핑거루트,1.0971438e-05,0
강릉,강황,1.0971438e-05,0
강릉,차조기(자소엽),1.4764783e-05,0
강릉,파카야,1.0310298e-05,0
강릉,스네이크고드,1.0310298e-05,0
강릉,비터토마토,1.0869855e-05,0
강릉,퀴노아,0.9999285,1
강릉,아마란스,1.8566156e-05,0
강릉,테프,1.4810023e-05,0
강릉,카카오,1.0310298e-05,0
강릉,커피나무,1.26161585e-05,0
강릉,바닐라,1.0971438e-05,0
강릉,블랙페퍼(후추),1.0971438e-05,0
강릉,육두구,1.0971438e-05,0
강릉,정향,1.0310298e-05,0
강릉,육계(계피),1.0971438e-05,0
강릉,사프란,0.9999771,1
강릉,카다멈,1.0971438e-05,0
강릉,올스파이스,1.0310298e-05,0
강릉,과라나,1.0971438e-05,0
강릉,마카,0.9990409,1
강릉,사차인치,1.0971438e-05,0
강릉,브라질넛,1.0971438e-05,0
강릉,캐슈넛,1.0869855e-05,0
강릉,마카다미아,1.321376e-05,0
강릉,사탕수수,1.0674274e-05,0
강릉,스테비아,2.1164875e-05,0
강릉,모링가,1.4810023e-05,0
강릉,아사이베리,1.0971438e-05,0
강릉,마키베리,0.99984396,1
강릉,카무카무,1.0971438e-05,0
강릉,인디안구스베리(암라),1.0575442e-05,0
강릉,고투콜라(병풀),1.0310298e-05,0
강릉,홀리바질,1.0214836e-05,0
강릉,버터플라이피,1.0971438e-05,0
강릉,히비스커스(로젤),1.0869855e-05,0
강릉,카바카바,1.0971438e-05,0
강릉,크라통,1.0971438e-05,0
강릉,판단,1.0971438e-05,0
강릉,피멘토,1.0214836e-05,0
강릉,하바네로,1.0214836e-05,0
강릉,캐롤라이나 리퍼,1.0214836e-05,0
강릉,차요테 덩굴 싹,1.26161585e-05,0
강릉,스피룰리나,1.1273038e-05,0
강릉,기네아생강,1.0971438e-05,0
강릉,타마린드,1.0575442e-05,0
강진군,애플망고,1.2614728e-05,0
강진군,파파야,1.2400565e-05,0
강진군,용과,1.5959435e-05,0
강진군,패션후르츠(백향과),1.3914759e-05,0
강진군,아보카도,1.2400565e-05,0
강진군,구아바,1.2641246e-05,0
강진군,리치,1.319574e-05,0
강진군,람부탄,1.319574e-05,0
강진군,망고스틴,1.319574e-05,0
강진군,두리안,1.237455e-05,0
강진군,스타후르츠,1.319574e-05,0
강진군,잭후르츠,1.237455e-05,0
강진군,사포딜라,1.2614728e-05,0
강진군,롱간(용안),1.364983e-05,0
강진군,체리모야,1.4905766e-05,0
강진군,아세로라,1.319574e-05,0
강진군,아키,1.2400565e-05,0
강진군,페이조아,0.00070984697,0
강진군,자부티카바,2.0527823e-05,0
강진군,피타야(노란용과),1.5959435e-05,0
강진군,노니,1.2400565e-05,0
강진군,블랙사포테,1.2641246e-05,0
강진군,화이트사포테,2.5491916e-05,0
강진군,살락,1.319574e-05,0
강진군,마르멜로(퀸스),0.9998945,1
강진군,산수유가공용 무화과,6.660426e-05,0
강진군,카람볼라 바이올렛,1.319574e-05,0
강진군,플룸코트,0.02436323,0
강진군,핑거라임,1.3914759e-05,0
강진군,부다스핸드,1.3451854e-05,0
강진군,오크라,1.2614728e-05,0
강진군,공심채,1.2400565e-05,0
강진군,여주,1.2641246e-05,0
강진군,차요테,1.5227999e-05,0
강진군,아티초크,0.00017514735,0
강진군,카사바,1.3451854e-05,0
강진군,얌(대마),1.319574e-05,0
강진군,타로,1.319574e-05,0
강진군,자색마,1.319574e-05,0
강진군,아라카차,1.9006848e-05,0
강진군,제이콘(야콘),1.5894926e-05,0
강진군,줄기상추(궁채),2.6811947e-05,0
강진군,골든비트,0.0006143642,0
강진군,로마네스코,3.7426675e-05,0
강진군,아스파라거스 콩,1.3451854e-05,0
강진군,윙드빈(사각콩),1.319574e-05,0
강진군,워터체스트넛,1.237455e-05,0
강진군,고수,2.6256588e-05,0
강진군,레몬그라스,1.319574e-05,0
강진군,갈랑갈,1.319574e-05,0
강진군,타이바질,1.2641246e-05,0
강진군,커리잎,1.319574e-05,0
강진군,몰로키아,1.2400565e-05,0
강진군,아이스플랜트,1.8818353e-05,0
강진군,핑거루트,1.319574e-05,0
강진군,강황,1.319574e-05,0
강진군,차조기(자소엽),1.49371e-05,0
강진군,파카야,1.2400565e-05,0
강진군,스네이크고드,1.2400565e-05,0
강진군,비터토마토,1.3451854e-05,0
강진군,퀴노아,0.99985087,1
강진군,아마란스,1.6473996e-05,0
강진군,테프,1.5959435e-05,0
강진군,카카오,1.2400565e-05,0
강진군,커피나무,1.5227999e-05,0
강진군,바닐라,1.319574e-05,0
강진군,블랙페퍼(후추),1.319574e-05,0
강진군,육두구,1.319574e-05,0
강진군,정향,1.2400565e-05,0
강진군,육계(계피),1.319574e-05,0
강진군,사프란,0.9999784,1
강진군,카다멈,1.319574e-05,0
강진군,올스파이스,1.2400565e-05,0
강진군,과라나,1.319574e-05,0
강진군,마카,0.9997496,1
강진군,사차인치,1.319574e-05,0
강진군,브라질넛,1.319574e-05,0
강진군,캐슈넛,1.3451854e-05,0
강진군,마카다미아,1.3914759e-05,0
강진군,사탕수수,1.237455e-05,0
강진군,스테비아,1.9851324e-05,0
강진군,모링가,1.5959435e-05,0
강진군,아사이베리,1.319574e-05,0
강진군,마키베리,0.99986637,1
강진군,카무카무,1.319574e-05,0
강진군,인디안구스베리(암라),1.2614728e-05,0
강진군,고투콜라(병풀),1.2400565e-05,0
강진군,홀리바질,1.2641246e-05,0
강진군,버터플라이피,1.319574e-05,0
강진군,히비스커스(로젤),1.3451854e-05,0
강진군,카바카바,1.319574e-05,0
강진군,크라통,1.319574e-05,0
강진군,판단,1.319574e-05,0
강진군,피멘토,1.2641246e-05,0
강진군,하바네로,1.2641246e-05,0
강진군,캐롤라이나 리퍼,1.2641246e-05,0
강진군,차요테 덩굴 싹,1.5227999e-05,0
강진군,스피룰리나,1.30686885e-05,0
강진군,기네아생강,1.319574e-05,0
강진군,타마린드,1.2614728e-05,0
강화,애플망고,1.040961e-05,0
강화,파파야,1.0552311e-05,0
강화,용과,1.3323988e-05,0
강화,패션후르츠(백향과),1.0898836e-05,0
강화,아보카도,1.0552311e-05,0
강화,구아바,1.0454609e-05,0
강화,리치,1.100069e-05,0
강화,람부탄,1.100069e-05,0
강화,망고스틴,1.100069e-05,0
강화,두리안,1.0506893e-05,0
강화,스타후르츠,1.100069e-05,0
강화,잭후르츠,1.0506893e-05,0
강화,사포딜라,1.040961e-05,0
강화,롱간(용안),1.100069e-05,0
강화,체리모야,1.2481634e-05,0
강화,아세로라,1.100069e-05,0
강화,아키,1.0552311e-05,0
강화,페이조아,2.1896116e-05,0
강화,자부티카바,1.100069e-05,0
강화,피타야(노란용과),1.3323988e-05,0
강화,노니,1.0552311e-05,0
강화,블랙사포테,1.0454609e-05,0
강화,화이트사포테,1.3323988e-05,0
강화,살락,1.100069e-05,0
강화,마르멜로(퀸스),0.0006639599,0
강화,산수유가공용 무화과,1.0454609e-05,0
강화,카람볼라 바이올렛,1.100069e-05,0
강화,플룸코트,0.0004035675,0
강화,핑거라임,1.0898836e-05,0
강화,부다스핸드,1.0898836e-05,0
강화,오크라,1.040961e-05,0
강화,공심채,1.0552311e-05,0
강화,여주,1.0454609e-05,0
강화,차요테,1.2669487e-05,0
강화,아티초크,1.4095477e-05,0
강화,카사바,1.0898836e-05,0
강화,얌(대마),1.100069e-05,0
강화,타로,1.100069e-05,0
강화,자색마,1.100069e-05,0
강화,아라카차,1.2506311e-05,0
강화,제이콘(야콘),1.2552181e-05,0
강화,줄기상추(궁채),1.4805659e-05,0
강화,골든비트,1.5348018e-05,0
강화,로마네스코,1.1839492e-05,0
강화,아스파라거스 콩,1.0898836e-05,0
강화,윙드빈(사각콩),1.100069e-05,0
강화,워터체스트넛,1.0506893e-05,0
강화,고수,1.8869192e-05,0
강화,레몬그라스,1.100069e-05,0
강화,갈랑갈,1.100069e-05,0
강화,타이바질,1.0454609e-05,0
강화,커리잎,1.100069e-05,0
강화,몰로키아,1.0552311e-05,0
강화,아이스플랜트,1.5907346e-05,0
강화,핑거루트,1.100069e-05,0
강화,강황,1.100069e-05,0
강화,차조기(자소엽),1.2040566e-05,0
강화,파카야,1.0552311e-05,0
강화,스네이크고드,1.0552311e-05,0
강화,비터토마토,1.0898836e-05,0
강화,퀴노아,2.712292e-05,0
강화,아마란스,1.3266641e-05,0
강화,테프,1.3323988e-05,0
강화,카카오,1.0552311e-05,0
강화,커피나무,1.2669487e-05,0
강화,바닐라,1.100069e-05,0
강화,블랙페퍼(후추),1.100069e-05,0
강화,육두구,1.100069e-05,0
강화,정향,1.0552311e-05,0
강화,육계(계피),1.100069e-05,0
강화,사프란,0.0028461516,0
강화,카다멈,1.100069e-05,0
강화,올스파이스,1.0552311e-05,0
강화,과라나,1.100069e-05,0
강화,마카,0.99994016,1
강화,사차인치,1.100069e-05,0
강화,브라질넛,1.100069e-05,0
강화,캐슈넛,1.0898836e-05,0
강화,마카다미아,1.0898836e-05,0
강화,사탕수수,1.0506893e-05,0
강화,스테비아,1.0454609e-05,0
강화,모링가,1.3323988e-05,0
강화,아사이베리,1.100069e-05,0
강화,마키베리,3.2189633e-05,0
강화,카무카무,1.100069e-05,0
강화,인디안구스베리(암라),1.040961e-05,0
강화,고투콜라(병풀),1.0552311e-05,0
강화,홀리바질,1.0454609e-05,0
강화,버터플라이피,1.100069e-05,0
강화,히비스커스(로젤),1.0898836e-05,0
강화,카바카바,1.100069e-05,0
강화,크라통,1.100069e-05,0
강화,판단,1.100069e-05,0
강화,피멘토,1.0454609e-05,0
강화,하바네로,1.0454609e-05,0
강화,캐롤라이나 리퍼,1.0454609e-05,0
강화,차요테 덩굴 싹,1.2669487e-05,0
강화,스피룰리나,1.1096267e-05,0
강화,기네아생강,1.100069e-05,0
강화,타마린드,1.040961e-05,0
거제,애플망고,2.883544e-05,0
거제,파파야,2.9533765e-05,0
거제,용과,3.8427952e-05,0
거제,패션후르츠(백향과),0.00010461747,0
거제,아보카도,4.4406665e-05,0
거제,구아바,2.9395993e-05,0
거제,리치,4.5485187e-05,0
거제,람부탄,3.0251073e-05,0
거제,망고스틴,3.0251073e-05,0
거제,두리안,2.9104916e-05,0
거제,스타후르츠,3.0251073e-05,0
거제,잭후르츠,2.9104916e-05,0
거제,사포딜라,2.8969147e-05,0
거제,롱간(용안),9.902253e-05,0
거제,체리모야,0.00016000863,0
거제,아세로라,3.0391344e-05,0
거제,아키,2.9533765e-05,0
거제,페이조아,0.0010975108,0
거제,자부티카바,0.00017984185,0
거제,피타야(노란용과),3.8427952e-05,0
거제,노니,2.9533765e-05,0
거제,블랙사포테,2.9395993e-05,0
거제,화이트사포테,0.00025700228,0
거제,살락,3.0251073e-05,0
거제,마르멜로(퀸스),0.99998295,1
거제,산수유가공용 무화과,0.0003267048,0
거제,카람볼라 바이올렛,3.0251073e-05,0
거제,플룸코트,0.9978344,1
거제,핑거라임,0.00010461747,0
거제,부다스핸드,3.0109957e-05,0
거제,오크라,2.883544e-05,0
거제,공심채,2.9533765e-05,0
거제,여주,2.9260316e-05,0
거제,차요테,3.9103048e-05,0
거제,아티초크,0.99958724,1
거제,카사바,2.9970986e-05,0
거제,얌(대마),3.0251073e-05,0
거제,타로,3.0251073e-05,0
거제,자색마,3.0391344e-05,0
거제,아라카차,0.00048314553,0
거제,제이콘(야콘),0.00016630878,0
거제,줄기상추(궁채),0.9982791,1
거제,골든비트,0.9998963,1
거제,로마네스코,0.9984303,1
거제,아스파라거스 콩,2.9970986e-05,0
거제,윙드빈(사각콩),3.0251073e-05,0
거제,워터체스트넛,2.9104916e-05,0
거제,고수,0.99841046,1
거제,레몬그라스,3.0391344e-05,0
거제,갈랑갈,3.0251073e-05,0
거제,타이바질,2.9260316e-05,0
거제,커리잎,3.0251073e-05,0
거제,몰로키아,2.9533765e-05,0
거제,아이스플랜트,0.00023449663,0
거제,핑거루트,3.0251073e-05,0
거제,강황,3.0251073e-05,0
거제,차조기(자소엽),0.0001623658,0
거제,파카야,2.9533765e-05,0
거제,스네이크고드,2.9533765e-05,0
거제,비터토마토,2.9970986e-05,0
거제,퀴노아,0.999974,1
거제,아마란스,0.00014115323,0
거제,테프,3.8606173e-05,0
거제,카카오,2.9533765e-05,0
거제,커피나무,3.9103048e-05,0
거제,바닐라,3.0251073e-05,0
거제,블랙페퍼(후추),3.0251073e-05,0
거제,육두구,3.0251073e-05,0
거제,정향,2.9533765e-05,0
거제,육계(계피),3.0251073e-05,0
거제,사프란,0.99998474,1
거제,카다멈,3.0251073e-05,0
거제,올스파이스,2.9533765e-05,0
거제,과라나,3.0251073e-05,0
거제,마카,0.0135564795,0
거제,사차인치,3.0251073e-05,0
거제,브라질넛,3.0251073e-05,0
거제,캐슈넛,2.9970986e-05,0
거제,마카다미아,0.00010461747,0
거제,사탕수수,2.9104916e-05,0
거제,스테비아,0.00018549776,0
거제,모링가,3.8427952e-05,0
거제,아사이베리,3.0251073e-05,0
거제,마키베리,0.9999831,1
거제,카무카무,3.0251073e-05,0
거제,인디안구스베리(암라),2.8969147e-05,0
거제,고투콜라(병풀),2.9670708e-05,0
거제,홀리바질,2.9260316e-05,0
거제,버터플라이피,3.0251073e-05,0
거제,히비스커스(로젤),2.9970986e-05,0
거제,카바카바,3.0251073e-05,0
거제,크라통,3.0251073e-05,0
거제,판단,3.0251073e-05,0
거제,피멘토,2.9260316e-05,0
거제,하바네로,2.9260316e-05,0
거제,캐롤라이나 리퍼,2.9260316e-05,0
거제,차요테 덩굴 싹,3.9103048e-05,0
거제,스피룰리나,2.916109e-05,0
거제,기네아생강,3.0251073e-05,0
거제,타마린드,2.883544e-05,0
거창,애플망고,7.702931e-06,0
거창,파파야,7.808528e-06,0
거창,용과,9.859528e-06,0
거창,패션후르츠(백향과),8.064951e-06,0
거창,아보카도,7.808528e-06,0
거창,구아바,7.736229e-06,0
거창,리치,8.140321e-06,0
거창,람부탄,8.140321e-06,0
거창,망고스틴,8.140321e-06,0
거창,두리안,7.774918e-06,0
거창,스타후르츠,8.140321e-06,0
거창,잭후르츠,7.774918e-06,0
거창,사포딜라,7.702931e-06,0
거창,롱간(용안),8.140321e-06,0
거창,체리모야,8.999076e-06,0
거창,아세로라,8.140321e-06,0
거창,아키,7.808528e-06,0
거창,페이조아,2.828825e-05,0
거창,자부티카바,8.140321e-06,0
거창,피타야(노란용과),9.859528e-06,0
거창,노니,7.808528e-06,0
거창,블랙사포테,7.736229e-06,0
거창,화이트사포테,9.859528e-06,0
거창,살락,8.140321e-06,0
거창,마르멜로(퀸스),0.0009798948,0
거창,산수유가공용 무화과,7.736229e-06,0
거창,카람볼라 바이올렛,8.140321e-06,0
거창,플룸코트,0.00044696356,0
거창,핑거라임,8.064951e-06,0
거창,부다스핸드,8.064951e-06,0
거창,오크라,7.702931e-06,0
거창,공심채,7.808528e-06,0
거창,여주,7.736229e-06,0
거창,차요테,8.978915e-06,0
거창,아티초크,1.0162629e-05,0
거창,카사바,8.064951e-06,0
거창,얌(대마),8.140321e-06,0
거창,타로,8.140321e-06,0
거창,자색마,8.140321e-06,0
거창,아라카차,8.86327e-06,0
거창,제이콘(야콘),8.895779e-06,0
거창,줄기상추(궁채),1.0492824e-05,0
거창,골든비트,1.1065695e-05,0
거창,로마네스코,8.390691e-06,0
거창,아스파라거스 콩,8.064951e-06,0
거창,윙드빈(사각콩),8.140321e-06,0
거창,워터체스트넛,7.774918e-06,0
거창,고수,1.3372693e-05,0
거창,레몬그라스,8.140321e-06,0
거창,갈랑갈,8.140321e-06,0
거창,타이바질,7.736229e-06,0
거창,커리잎,8.140321e-06,0
거창,몰로키아,7.808528e-06,0
거창,아이스플랜트,1.1468975e-05,0
거창,핑거루트,8.140321e-06,0
거창,강황,8.140321e-06,0
거창,차조기(자소엽),8.533193e-06,0
거창,파카야,7.808528e-06,0
거창,스네이크고드,7.808528e-06,0
거창,비터토마토,8.064951e-06,0
거창,퀴노아,1.9325737e-05,0
거창,아마란스,9.81709e-06,0
거창,테프,9.859528e-06,0
거창,카카오,7.808528e-06,0
거창,커피나무,8.978915e-06,0
거창,바닐라,8.140321e-06,0
거창,블랙페퍼(후추),8.140321e-06,0
거창,육두구,8.140321e-06,0
거창,정향,7.808528e-06,0
거창,육계(계피),8.140321e-06,0
거창,사프란,0.9998006,1
거창,카다멈,8.140321e-06,0
거창,올스파이스,7.808528e-06,0
거창,과라나,8.140321e-06,0
거창,마카,0.9999708,1
거창,사차인치,8.140321e-06,0
거창,브라질넛,8.140321e-06,0
거창,캐슈넛,8.064951e-06,0
거창,마카다미아,8.064951e-06,0
거창,사탕수수,7.774918e-06,0
거창,스테비아,7.736229e-06,0
거창,모링가,9.859528e-06,0
거창,아사이베리,8.140321e-06,0
거창,마키베리,8.0564525e-05,0
거창,카무카무,8.140321e-06,0
거창,인디안구스베리(암라),7.702931e-06,0
거창,고투콜라(병풀),7.808528e-06,0
거창,홀리바질,7.736229e-06,0
거창,버터플라이피,8.140321e-06,0
거창,히비스커스(로젤),8.064951e-06,0
거창,카바카바,8.140321e-06,0
거창,크라통,8.140321e-06,0
거창,판단,8.140321e-06,0
거창,피멘토,7.736229e-06,0
거창,하바네로,7.736229e-06,0
거창,캐롤라이나 리퍼,7.736229e-06,0
거창,차요테 덩굴 싹,8.978915e-06,0
거창,스피룰리나,8.211046e-06,0
거창,기네아생강,8.140321e-06,0
거창,타마린드,7.702931e-06,0
경주시,애플망고,6.9103294e-06,0
경주시,파파야,6.6599964e-06,0
경주시,용과,8.378816e-06,0
경주시,패션후르츠(백향과),7.077745e-06,0
경주시,아보카도,6.6599964e-06,0
경주시,구아바,6.78926e-06,0
경주시,리치,6.9429884e-06,0
경주시,람부탄,6.9429884e-06,0
경주시,망고스틴,6.9429884e-06,0
경주시,두리안,6.7787605e-06,0
경주시,스타후르츠,6.9429884e-06,0
경주시,잭후르츠,6.7787605e-06,0
경주시,사포딜라,6.9103294e-06,0
경주시,롱간(용안),6.9429884e-06,0
경주시,체리모야,7.307758e-06,0
경주시,아세로라,6.9429884e-06,0
경주시,아키,6.6599964e-06,0
경주시,페이조아,2.9306928e-05,0
경주시,자부티카바,6.9429884e-06,0
경주시,피타야(노란용과),8.378816e-06,0
경주시,노니,6.6599964e-06,0
경주시,블랙사포테,6.78926e-06,0
경주시,화이트사포테,8.378816e-06,0
경주시,살락,6.9429884e-06,0
경주시,마르멜로(퀸스),0.00047910563,0
경주시,산수유가공용 무화과,9.910434e-06,0
경주시,카람볼라 바이올렛,6.9429884e-06,0
경주시,플룸코트,0.00034876316,0
경주시,핑거라임,7.077745e-06,0
경주시,부다스핸드,7.077745e-06,0
경주시,오크라,6.9103294e-06,0
경주시,공심채,6.6599964e-06,0
경주시,여주,6.78926e-06,0
경주시,차요테,7.8558605e-06,0
경주시,아티초크,1.5565643e-05,0
경주시,카사바,7.077745e-06,0
경주시,얌(대마),6.9429884e-06,0
경주시,타로,6.9429884e-06,0
경주시,자색마,6.9429884e-06,0
경주시,아라카차,7.979069e-06,0
경주시,제이콘(야콘),8.0083355e-06,0
경주시,줄기상추(궁채),1.2348898e-05,0
경주시,골든비트,1.5733825e-05,0
경주시,로마네스코,5.8240116e-06,0
경주시,아스파라거스 콩,7.077745e-06,0
경주시,윙드빈(사각콩),6.9429884e-06,0
경주시,워터체스트넛,6.7787605e-06,0
경주시,고수,1.5400434e-05,0
경주시,레몬그라스,6.9429884e-06,0
경주시,갈랑갈,6.9429884e-06,0
경주시,타이바질,6.78926e-06,0
경주시,커리잎,6.9429884e-06,0
경주시,몰로키아,6.6599964e-06,0
경주시,아이스플랜트,9.422299e-06,0
경주시,핑거루트,6.9429884e-06,0
경주시,강황,6.9429884e-06,0
경주시,차조기(자소엽),7.681921e-06,0
경주시,파카야,6.6599964e-06,0
경주시,스네이크고드,6.6599964e-06,0
경주시,비터토마토,7.077745e-06,0
경주시,퀴노아,0.0061587365,0
경주시,아마란스,8.528231e-06,0
경주시,테프,8.378816e-06,0
경주시,카카오,6.6599964e-06,0
경주시,커피나무,7.8558605e-06,0
경주시,바닐라,6.9429884e-06,0
경주시,블랙페퍼(후추),6.9429884e-06,0
경주시,육두구,6.9429884e-06,0
경주시,정향,6.6599964e-06,0
경주시,육계(계피),6.9429884e-06,0
경주시,사프란,0.9999366,1
경주시,카다멈,6.9429884e-06,0
경주시,올스파이스,6.6599964e-06,0
경주시,과라나,6.9429884e-06,0
경주시,마카,0.99936,1
경주시,사차인치,6.9429884e-06,0
경주시,브라질넛,6.9429884e-06,0
경주시,캐슈넛,7.077745e-06,0
경주시,마카다미아,7.077745e-06,0
경주시,사탕수수,6.7787605e-06,0
경주시,스테비아,6.78926e-06,0
경주시,모링가,8.378816e-06,0
경주시,아사이베리,6.9429884e-06,0
경주시,마키베리,0.006416945,0
경주시,카무카무,6.9429884e-06,0
경주시,인디안구스베리(암라),6.9103294e-06,0
경주시,고투콜라(병풀),6.6599964e-06,0
경주시,홀리바질,6.78926e-06,0
경주시,버터플라이피,6.9429884e-06,0
경주시,히비스커스(로젤),7.077745e-06,0
경주시,카바카바,6.9429884e-06,0
경주시,크라통,6.9429884e-06,0
경주시,판단,6.9429884e-06,0
경주시,피멘토,6.78926e-06,0
경주시,하바네로,6.78926e-06,0
경주시,캐롤라이나 리퍼,6.78926e-06,0
경주시,차요테 덩굴 싹,7.8558605e-06,0
경주시,스피룰리나,7.15901e-06,0
경주시,기네아생강,6.9429884e-06,0
경주시,타마린드,6.9103294e-06,0
고산,애플망고,2.3923896e-05,0
고산,파파야,2.3539213e-05,0
고산,용과,5.9019698e-05,0
고산,패션후르츠(백향과),0.00014468582,0
고산,아보카도,6.876681e-05,0
고산,구아바,6.374003e-05,0
고산,리치,6.579446e-05,0
고산,람부탄,2.4110934e-05,0
고산,망고스틴,2.4110934e-05,0
고산,두리안,2.4147474e-05,0
고산,스타후르츠,2.4110934e-05,0
고산,잭후르츠,3.4860375e-05,0
고산,사포딜라,7.44797e-05,0
고산,롱간(용안),0.00013536387,0
고산,체리모야,0.00070491066,0
고산,아세로라,6.3242886e-05,0
고산,아키,2.3539213e-05,0
고산,페이조아,0.00046497033,0
고산,자부티카바,0.00013328141,0
고산,피타야(노란용과),5.9019698e-05,0
고산,노니,2.3539213e-05,0
고산,블랙사포테,6.8237554e-05,0
고산,화이트사포테,0.00023235405,0
고산,살락,2.4110934e-05,0
고산,마르멜로(퀸스),0.999974,1
고산,산수유가공용 무화과,0.00018154165,0
고산,카람볼라 바이올렛,2.4110934e-05,0
고산,플룸코트,0.99995315,1
고산,핑거라임,0.00014468582,0
고산,부다스핸드,6.528808e-05,0
고산,오크라,2.3923896e-05,0
고산,공심채,2.3539213e-05,0
고산,여주,2.3321269e-05,0
고산,차요테,0.0003030708,0
고산,아티초크,0.99995184,1
고산,카사바,2.3887695e-05,0
고산,얌(대마),2.4110934e-05,0
고산,타로,2.4110934e-05,0
고산,자색마,6.3242886e-05,0
고산,아라카차,0.9996051,1
고산,제이콘(야콘),0.00071221625,0
고산,줄기상추(궁채),0.9999552,1
고산,골든비트,0.9999578,1
고산,로마네스코,0.99992263,1
고산,아스파라거스 콩,2.3887695e-05,0
고산,윙드빈(사각콩),2.4110934e-05,0
고산,워터체스트넛,3.7245158e-05,0
고산,고수,0.99996126,1
고산,레몬그라스,6.3242886e-05,0
고산,갈랑갈,2.4110934e-05,0
고산,타이바질,2.3321269e-05,0
고산,커리잎,2.4110934e-05,0
고산,몰로키아,2.3539213e-05,0
고산,아이스플랜트,0.0012039888,0
고산,핑거루트,2.4110934e-05,0
고산,강황,3.7188798e-05,0
고산,차조기(자소엽),0.00074436935,0
고산,파카야,2.3539213e-05,0
고산,스네이크고드,2.3539213e-05,0
고산,비터토마토,2.3887695e-05,0
고산,퀴노아,0.99996686,1
고산,아마란스,0.00021127894,0
고산,테프,0.00010443507,0
고산,카카오,2.3539213e-05,0
고산,커피나무,0.0003030708,0
고산,바닐라,2.4110934e-05,0
고산,블랙페퍼(후추),2.4110934e-05,0
고산,육두구,2.4110934e-05,0
고산,정향,2.3539213e-05,0
고산,육계(계피),2.4110934e-05,0
고산,사프란,0.99996877,1
고산,카다멈,2.4110934e-05,0
고산,올스파이스,2.3539213e-05,0
고산,과라나,2.4110934e-05,0
고산,마카,0.0031172466,0
고산,사차인치,2.4110934e-05,0
고산,브라질넛,2.4110934e-05,0
고산,캐슈넛,2.3887695e-05,0
고산,마카다미아,0.00014468582,0
고산,사탕수수,2.4147474e-05,0
고산,스테비아,0.00014889512,0
고산,모링가,5.3544252e-05,0
고산,아사이베리,2.4110934e-05,0
고산,마키베리,0.9999683,1
고산,카무카무,2.4110934e-05,0
고산,인디안구스베리(암라),6.4309796e-05,0
고산,고투콜라(병풀),6.609997e-05,0
고산,홀리바질,2.3321269e-05,0
고산,버터플라이피,2.4110934e-05,0
고산,히비스커스(로젤),3.8391507e-05,0
고산,카바카바,2.4110934e-05,0
고산,크라통,2.4110934e-05,0
고산,판단,2.4110934e-05,0
고산,피멘토,3.7481175e-05,0
고산,하바네로,3.7481175e-05,0
고산,캐롤라이나 리퍼,3.7481175e-05,0
고산,차요테 덩굴 싹,0.0003030708,0
고산,스피룰리나,2.4194105e-05,0
고산,기네아생강,2.4110934e-05,0
고산,타마린드,3.598775e-05,0
고창,애플망고,9.11884e-06,0
고창,파파야,8.873495e-06,0
고창,용과,1.1417617e-05,0
고창,패션후르츠(백향과),9.16489e-06,0
고창,아보카도,8.873495e-06,0
고창,구아바,8.791336e-06,0
고창,리치,9.25054e-06,0
고창,람부탄,9.25054e-06,0
고창,망고스틴,9.25054e-06,0
고창,두리안,9.20406e-06,0
고창,스타후르츠,9.25054e-06,0
고창,잭후르츠,9.20406e-06,0
고창,사포딜라,9.11884e-06,0
고창,롱간(용안),9.25054e-06,0
고창,체리모야,1.0653223e-05,0
고창,아세로라,9.25054e-06,0
고창,아키,8.873495e-06,0
고창,페이조아,4.1208234e-05,0
고창,자부티카바,9.25054e-06,0
고창,피타야(노란용과),1.1417617e-05,0
고창,노니,8.873495e-06,0
고창,블랙사포테,8.791336e-06,0
고창,화이트사포테,1.1417617e-05,0
고창,살락,9.25054e-06,0
고창,마르멜로(퀸스),0.00171167,0
고창,산수유가공용 무화과,1.5618267e-05,0
고창,카람볼라 바이올렛,9.25054e-06,0
고창,플룸코트,0.0008111982,0
고창,핑거라임,9.16489e-06,0
고창,부다스핸드,9.16489e-06,0
고창,오크라,9.11884e-06,0
고창,공심채,8.873495e-06,0
고창,여주,8.791336e-06,0
고창,차요테,1.0203504e-05,0
고창,아티초크,2.3174569e-05,0
고창,카사바,9.16489e-06,0
고창,얌(대마),9.25054e-06,0
고창,타로,9.25054e-06,0
고창,자색마,9.25054e-06,0
고창,아라카차,1.0072087e-05,0
고창,제이콘(야콘),1.010903e-05,0
고창,줄기상추(궁채),9.233195e-06,0
고창,골든비트,1.0143699e-05,0
고창,로마네스코,9.535056e-06,0
고창,아스파라거스 콩,9.16489e-06,0
고창,윙드빈(사각콩),9.25054e-06,0
고창,워터체스트넛,9.20406e-06,0
고창,고수,1.1991475e-05,0
고창,레몬그라스,9.25054e-06,0
고창,갈랑갈,9.25054e-06,0
고창,타이바질,8.791336e-06,0
고창,커리잎,9.25054e-06,0
고창,몰로키아,8.873495e-06,0
고창,아이스플랜트,1.3835709e-05,0
고창,핑거루트,9.25054e-06,0
고창,강황,9.25054e-06,0
고창,차조기(자소엽),9.696994e-06,0
고창,파카야,8.873495e-06,0
고창,스네이크고드,8.873495e-06,0
고창,비터토마토,9.16489e-06,0
고창,퀴노아,0.0001078298,0
고창,아마란스,1.1842959e-05,0
고창,테프,1.1417617e-05,0
고창,카카오,8.873495e-06,0
고창,커피나무,1.0203504e-05,0
고창,바닐라,9.25054e-06,0
고창,블랙페퍼(후추),9.25054e-06,0
고창,육두구,9.25054e-06,0
고창,정향,8.873495e-06,0
고창,육계(계피),9.25054e-06,0
고창,사프란,0.9999547,1
고창,카다멈,9.25054e-06,0
고창,올스파이스,8.873495e-06,0
고창,과라나,9.25054e-06,0
고창,마카,0.9998846,1
고창,사차인치,9.25054e-06,0
고창,브라질넛,9.25054e-06,0
고창,캐슈넛,9.16489e-06,0
고창,마카다미아,9.16489e-06,0
고창,사탕수수,9.20406e-06,0
고창,스테비아,8.791336e-06,0
고창,모링가,1.1417617e-05,0
고창,아사이베리,9.25054e-06,0
고창,마키베리,9.177475e-05,0
고창,카무카무,9.25054e-06,0
고창,인디안구스베리(암라),9.11884e-06,0
고창,고투콜라(병풀),8.873495e-06,0
고창,홀리바질,8.791336e-06,0
고창,버터플라이피,9.25054e-06,0
고창,히비스커스(로젤),9.16489e-06,0
고창,카바카바,9.25054e-06,0
고창,크라통,9.25054e-06,0
고창,판단,9.25054e-06,0
고창,피멘토,8.791336e-06,0
고창,하바네로,8.791336e-06,0
고창,캐롤라이나 리퍼,8.791336e-06,0
고창,차요테 덩굴 싹,1.0203504e-05,0
고창,스피룰리나,9.720354e-06,0
고창,기네아생강,9.25054e-06,0
고창,타마린드,9.11884e-06,0
고창군,애플망고,7.600908e-06,0
고창군,파파야,7.1884e-06,0
고창군,용과,9.529774e-06,0
고창군,패션후르츠(백향과),7.639293e-06,0
고창군,아보카도,7.1884e-06,0
고창군,구아바,7.32792e-06,0
고창군,리치,7.4938444e-06,0
고창군,람부탄,7.4938444e-06,0
고창군,망고스틴,7.4938444e-06,0
고창군,두리안,7.4561904e-06,0
고창군,스타후르츠,7.4938444e-06,0
고창군,잭후르츠,7.4561904e-06,0
고창군,사포딜라,7.600908e-06,0
고창군,롱간(용안),7.4938444e-06,0
고창군,체리모야,8.879886e-06,0
고창군,아세로라,7.4938444e-06,0
고창군,아키,7.1884e-06,0
고창군,페이조아,3.832325e-05,0
고창군,자부티카바,7.4938444e-06,0
고창군,피타야(노란용과),9.529774e-06,0
고창군,노니,7.1884e-06,0
고창군,블랙사포테,7.32792e-06,0
고창군,화이트사포테,9.529774e-06,0
고창군,살락,7.4938444e-06,0
고창군,마르멜로(퀸스),0.0016568343,0
고창군,산수유가공용 무화과,1.525025e-05,0
고창군,카람볼라 바이올렛,7.4938444e-06,0
고창군,플룸코트,0.0008254022,0
고창군,핑거라임,7.639293e-06,0
고창군,부다스핸드,7.639293e-06,0
고창군,오크라,7.600908e-06,0
고창군,공심채,7.1884e-06,0
고창군,여주,7.32792e-06,0
고창군,차요테,8.265839e-06,0
고창군,아티초크,2.5937783e-05,0
고창군,카사바,7.639293e-06,0
고창군,얌(대마),7.4938444e-06,0
고창군,타로,7.4938444e-06,0
고창군,자색마,7.4938444e-06,0
고창군,아라카차,8.395477e-06,0
고창군,제이콘(야콘),8.426271e-06,0
고창군,줄기상추(궁채),1.0555029e-05,0
고창군,골든비트,1.4944851e-05,0
고창군,로마네스코,6.358313e-06,0
고창군,아스파라거스 콩,7.639293e-06,0
고창군,윙드빈(사각콩),7.4938444e-06,0
고창군,워터체스트넛,7.4561904e-06,0
고창군,고수,1.3276805e-05,0
고창군,레몬그라스,7.4938444e-06,0
고창군,갈랑갈,7.4938444e-06,0
고창군,타이바질,7.32792e-06,0
고창군,커리잎,7.4938444e-06,0
고창군,몰로키아,7.1884e-06,0
고창군,아이스플랜트,1.1548062e-05,0
고창군,핑거루트,7.4938444e-06,0
고창군,강황,7.4938444e-06,0
고창군,차조기(자소엽),8.082822e-06,0
고창군,파카야,7.1884e-06,0
고창군,스네이크고드,7.1884e-06,0
고창군,비터토마토,7.639293e-06,0
고창군,퀴노아,0.00065476337,0
고창군,아마란스,9.884788e-06,0
고창군,테프,9.529774e-06,0
고창군,카카오,7.1884e-06,0
고창군,커피나무,8.265839e-06,0
고창군,바닐라,7.4938444e-06,0
고창군,블랙페퍼(후추),7.4938444e-06,0
고창군,육두구,7.4938444e-06,0
고창군,정향,7.1884e-06,0
고창군,육계(계피),7.4938444e-06,0
고창군,사프란,0.9999726,1
고창군,카다멈,7.4938444e-06,0
고창군,올스파이스,7.1884e-06,0
고창군,과라나,7.4938444e-06,0
고창군,마카,0.9999304,1
고창군,사차인치,7.4938444e-06,0
고창군,브라질넛,7.4938444e-06,0
고창군,캐슈넛,7.639293e-06,0
고창군,마카다미아,7.639293e-06,0
고창군,사탕수수,7.4561904e-06,0
고창군,스테비아,7.32792e-06,0
고창군,모링가,9.529774e-06,0
고창군,아사이베리,7.4938444e-06,0
고창군,마키베리,0.0021485384,0
고창군,카무카무,7.4938444e-06,0
고창군,인디안구스베리(암라),7.600908e-06,0
고창군,고투콜라(병풀),7.1884e-06,0
고창군,홀리바질,7.32792e-06,0
고창군,버터플라이피,7.4938444e-06,0
고창군,히비스커스(로젤),7.639293e-06,0
고창군,카바카바,7.4938444e-06,0
고창군,크라통,7.4938444e-06,0
고창군,판단,7.4938444e-06,0
고창군,피멘토,7.32792e-06,0
고창군,하바네로,7.32792e-06,0
고창군,캐롤라이나 리퍼,7.32792e-06,0
고창군,차요테 덩굴 싹,8.265839e-06,0
고창군,스피룰리나,7.87444e-06,0
고창군,기네아생강,7.4938444e-06,0
고창군,타마린드,7.600908e-06,0
고흥,애플망고,1.3923678e-05,0
고흥,파파야,1.29268965e-05,0
고흥,용과,1.8062497e-05,0
고흥,패션후르츠(백향과),1.3737732e-05,0
고흥,아보카도,1.29268965e-05,0
고흥,구아바,1.3177794e-05,0
고흥,리치,1.3476174e-05,0
고흥,람부탄,1.3476174e-05,0
고흥,망고스틴,1.3476174e-05,0
고흥,두리안,1.3658581e-05,0
고흥,스타후르츠,1.3476174e-05,0
고흥,잭후르츠,1.3658581e-05,0
고흥,사포딜라,1.3923678e-05,0
고흥,롱간(용안),1.3476174e-05,0
고흥,체리모야,1.5988926e-05,0
고흥,아세로라,1.3476174e-05,0
고흥,아키,1.29268965e-05,0
고흥,페이조아,0.00056761206,0
고흥,자부티카바,1.6144846e-05,0
고흥,피타야(노란용과),1.8062497e-05,0
고흥,노니,1.29268965e-05,0
고흥,블랙사포테,1.3177794e-05,0
고흥,화이트사포테,2.1871407e-05,0
고흥,살락,1.3476174e-05,0
고흥,마르멜로(퀸스),0.9979662,1
고흥,산수유가공용 무화과,4.262917e-05,0
고흥,카람볼라 바이올렛,1.3476174e-05,0
고흥,플룸코트,0.026130628,0
고흥,핑거라임,1.3737732e-05,0
고흥,부다스핸드,1.3737732e-05,0
고흥,오크라,1.3923678e-05,0
고흥,공심채,1.29268965e-05,0
고흥,여주,1.3177794e-05,0
고흥,차요테,1.48639465e-05,0
고흥,아티초크,0.00013895654,0
고흥,카사바,1.3737732e-05,0
고흥,얌(대마),1.3476174e-05,0
고흥,타로,1.3476174e-05,0
고흥,자색마,1.3476174e-05,0
고흥,아라카차,1.8552457e-05,0
고흥,제이콘(야콘),1.5152439e-05,0
고흥,줄기상추(궁채),4.2434403e-05,0
고흥,골든비트,9.050096e-05,0
고흥,로마네스코,2.870695e-05,0
고흥,아스파라거스 콩,1.3737732e-05,0
고흥,윙드빈(사각콩),1.3476174e-05,0
고흥,워터체스트넛,1.3658581e-05,0
고흥,고수,4.6624264e-05,0
고흥,레몬그라스,1.3476174e-05,0
고흥,갈랑갈,1.3476174e-05,0
고흥,타이바질,1.3177794e-05,0
고흥,커리잎,1.3476174e-05,0
고흥,몰로키아,1.29268965e-05,0
고흥,아이스플랜트,2.1915628e-05,0
고흥,핑거루트,1.3476174e-05,0
고흥,강황,1.3476174e-05,0
고흥,차조기(자소엽),1.453484e-05,0
고흥,파카야,1.29268965e-05,0
고흥,스네이크고드,1.29268965e-05,0
고흥,비터토마토,1.3737732e-05,0
고흥,퀴노아,0.99406755,1
고흥,아마란스,1.9084859e-05,0
고흥,테프,1.8062497e-05,0
고흥,카카오,1.29268965e-05,0
고흥,커피나무,1.48639465e-05,0
고흥,바닐라,1.3476174e-05,0
고흥,블랙페퍼(후추),1.3476174e-05,0
고흥,육두구,1.3476174e-05,0
고흥,정향,1.29268965e-05,0
고흥,육계(계피),1.3476174e-05,0
고흥,사프란,0.99998677,1
고흥,카다멈,1.3476174e-05,0
고흥,올스파이스,1.29268965e-05,0
고흥,과라나,1.3476174e-05,0
고흥,마카,0.9999399,1
고흥,사차인치,1.3476174e-05,0
고흥,브라질넛,1.3476174e-05,0
고흥,캐슈넛,1.3737732e-05,0
고흥,마카다미아,1.3737732e-05,0
고흥,사탕수수,1.3658581e-05,0
고흥,스테비아,1.5936772e-05,0
고흥,모링가,1.8062497e-05,0
고흥,아사이베리,1.3476174e-05,0
고흥,마키베리,0.9996388,1
고흥,카무카무,1.3476174e-05,0
고흥,인디안구스베리(암라),1.3923678e-05,0
고흥,고투콜라(병풀),1.29268965e-05,0
고흥,홀리바질,1.3177794e-05,0
고흥,버터플라이피,1.3476174e-05,0
고흥,히비스커스(로젤),1.3737732e-05,0
고흥,카바카바,1.3476174e-05,0
고흥,크라통,1.3476174e-05,0
고흥,판단,1.3476174e-05,0
고흥,피멘토,1.3177794e-05,0
고흥,하바네로,1.3177794e-05,0
고흥,캐롤라이나 리퍼,1.3177794e-05,0
고흥,차요테 덩굴 싹,1.48639465e-05,0
고흥,스피룰리나,1.4424742e-05,0
고흥,기네아생강,1.3476174e-05,0
고흥,타마린드,1.3923678e-05,0
광양시,애플망고,2.0050855e-05,0
광양시,파파야,1.9958918e-05,0
광양시,용과,2.8191376e-05,0
광양시,패션후르츠(백향과),2.7746994e-05,0
광양시,아보카도,2.0051464e-05,0
광양시,구아바,2.0346295e-05,0
광양시,리치,2.0538475e-05,0
광양시,람부탄,2.044368e-05,0
광양시,망고스틴,2.044368e-05,0
광양시,두리안,1.96691e-05,0
광양시,스타후르츠,2.044368e-05,0
광양시,잭후르츠,1.96691e-05,0
광양시,사포딜라,2.0050855e-05,0
광양시,롱간(용안),2.6963566e-05,0
광양시,체리모야,4.26893e-05,0
광양시,아세로라,2.044368e-05,0
광양시,아키,1.9958918e-05,0
광양시,페이조아,0.00034420646,0
광양시,자부티카바,2.7390102e-05,0
광양시,피타야(노란용과),2.8191376e-05,0
광양시,노니,1.9958918e-05,0
광양시,블랙사포테,2.0346295e-05,0
광양시,화이트사포테,5.1383475e-05,0
광양시,살락,2.044368e-05,0
광양시,마르멜로(퀸스),0.9999727,1
광양시,산수유가공용 무화과,7.704495e-05,0
광양시,카람볼라 바이올렛,2.044368e-05,0
광양시,플룸코트,0.99974936,1
광양시,핑거라임,2.7746994e-05,0
광양시,부다스핸드,2.0840469e-05,0
광양시,오크라,2.0050855e-05,0
광양시,공심채,1.9958918e-05,0
광양시,여주,2.0346295e-05,0
광양시,차요테,2.5434367e-05,0
광양시,아티초크,0.06966638,0
광양시,카사바,2.0840469e-05,0
광양시,얌(대마),2.044368e-05,0
광양시,타로,2.044368e-05,0
광양시,자색마,2.044368e-05,0
광양시,아라카차,3.9623395e-05,0
광양시,제이콘(야콘),4.4370387e-05,0
광양시,줄기상추(궁채),0.9975164,1
광양시,골든비트,0.9998129,1
광양시,로마네스코,0.061725084,0
광양시,아스파라거스 콩,2.0840469e-05,0
광양시,윙드빈(사각콩),2.044368e-05,0
광양시,워터체스트넛,1.96691e-05,0
광양시,고수,0.9974406,1
광양시,레몬그라스,2.044368e-05,0
광양시,갈랑갈,2.044368e-05,0
광양시,타이바질,2.0346295e-05,0
광양시,커리잎,2.044368e-05,0
광양시,몰로키아,1.9958918e-05,0
광양시,아이스플랜트,6.562659e-05,0
광양시,핑거루트,2.044368e-05,0
광양시,강황,2.044368e-05,0
광양시,차조기(자소엽),4.3318298e-05,0
광양시,파카야,1.9958918e-05,0
광양시,스네이크고드,1.9958918e-05,0
광양시,비터토마토,2.0840469e-05,0
광양시,퀴노아,0.9999583,1
광양시,아마란스,3.827095e-05,0
광양시,테프,2.8191376e-05,0
광양시,카카오,1.9958918e-05,0
광양시,커피나무,2.5434367e-05,0
광양시,바닐라,2.044368e-05,0
광양시,블랙페퍼(후추),2.044368e-05,0
광양시,육두구,2.044368e-05,0
광양시,정향,1.9958918e-05,0
광양시,육계(계피),2.044368e-05,0
광양시,사프란,0.99998057,1
광양시,카다멈,2.044368e-05,0
광양시,올스파이스,1.9958918e-05,0
광양시,과라나,2.044368e-05,0
광양시,마카,0.004761473,0
광양시,사차인치,2.044368e-05,0
광양시,브라질넛,2.044368e-05,0
광양시,캐슈넛,2.0840469e-05,0
광양시,마카다미아,2.7746994e-05,0
광양시,사탕수수,1.96691e-05,0
광양시,스테비아,2.9069133e-05,0
광양시,모링가,2.8191376e-05,0
광양시,아사이베리,2.044368e-05,0
광양시,마키베리,0.99997544,1
광양시,카무카무,2.044368e-05,0
광양시,인디안구스베리(암라),2.0050855e-05,0
광양시,고투콜라(병풀),1.9958918e-05,0
광양시,홀리바질,2.0346295e-05,0
광양시,버터플라이피,2.044368e-05,0
광양시,히비스커스(로젤),2.0840469e-05,0
광양시,카바카바,2.044368e-05,0
광양시,크라통,2.044368e-05,0
광양시,판단,2.044368e-05,0
광양시,피멘토,2.0346295e-05,0
광양시,하바네로,2.0346295e-05,0
광양시,캐롤라이나 리퍼,2.0346295e-05,0
광양시,차요테 덩굴 싹,2.5434367e-05,0
광양시,스피룰리나,2.077241e-05,0
광양시,기네아생강,2.044368e-05,0
광양시,타마린드,2.0050855e-05,0
광주,애플망고,1.2072368e-05,0
광주,파파야,1.1208119e-05,0
광주,용과,1.592023e-05,0
광주,패션후르츠(백향과),1.4291418e-05,0
광주,아보카도,1.1208119e-05,0
광주,구아바,1.1425657e-05,0
광주,리치,1.1926831e-05,0
광주,람부탄,1.1926831e-05,0
광주,망고스틴,1.1926831e-05,0
광주,두리안,1.1842518e-05,0
광주,스타후르츠,1.1926831e-05,0
광주,잭후르츠,1.1842518e-05,0
광주,사포딜라,1.2072368e-05,0
광주,롱간(용안),1.3887899e-05,0
광주,체리모야,1.6064629e-05,0
광주,아세로라,1.1926831e-05,0
광주,아키,1.1208119e-05,0
광주,페이조아,0.00046286272,0
광주,자부티카바,2.4810082e-05,0
광주,피타야(노란용과),1.592023e-05,0
광주,노니,1.1208119e-05,0
광주,블랙사포테,1.1425657e-05,0
광주,화이트사포테,3.6922425e-05,0
광주,살락,1.1926831e-05,0
광주,마르멜로(퀸스),0.99996185,1
광주,산수유가공용 무화과,5.7029334e-05,0
광주,카람볼라 바이올렛,1.1926831e-05,0
광주,플룸코트,0.019297404,0
광주,핑거라임,1.4291418e-05,0
광주,부다스핸드,1.2158318e-05,0
광주,오크라,1.2072368e-05,0
광주,공심채,1.1208119e-05,0
광주,여주,1.1425657e-05,0
광주,차요테,1.3268867e-05,0
광주,아티초크,0.0002616886,0
광주,카사바,1.2158318e-05,0
광주,얌(대마),1.1926831e-05,0
광주,타로,1.1926831e-05,0
광주,자색마,1.1926831e-05,0
광주,아라카차,1.5723012e-05,0
광주,제이콘(야콘),1.6179001e-05,0
광주,줄기상추(궁채),0.00017457147,0
광주,골든비트,0.042389967,0
광주,로마네스코,0.0002841918,0
광주,아스파라거스 콩,1.2158318e-05,0
광주,윙드빈(사각콩),1.1926831e-05,0
광주,워터체스트넛,1.1842518e-05,0
광주,고수,0.00018072456,0
광주,레몬그라스,1.1926831e-05,0
광주,갈랑갈,1.1926831e-05,0
광주,타이바질,1.1425657e-05,0
광주,커리잎,1.1926831e-05,0
광주,몰로키아,1.1208119e-05,0
광주,아이스플랜트,2.4573832e-05,0
광주,핑거루트,1.1926831e-05,0
광주,강황,1.1926831e-05,0
광주,차조기(자소엽),1.5204057e-05,0
광주,파카야,1.1208119e-05,0
광주,스네이크고드,1.1208119e-05,0
광주,비터토마토,1.2158318e-05,0
광주,퀴노아,0.99995196,1
광주,아마란스,2.0242327e-05,0
광주,테프,1.592023e-05,0
광주,카카오,1.1208119e-05,0
광주,커피나무,1.3268867e-05,0
광주,바닐라,1.1926831e-05,0
광주,블랙페퍼(후추),1.1926831e-05,0
광주,육두구,1.1926831e-05,0
광주,정향,1.1208119e-05,0
광주,육계(계피),1.1926831e-05,0
광주,사프란,0.9999821,1
광주,카다멈,1.1926831e-05,0
광주,올스파이스,1.1208119e-05,0
광주,과라나,1.1926831e-05,0
광주,마카,0.0060564657,0
광주,사차인치,1.1926831e-05,0
광주,브라질넛,1.1926831e-05,0
광주,캐슈넛,1.2158318e-05,0
광주,마카다미아,1.4291418e-05,0
광주,사탕수수,1.1842518e-05,0
광주,스테비아,2.534524e-05,0
광주,모링가,1.592023e-05,0
광주,아사이베리,1.1926831e-05,0
광주,마키베리,0.99992454,1
광주,카무카무,1.1926831e-05,0
광주,인디안구스베리(암라),1.2072368e-05,0
광주,고투콜라(병풀),1.1208119e-05,0
광주,홀리바질,1.1425657e-05,0
광주,버터플라이피,1.1926831e-05,0
광주,히비스커스(로젤),1.2158318e-05,0
광주,카바카바,1.1926831e-05,0
광주,크라통,1.1926831e-05,0
광주,판단,1.1926831e-05,0
광주,피멘토,1.1425657e-05,0
광주,하바네로,1.1425657e-05,0
광주,캐롤라이나 리퍼,1.1425657e-05,0
광주,차요테 덩굴 싹,1.3268867e-05,0
광주,스피룰리나,1.2506812e-05,0
광주,기네아생강,1.1926831e-05,0
광주,타마린드,1.2072368e-05,0
구미,애플망고,5.7881152e-06,0
구미,파파야,5.578435e-06,0
구미,용과,7.0181263e-06,0
구미,패션후르츠(백향과),5.928343e-06,0
구미,아보카도,5.578435e-06,0
구미,구아바,5.686707e-06,0
구미,리치,5.81547e-06,0
구미,람부탄,5.81547e-06,0
구미,망고스틴,5.81547e-06,0
구미,두리안,5.677912e-06,0
구미,스타후르츠,5.81547e-06,0
구미,잭후르츠,5.677912e-06,0
구미,사포딜라,5.7881152e-06,0
구미,롱간(용안),5.81547e-06,0
구미,체리모야,5.914936e-06,0
구미,아세로라,5.81547e-06,0
구미,아키,5.578435e-06,0
구미,페이조아,3.3229655e-05,0
구미,자부티카바,5.81547e-06,0
구미,피타야(노란용과),7.0181263e-06,0
구미,노니,5.578435e-06,0
구미,블랙사포테,5.686707e-06,0
구미,화이트사포테,7.0181263e-06,0
구미,살락,5.81547e-06,0
구미,마르멜로(퀸스),0.25420406,0
구미,산수유가공용 무화과,8.530712e-06,0
구미,카람볼라 바이올렛,5.81547e-06,0
구미,플룸코트,0.00026975884,0
구미,핑거라임,5.928343e-06,0
구미,부다스핸드,5.928343e-06,0
구미,오크라,5.7881152e-06,0
구미,공심채,5.578435e-06,0
구미,여주,5.686707e-06,0
구미,차요테,6.358573e-06,0
구미,아티초크,1.1068312e-05,0
구미,카사바,5.928343e-06,0
구미,얌(대마),5.81547e-06,0
구미,타로,5.81547e-06,0
구미,자색마,5.81547e-06,0
구미,아라카차,6.458299e-06,0
구미,제이콘(야콘),6.4819874e-06,0
구미,줄기상추(궁채),1.02018785e-05,0
구미,골든비트,1.2998299e-05,0
구미,로마네스코,3.1690604e-06,0
구미,아스파라거스 콩,5.928343e-06,0
구미,윙드빈(사각콩),5.81547e-06,0
구미,워터체스트넛,5.677912e-06,0
구미,고수,1.272287e-05,0
구미,레몬그라스,5.81547e-06,0
구미,갈랑갈,5.81547e-06,0
구미,타이바질,5.686707e-06,0
구미,커리잎,5.81547e-06,0
구미,몰로키아,5.578435e-06,0
구미,아이스플랜트,7.6264587e-06,0
구미,핑거루트,5.81547e-06,0
구미,강황,5.81547e-06,0
구미,차조기(자소엽),6.2177855e-06,0
구미,파카야,5.578435e-06,0
구미,스네이크고드,5.578435e-06,0
구미,비터토마토,5.928343e-06,0
구미,퀴노아,0.011094189,0
구미,아마란스,7.1432764e-06,0
구미,테프,7.0181263e-06,0
구미,카카오,5.578435e-06,0
구미,커피나무,6.358573e-06,0
구미,바닐라,5.81547e-06,0
구미,블랙페퍼(후추),5.81547e-06,0
구미,육두구,5.81547e-06,0
구미,정향,5.578435e-06,0
구미,육계(계피),5.81547e-06,0
구미,사프란,0.99991584,1
구미,카다멈,5.81547e-06,0
구미,올스파이스,5.578435e-06,0
구미,과라나,5.81547e-06,0
구미,마카,0.99924845,1
구미,사차인치,5.81547e-06,0
구미,브라질넛,5.81547e-06,0
구미,캐슈넛,5.928343e-06,0
구미,마카다미아,5.928343e-06,0
구미,사탕수수,5.677912e-06,0
구미,스테비아,5.686707e-06,0
구미,모링가,7.0181263e-06,0
구미,아사이베리,5.81547e-06,0
구미,마키베리,0.007401956,0
구미,카무카무,5.81547e-06,0
구미,인디안구스베리(암라),5.7881152e-06,0
구미,고투콜라(병풀),5.578435e-06,0
구미,홀리바질,5.686707e-06,0
구미,버터플라이피,5.81547e-06,0
구미,히비스커스(로젤),5.928343e-06,0
구미,카바카바,5.81547e-06,0
구미,크라통,5.81547e-06,0
구미,판단,5.81547e-06,0
구미,피멘토,5.686707e-06,0
구미,하바네로,5.686707e-06,0
구미,캐롤라이나 리퍼,5.686707e-06,0
구미,차요테 덩굴 싹,6.358573e-06,0
구미,스피룰리나,5.996411e-06,0
구미,기네아생강,5.81547e-06,0
구미,타마린드,5.7881152e-06,0
군산,애플망고,9.367744e-06,0
군산,파파야,9.115702e-06,0
군산,용과,1.1373529e-05,0
군산,패션후르츠(백향과),9.41505e-06,0
군산,아보카도,9.115702e-06,0
군산,구아바,9.0313e-06,0
군산,리치,9.503038e-06,0
군산,람부탄,9.503038e-06,0
군산,망고스틴,9.503038e-06,0
군산,두리안,9.455289e-06,0
군산,스타후르츠,9.503038e-06,0
군산,잭후르츠,9.455289e-06,0
군산,사포딜라,9.367744e-06,0
군산,롱간(용안),9.503038e-06,0
군산,체리모야,1.135466e-05,0
군산,아세로라,9.503038e-06,0
군산,아키,9.115702e-06,0
군산,페이조아,5.2735337e-05,0
군산,자부티카바,9.503038e-06,0
군산,피타야(노란용과),1.1373529e-05,0
군산,노니,9.115702e-06,0
군산,블랙사포테,9.0313e-06,0
군산,화이트사포테,1.1373529e-05,0
군산,살락,9.503038e-06,0
군산,마르멜로(퀸스),0.0024855093,0
군산,산수유가공용 무화과,1.7934826e-05,0
군산,카람볼라 바이올렛,9.503038e-06,0
군산,플룸코트,0.0012407694,0
군산,핑거라임,9.41505e-06,0
군산,부다스핸드,9.41505e-06,0
군산,오크라,9.367744e-06,0
군산,공심채,9.115702e-06,0
군산,여주,9.0313e-06,0
군산,차요테,1.1063786e-05,0
군산,아티초크,3.168298e-05,0
군산,카사바,9.41505e-06,0
군산,얌(대마),9.503038e-06,0
군산,타로,9.503038e-06,0
군산,자색마,9.503038e-06,0
군산,아라카차,1.092129e-05,0
군산,제이콘(야콘),1.0961347e-05,0
군산,줄기상추(궁채),9.162827e-06,0
군산,골든비트,1.1363999e-05,0
군산,로마네스코,9.619871e-06,0
군산,아스파라거스 콩,9.41505e-06,0
군산,윙드빈(사각콩),9.503038e-06,0
군산,워터체스트넛,9.455289e-06,0
군산,고수,1.1539167e-05,0
군산,레몬그라스,9.503038e-06,0
군산,갈랑갈,9.503038e-06,0
군산,타이바질,9.0313e-06,0
군산,커리잎,9.503038e-06,0
군산,몰로키아,9.115702e-06,0
군산,아이스플랜트,1.4299434e-05,0
군산,핑거루트,9.503038e-06,0
군산,강황,9.503038e-06,0
군산,차조기(자소엽),1.0514571e-05,0
군산,파카야,9.115702e-06,0
군산,스네이크고드,9.115702e-06,0
군산,비터토마토,9.41505e-06,0
군산,퀴노아,0.00034357895,0
군산,아마란스,1.1797227e-05,0
군산,테프,1.1373529e-05,0
군산,카카오,9.115702e-06,0
군산,커피나무,1.1063786e-05,0
군산,바닐라,9.503038e-06,0
군산,블랙페퍼(후추),9.503038e-06,0
군산,육두구,9.503038e-06,0
군산,정향,9.115702e-06,0
군산,육계(계피),9.503038e-06,0
군산,사프란,0.99996746,1
군산,카다멈,9.503038e-06,0
군산,올스파이스,9.115702e-06,0
군산,과라나,9.503038e-06,0
군산,마카,0.9999167,1
군산,사차인치,9.503038e-06,0
군산,브라질넛,9.503038e-06,0
군산,캐슈넛,9.41505e-06,0
군산,마카다미아,9.41505e-06,0
군산,사탕수수,9.455289e-06,0
군산,스테비아,9.0313e-06,0
군산,모링가,1.1373529e-05,0
군산,아사이베리,9.503038e-06,0
군산,마키베리,0.0008107346,0
군산,카무카무,9.503038e-06,0
군산,인디안구스베리(암라),9.367744e-06,0
군산,고투콜라(병풀),9.115702e-06,0
군산,홀리바질,9.0313e-06,0
군산,버터플라이피,9.503038e-06,0
군산,히비스커스(로젤),9.41505e-06,0
군산,카바카바,9.503038e-06,0
군산,크라통,9.503038e-06,0
군산,판단,9.503038e-06,0
군산,피멘토,9.0313e-06,0
군산,하바네로,9.0313e-06,0
군산,캐롤라이나 리퍼,9.0313e-06,0
군산,차요테 덩굴 싹,1.1063786e-05,0
군산,스피룰리나,9.985675e-06,0
군산,기네아생강,9.503038e-06,0
군산,타마린드,9.367744e-06,0
금산,애플망고,9.1605125e-06,0
금산,파파야,9.024946e-06,0
금산,용과,1.1725185e-05,0
금산,패션후르츠(백향과),9.5910345e-06,0
금산,아보카도,9.024946e-06,0
금산,구아바,9.200111e-06,0
금산,리치,9.408426e-06,0
금산,람부탄,9.408426e-06,0
금산,망고스틴,9.408426e-06,0
금산,두리안,8.986101e-06,0
금산,스타후르츠,9.408426e-06,0
금산,잭후르츠,8.986101e-06,0
금산,사포딜라,9.1605125e-06,0
금산,롱간(용안),9.408426e-06,0
금산,체리모야,1.096648e-05,0
금산,아세로라,9.408426e-06,0
금산,아키,9.024946e-06,0
금산,페이조아,3.081301e-05,0
금산,자부티카바,9.408426e-06,0
금산,피타야(노란용과),1.1725185e-05,0
금산,노니,9.024946e-06,0
금산,블랙사포테,9.200111e-06,0
금산,화이트사포테,1.1725185e-05,0
금산,살락,9.408426e-06,0
금산,마르멜로(퀸스),0.0010551995,0
금산,산수유가공용 무화과,9.200111e-06,0
금산,카람볼라 바이올렛,9.408426e-06,0
금산,플룸코트,0.0005518445,0
금산,핑거라임,9.5910345e-06,0
금산,부다스핸드,9.5910345e-06,0
금산,오크라,9.1605125e-06,0
금산,공심채,9.024946e-06,0
금산,여주,9.200111e-06,0
금산,차요테,1.0634201e-05,0
금산,아티초크,1.2384421e-05,0
금산,카사바,9.5910345e-06,0
금산,얌(대마),9.408426e-06,0
금산,타로,9.408426e-06,0
금산,자색마,9.408426e-06,0
금산,아라카차,1.08009845e-05,0
금산,제이콘(야콘),1.0840599e-05,0
금산,줄기상추(궁채),1.2757765e-05,0
금산,골든비트,1.3454292e-05,0
금산,로마네스코,9.937538e-06,0
금산,아스파라거스 콩,9.5910345e-06,0
금산,윙드빈(사각콩),9.408426e-06,0
금산,워터체스트넛,8.986101e-06,0
금산,고수,1.625926e-05,0
금산,레몬그라스,9.408426e-06,0
금산,갈랑갈,9.408426e-06,0
금산,타이바질,9.200111e-06,0
금산,커리잎,9.408426e-06,0
금산,몰로키아,9.024946e-06,0
금산,아이스플랜트,1.3976347e-05,0
금산,핑거루트,9.408426e-06,0
금산,강황,9.408426e-06,0
금산,차조기(자소엽),1.0398746e-05,0
금산,파카야,9.024946e-06,0
금산,스네이크고드,9.024946e-06,0
금산,비터토마토,9.5910345e-06,0
금산,퀴노아,2.1452086e-05,0
금산,아마란스,1.1674718e-05,0
금산,테프,1.1725185e-05,0
금산,카카오,9.024946e-06,0
금산,커피나무,1.0634201e-05,0
금산,바닐라,9.408426e-06,0
금산,블랙페퍼(후추),9.408426e-06,0
금산,육두구,9.408426e-06,0
금산,정향,9.024946e-06,0
금산,육계(계피),9.408426e-06,0
금산,사프란,0.99684674,1
금산,카다멈,9.408426e-06,0
금산,올스파이스,9.024946e-06,0
금산,과라나,9.408426e-06,0
금산,마카,0.99995816,1
금산,사차인치,9.408426e-06,0
금산,브라질넛,9.408426e-06,0
금산,캐슈넛,9.5910345e-06,0
금산,마카다미아,9.5910345e-06,0
금산,사탕수수,8.986101e-06,0
금산,스테비아,9.200111e-06,0
금산,모링가,1.1725185e-05,0
금산,아사이베리,9.408426e-06,0
금산,마키베리,0.00010510765,0
금산,카무카무,9.408426e-06,0
금산,인디안구스베리(암라),9.1605125e-06,0
금산,고투콜라(병풀),9.024946e-06,0
금산,홀리바질,9.200111e-06,0
금산,버터플라이피,9.408426e-06,0
금산,히비스커스(로젤),9.5910345e-06,0
금산,카바카바,9.408426e-06,0
금산,크라통,9.408426e-06,0
금산,판단,9.408426e-06,0
금산,피멘토,9.200111e-06,0
금산,하바네로,9.200111e-06,0
금산,캐롤라이나 리퍼,9.200111e-06,0
금산,차요테 덩굴 싹,1.0634201e-05,0
금산,스피룰리나,9.490169e-06,0
금산,기네아생강,9.408426e-06,0
금산,타마린드,9.1605125e-06,0
김해시,애플망고,1.4200015e-05,0
김해시,파파야,1.3183451e-05,0
김해시,용과,1.9834615e-05,0
김해시,패션후르츠(백향과),1.6734106e-05,0
김해시,아보카도,1.3183451e-05,0
김해시,구아바,1.3439328e-05,0
김해시,리치,1.3503653e-05,0
김해시,람부탄,1.3503653e-05,0
김해시,망고스틴,1.3503653e-05,0
김해시,두리안,1.3929654e-05,0
김해시,스타후르츠,1.3503653e-05,0
김해시,잭후르츠,1.3929654e-05,0
김해시,사포딜라,1.4200015e-05,0
김해시,롱간(용안),1.6261618e-05,0
김해시,체리모야,2.3275921e-05,0
김해시,아세로라,1.3503653e-05,0
김해시,아키,1.3183451e-05,0
김해시,페이조아,0.00028490883,0
김해시,자부티카바,2.7651053e-05,0
김해시,피타야(노란용과),1.9834615e-05,0
김해시,노니,1.3183451e-05,0
김해시,블랙사포테,1.3439328e-05,0
김해시,화이트사포테,4.6985755e-05,0
김해시,살락,1.3503653e-05,0
김해시,마르멜로(퀸스),0.9999814,1
김해시,산수유가공용 무화과,5.5090637e-05,0
김해시,카람볼라 바이올렛,1.3503653e-05,0
김해시,플룸코트,0.9918121,1
김해시,핑거라임,1.6734106e-05,0
김해시,부다스핸드,1.3765744e-05,0
김해시,오크라,1.4200015e-05,0
김해시,공심채,1.3183451e-05,0
김해시,여주,1.3439328e-05,0
김해시,차요테,1.7137374e-05,0
김해시,아티초크,0.016649904,0
김해시,카사바,1.3765744e-05,0
김해시,얌(대마),1.3503653e-05,0
김해시,타로,1.3503653e-05,0
김해시,자색마,1.3503653e-05,0
김해시,아라카차,3.6321257e-05,0
김해시,제이콘(야콘),2.2564094e-05,0
김해시,줄기상추(궁채),0.028607871,0
김해시,골든비트,0.99272764,1
김해시,로마네스코,0.0156031465,0
김해시,아스파라거스 콩,1.3765744e-05,0
김해시,윙드빈(사각콩),1.3503653e-05,0
김해시,워터체스트넛,1.3929654e-05,0
김해시,고수,0.030138513,0
김해시,레몬그라스,1.3503653e-05,0
김해시,갈랑갈,1.3503653e-05,0
김해시,타이바질,1.3439328e-05,0
김해시,커리잎,1.3503653e-05,0
김해시,몰로키아,1.3183451e-05,0
김해시,아이스플랜트,3.669314e-05,0
김해시,핑거루트,1.3503653e-05,0
김해시,강황,1.3503653e-05,0
김해시,차조기(자소엽),2.2029051e-05,0
김해시,파카야,1.3183451e-05,0
김해시,스네이크고드,1.3183451e-05,0
김해시,비터토마토,1.3765744e-05,0
김해시,퀴노아,0.9999647,1
김해시,아마란스,2.5376632e-05,0
김해시,테프,1.9834615e-05,0
김해시,카카오,1.3183451e-05,0
김해시,커피나무,1.7137374e-05,0
김해시,바닐라,1.3503653e-05,0
김해시,블랙페퍼(후추),1.3503653e-05,0
김해시,육두구,1.3503653e-05,0
김해시,정향,1.3183451e-05,0
김해시,육계(계피),1.3503653e-05,0
김해시,사프란,0.99998546,1
김해시,카다멈,1.3503653e-05,0
김해시,올스파이스,1.3183451e-05,0
김해시,과라나,1.3503653e-05,0
김해시,마카,0.0038255213,0
김해시,사차인치,1.3503653e-05,0
김해시,브라질넛,1.3503653e-05,0
김해시,캐슈넛,1.3765744e-05,0
김해시,마카다미아,1.6734106e-05,0
김해시,사탕수수,1.3929654e-05,0
김해시,스테비아,2.9346053e-05,0
김해시,모링가,1.9834615e-05,0
김해시,아사이베리,1.3503653e-05,0
김해시,마키베리,0.99996984,1
김해시,카무카무,1.3503653e-05,0
김해시,인디안구스베리(암라),1.4200015e-05,0
김해시,고투콜라(병풀),1.3183451e-05,0
김해시,홀리바질,1.3439328e-05,0
김해시,버터플라이피,1.3503653e-05,0
김해시,히비스커스(로젤),1.3765744e-05,0
김해시,카바카바,1.3503653e-05,0
김해시,크라통,1.3503653e-05,0
김해시,판단,1.3503653e-05,0
김해시,피멘토,1.3439328e-05,0
김해시,하바네로,1.3439328e-05,0
김해시,캐롤라이나 리퍼,1.3439328e-05,0
김해시,차요테 덩굴 싹,1.7137374e-05,0
김해시,스피룰리나,1.4711024e-05,0
김해시,기네아생강,1.3503653e-05,0
김해시,타마린드,1.4200015e-05,0
남원,애플망고,8.115734e-06,0
남원,파파야,7.995629e-06,0
남원,용과,1.0278441e-05,0
남원,패션후르츠(백향과),8.497154e-06,0
남원,아보카도,7.995629e-06,0
남원,구아바,8.150816e-06,0
남원,리치,8.3353725e-06,0
남원,람부탄,8.3353725e-06,0
남원,망고스틴,8.3353725e-06,0
남원,두리안,7.961215e-06,0
남원,스타후르츠,8.3353725e-06,0
남원,잭후르츠,7.961215e-06,0
남원,사포딜라,8.115734e-06,0
남원,롱간(용안),8.3353725e-06,0
남원,체리모야,9.8371e-06,0
남원,아세로라,8.3353725e-06,0
남원,아키,7.995629e-06,0
남원,페이조아,4.38567e-05,0
남원,자부티카바,8.3353725e-06,0
남원,피타야(노란용과),1.0278441e-05,0
남원,노니,7.995629e-06,0
남원,블랙사포테,8.150816e-06,0
남원,화이트사포테,1.0278441e-05,0
남원,살락,8.3353725e-06,0
남원,마르멜로(퀸스),0.0022080285,0
남원,산수유가공용 무화과,1.0013417e-05,0
남원,카람볼라 바이올렛,8.3353725e-06,0
남원,플룸코트,0.0009892456,0
남원,핑거라임,8.497154e-06,0
남원,부다스핸드,8.497154e-06,0
남원,오크라,8.115734e-06,0
남원,공심채,7.995629e-06,0
남원,여주,8.150816e-06,0
남원,차요테,9.7043485e-06,0
남원,아티초크,1.4111914e-05,0
남원,카사바,8.497154e-06,0
남원,얌(대마),8.3353725e-06,0
남원,타로,8.3353725e-06,0
남원,자색마,8.3353725e-06,0
남원,아라카차,9.856548e-06,0
남원,제이콘(야콘),9.892699e-06,0
남원,줄기상추(궁채),9.765119e-06,0
남원,골든비트,1.0122835e-05,0
남원,로마네스코,9.240603e-06,0
남원,아스파라거스 콩,8.497154e-06,0
남원,윙드빈(사각콩),8.3353725e-06,0
남원,워터체스트넛,7.961215e-06,0
남원,고수,1.2314123e-05,0
남원,레몬그라스,8.3353725e-06,0
남원,갈랑갈,8.3353725e-06,0
남원,타이바질,8.150816e-06,0
남원,커리잎,8.3353725e-06,0
남원,몰로키아,7.995629e-06,0
남원,아이스플랜트,1.2404893e-05,0
남원,핑거루트,8.3353725e-06,0
남원,강황,8.3353725e-06,0
남원,차조기(자소엽),9.48948e-06,0
남원,파카야,7.995629e-06,0
남원,스네이크고드,7.995629e-06,0
남원,비터토마토,8.497154e-06,0
남원,퀴노아,0.0001453888,0
남원,아마란스,1.0234201e-05,0
남원,테프,1.0278441e-05,0
남원,카카오,7.995629e-06,0
남원,커피나무,9.7043485e-06,0
남원,바닐라,8.3353725e-06,0
남원,블랙페퍼(후추),8.3353725e-06,0
남원,육두구,8.3353725e-06,0
남원,정향,7.995629e-06,0
남원,육계(계피),8.3353725e-06,0
남원,사프란,0.9999716,1
남원,카다멈,8.3353725e-06,0
남원,올스파이스,7.995629e-06,0
남원,과라나,8.3353725e-06,0
남원,마카,0.9999614,1
남원,사차인치,8.3353725e-06,0
남원,브라질넛,8.3353725e-06,0
남원,캐슈넛,8.497154e-06,0
남원,마카다미아,8.497154e-06,0
남원,사탕수수,7.961215e-06,0
남원,스테비아,8.150816e-06,0
남원,모링가,1.0278441e-05,0
남원,아사이베리,8.3353725e-06,0
남원,마키베리,0.0001838787,0
남원,카무카무,8.3353725e-06,0
남원,인디안구스베리(암라),8.115734e-06,0
남원,고투콜라(병풀),7.995629e-06,0
남원,홀리바질,8.150816e-06,0
남원,버터플라이피,8.3353725e-06,0
남원,히비스커스(로젤),8.497154e-06,0
남원,카바카바,8.3353725e-06,0
남원,크라통,8.3353725e-06,0
남원,판단,8.3353725e-06,0
남원,피멘토,8.150816e-06,0
남원,하바네로,8.150816e-06,0
남원,캐롤라이나 리퍼,8.150816e-06,0
남원,차요테 덩굴 싹,9.7043485e-06,0
남원,스피룰리나,8.407793e-06,0
남원,기네아생강,8.3353725e-06,0
남원,타마린드,8.115734e-06,0
남해,애플망고,1.1611594e-05,0
남해,파파야,1.1546565e-05,0
남해,용과,1.5622676e-05,0
남해,패션후르츠(백향과),1.5845193e-05,0
남해,아보카도,1.1600105e-05,0
남해,구아바,1.1439655e-05,0
남해,리치,1.2343952e-05,0
남해,람부탄,1.228698e-05,0
남해,망고스틴,1.228698e-05,0
남해,두리안,1.1720109e-05,0
남해,스타후르츠,1.228698e-05,0
남해,잭후르츠,1.1720109e-05,0
남해,사포딜라,1.1611594e-05,0
남해,롱간(용안),1.584335e-05,0
남해,체리모야,1.9302106e-05,0
남해,아세로라,1.228698e-05,0
남해,아키,1.1546565e-05,0
남해,페이조아,0.00048117916,0
남해,자부티카바,3.6014426e-05,0
남해,피타야(노란용과),1.5622676e-05,0
남해,노니,1.1546565e-05,0
남해,블랙사포테,1.1439655e-05,0
남해,화이트사포테,5.6756544e-05,0
남해,살락,1.228698e-05,0
남해,마르멜로(퀸스),0.9999583,1
남해,산수유가공용 무화과,8.302783e-05,0
남해,카람볼라 바이올렛,1.228698e-05,0
남해,플룸코트,0.017991614,0
남해,핑거라임,1.5845193e-05,0
남해,부다스핸드,1.2173215e-05,0
남해,오크라,1.1611594e-05,0
남해,공심채,1.1546565e-05,0
남해,여주,1.1439655e-05,0
남해,차요테,1.4128908e-05,0
남해,아티초크,0.0020287992,0
남해,카사바,1.2173215e-05,0
남해,얌(대마),1.228698e-05,0
남해,타로,1.228698e-05,0
남해,자색마,1.228698e-05,0
남해,아라카차,1.9436506e-05,0
남해,제이콘(야콘),2.023569e-05,0
남해,줄기상추(궁채),0.105610095,0
남해,골든비트,0.99545985,1
남해,로마네스코,0.0042211344,0
남해,아스파라거스 콩,1.2173215e-05,0
남해,윙드빈(사각콩),1.228698e-05,0
남해,워터체스트넛,1.1720109e-05,0
남해,고수,0.1090508,0
남해,레몬그라스,1.228698e-05,0
남해,갈랑갈,1.228698e-05,0
남해,타이바질,1.1439655e-05,0
남해,커리잎,1.228698e-05,0
남해,몰로키아,1.1546565e-05,0
남해,아이스플랜트,2.8938828e-05,0
남해,핑거루트,1.228698e-05,0
남해,강황,1.228698e-05,0
남해,차조기(자소엽),1.9016294e-05,0
남해,파카야,1.1546565e-05,0
남해,스네이크고드,1.1546565e-05,0
남해,비터토마토,1.2173215e-05,0
남해,퀴노아,0.9999478,1
남해,아마란스,2.1131214e-05,0
남해,테프,1.5622676e-05,0
남해,카카오,1.1546565e-05,0
남해,커피나무,1.4128908e-05,0
남해,바닐라,1.228698e-05,0
남해,블랙페퍼(후추),1.228698e-05,0
남해,육두구,1.228698e-05,0
남해,정향,1.1546565e-05,0
남해,육계(계피),1.228698e-05,0
남해,사프란,0.9999794,1
남해,카다멈,1.228698e-05,0
남해,올스파이스,1.1546565e-05,0
남해,과라나,1.228698e-05,0
남해,마카,0.005503634,0
남해,사차인치,1.228698e-05,0
남해,브라질넛,1.228698e-05,0
남해,캐슈넛,1.2173215e-05,0
남해,마카다미아,1.5845193e-05,0
남해,사탕수수,1.1720109e-05,0
남해,스테비아,3.57566e-05,0
남해,모링가,1.5622676e-05,0
남해,아사이베리,1.228698e-05,0
남해,마키베리,0.99994946,1
남해,카무카무,1.228698e-05,0
남해,인디안구스베리(암라),1.1611594e-05,0
남해,고투콜라(병풀),1.1546565e-05,0
남해,홀리바질,1.1439655e-05,0
남해,버터플라이피,1.228698e-05,0
남해,히비스커스(로젤),1.2173215e-05,0
남해,카바카바,1.228698e-05,0
남해,크라통,1.228698e-05,0
남해,판단,1.228698e-05,0
남해,피멘토,1.1439655e-05,0
남해,하바네로,1.1439655e-05,0
남해,캐롤라이나 리퍼,1.1439655e-05,0
남해,차요테 덩굴 싹,1.4128908e-05,0
남해,스피룰리나,1.2377536e-05,0
남해,기네아생강,1.228698e-05,0
남해,타마린드,1.1611594e-05,0
대관령,애플망고,1.4595471e-05,0
대관령,파파야,1.4795553e-05,0
대관령,용과,1.8656763e-05,0
대관령,패션후르츠(백향과),1.528142e-05,0
대관령,아보카도,1.4795553e-05,0
대관령,구아바,1.46585635e-05,0
대관령,리치,1.542423e-05,0
대관령,람부탄,1.542423e-05,0
대관령,망고스틴,1.542423e-05,0
대관령,두리안,1.47318715e-05,0
대관령,스타후르츠,1.542423e-05,0
대관령,잭후르츠,1.47318715e-05,0
대관령,사포딜라,1.4595471e-05,0
대관령,롱간(용안),1.542423e-05,0
대관령,체리모야,1.7500673e-05,0
대관령,아세로라,1.542423e-05,0
대관령,아키,1.4795553e-05,0
대관령,페이조아,1.8794284e-05,0
대관령,자부티카바,1.542423e-05,0
대관령,피타야(노란용과),1.8656763e-05,0
대관령,노니,1.4795553e-05,0
대관령,블랙사포테,1.46585635e-05,0
대관령,화이트사포테,1.8656763e-05,0
대관령,살락,1.542423e-05,0
대관령,마르멜로(퀸스),0.00017951222,0
대관령,산수유가공용 무화과,1.46585635e-05,0
대관령,카람볼라 바이올렛,1.542423e-05,0
대관령,플룸코트,9.1410366e-05,0
대관령,핑거라임,1.528142e-05,0
대관령,부다스핸드,1.528142e-05,0
대관령,오크라,1.4595471e-05,0
대관령,공심채,1.4795553e-05,0
대관령,여주,1.46585635e-05,0
대관령,차요테,1.7764061e-05,0
대관령,아티초크,1.9192781e-05,0
대관령,카사바,1.528142e-05,0
대관령,얌(대마),1.542423e-05,0
대관령,타로,1.542423e-05,0
대관령,자색마,1.542423e-05,0
대관령,아라카차,1.753527e-05,0
대관령,제이콘(야콘),1.7599586e-05,0
대관령,줄기상추(궁채),1.990391e-05,0
대관령,골든비트,2.0633042e-05,0
대관령,로마네스코,1.660032e-05,0
대관령,아스파라거스 콩,1.528142e-05,0
대관령,윙드빈(사각콩),1.542423e-05,0
대관령,워터체스트넛,1.47318715e-05,0
대관령,고수,2.5332794e-05,0
대관령,레몬그라스,1.542423e-05,0
대관령,갈랑갈,1.542423e-05,0
대관령,타이바질,1.46585635e-05,0
대관령,커리잎,1.542423e-05,0
대관령,몰로키아,1.4795553e-05,0
대관령,아이스플랜트,2.2274076e-05,0
대관령,핑거루트,1.542423e-05,0
대관령,강황,1.542423e-05,0
대관령,차조기(자소엽),1.6882246e-05,0
대관령,파카야,1.4795553e-05,0
대관령,스네이크고드,1.4795553e-05,0
대관령,비터토마토,1.528142e-05,0
대관령,퀴노아,3.5759087e-05,0
대관령,아마란스,1.8576462e-05,0
대관령,테프,1.8656763e-05,0
대관령,카카오,1.4795553e-05,0
대관령,커피나무,1.7764061e-05,0
대관령,바닐라,1.542423e-05,0
대관령,블랙페퍼(후추),1.542423e-05,0
대관령,육두구,1.542423e-05,0
대관령,정향,1.4795553e-05,0
대관령,육계(계피),1.542423e-05,0
대관령,사프란,5.87807e-05,0
대관령,카다멈,1.542423e-05,0
대관령,올스파이스,1.4795553e-05,0
대관령,과라나,1.542423e-05,0
대관령,마카,0.00030870546,0
대관령,사차인치,1.542423e-05,0
대관령,브라질넛,1.542423e-05,0
대관령,캐슈넛,1.528142e-05,0
대관령,마카다미아,1.528142e-05,0
대관령,사탕수수,1.47318715e-05,0
대관령,스테비아,1.46585635e-05,0
대관령,모링가,1.8656763e-05,0
대관령,아사이베리,1.542423e-05,0
대관령,마키베리,2.6361236e-05,0
대관령,카무카무,1.542423e-05,0
대관령,인디안구스베리(암라),1.4595471e-05,0
대관령,고투콜라(병풀),1.4795553e-05,0
대관령,홀리바질,1.46585635e-05,0
대관령,버터플라이피,1.542423e-05,0
대관령,히비스커스(로젤),1.528142e-05,0
대관령,카바카바,1.542423e-05,0
대관령,크라통,1.542423e-05,0
대관령,판단,1.542423e-05,0
대관령,피멘토,1.46585635e-05,0
대관령,하바네로,1.46585635e-05,0
대관령,캐롤라이나 리퍼,1.46585635e-05,0
대관령,차요테 덩굴 싹,1.7764061e-05,0
대관령,스피룰리나,1.5558253e-05,0
대관령,기네아생강,1.542423e-05,0
대관령,타마린드,1.4595471e-05,0
대구,애플망고,6.0112807e-06,0
대구,파파야,5.8024016e-06,0
대구,용과,7.882727e-06,0
대구,패션후르츠(백향과),6.28468e-06,0
대구,아보카도,5.8024016e-06,0
대구,구아바,5.9059626e-06,0
대구,리치,6.1744786e-06,0
대구,람부탄,6.1744786e-06,0
대구,망고스틴,6.1744786e-06,0
대구,두리안,5.905873e-06,0
대구,스타후르츠,6.1744786e-06,0
대구,잭후르츠,5.905873e-06,0
대구,사포딜라,6.0112807e-06,0
대구,롱간(용안),6.1744786e-06,0
대구,체리모야,6.0686043e-06,0
대구,아세로라,6.1744786e-06,0
대구,아키,5.8024016e-06,0
대구,페이조아,4.1819592e-05,0
대구,자부티카바,6.386955e-06,0
대구,피타야(노란용과),7.882727e-06,0
대구,노니,5.8024016e-06,0
대구,블랙사포테,5.9059626e-06,0
대구,화이트사포테,8.153988e-06,0
대구,살락,6.1744786e-06,0
대구,마르멜로(퀸스),0.999511,1
대구,산수유가공용 무화과,1.0025608e-05,0
대구,카람볼라 바이올렛,6.1744786e-06,0
대구,플룸코트,0.00066106464,0
대구,핑거라임,6.28468e-06,0
대구,부다스핸드,6.28468e-06,0
대구,오크라,6.0112807e-06,0
대구,공심채,5.8024016e-06,0
대구,여주,5.9059626e-06,0
대구,차요테,6.6693588e-06,0
대구,아티초크,4.3734286e-05,0
대구,카사바,6.28468e-06,0
대구,얌(대마),6.1744786e-06,0
대구,타로,6.1744786e-06,0
대구,자색마,6.1744786e-06,0
대구,아라카차,7.272475e-06,0
대구,제이콘(야콘),6.788393e-06,0
대구,줄기상추(궁채),4.764642e-05,0
대구,골든비트,9.909261e-05,0
대구,로마네스코,2.5347996e-05,0
대구,아스파라거스 콩,6.28468e-06,0
대구,윙드빈(사각콩),6.1744786e-06,0
대구,워터체스트넛,5.905873e-06,0
대구,고수,4.896791e-05,0
대구,레몬그라스,6.1744786e-06,0
대구,갈랑갈,6.1744786e-06,0
대구,타이바질,5.9059626e-06,0
대구,커리잎,6.1744786e-06,0
대구,몰로키아,5.8024016e-06,0
대구,아이스플랜트,8.462275e-06,0
대구,핑거루트,6.1744786e-06,0
대구,강황,6.1744786e-06,0
대구,차조기(자소엽),6.3793213e-06,0
대구,파카야,5.8024016e-06,0
대구,스네이크고드,5.8024016e-06,0
대구,비터토마토,6.28468e-06,0
대구,퀴노아,0.9975515,1
대구,아마란스,8.023295e-06,0
대구,테프,7.882727e-06,0
대구,카카오,5.8024016e-06,0
대구,커피나무,6.6693588e-06,0
대구,바닐라,6.1744786e-06,0
대구,블랙페퍼(후추),6.1744786e-06,0
대구,육두구,6.1744786e-06,0
대구,정향,5.8024016e-06,0
대구,육계(계피),6.1744786e-06,0
대구,사프란,0.9999131,1
대구,카다멈,6.1744786e-06,0
대구,올스파이스,5.8024016e-06,0
대구,과라나,6.1744786e-06,0
대구,마카,0.046938717,0
대구,사차인치,6.1744786e-06,0
대구,브라질넛,6.1744786e-06,0
대구,캐슈넛,6.28468e-06,0
대구,마카다미아,6.28468e-06,0
대구,사탕수수,5.905873e-06,0
대구,스테비아,6.1091996e-06,0
대구,모링가,7.882727e-06,0
대구,아사이베리,6.1744786e-06,0
대구,마키베리,0.9995189,1
대구,카무카무,6.1744786e-06,0
대구,인디안구스베리(암라),6.0112807e-06,0
대구,고투콜라(병풀),5.8024016e-06,0
대구,홀리바질,5.9059626e-06,0
대구,버터플라이피,6.1744786e-06,0
대구,히비스커스(로젤),6.28468e-06,0
대구,카바카바,6.1744786e-06,0
대구,크라통,6.1744786e-06,0
대구,판단,6.1744786e-06,0
대구,피멘토,5.9059626e-06,0
대구,하바네로,5.9059626e-06,0
대구,캐롤라이나 리퍼,5.9059626e-06,0
대구,차요테 덩굴 싹,6.6693588e-06,0
대구,스피룰리나,6.2371582e-06,0
대구,기네아생강,6.1744786e-06,0
대구,타마린드,6.0112807e-06,0
대전,애플망고,7.0824917e-06,0
대전,파파야,6.977677e-06,0
대전,용과,9.214274e-06,0
대전,패션후르츠(백향과),7.4153522e-06,0
대전,아보카도,6.977677e-06,0
대전,구아바,7.1131076e-06,0
대전,리치,7.2741673e-06,0
대전,람부탄,7.2741673e-06,0
대전,망고스틴,7.2741673e-06,0
대전,두리안,6.9476446e-06,0
대전,스타후르츠,7.2741673e-06,0
대전,잭후르츠,6.9476446e-06,0
대전,사포딜라,7.0824917e-06,0
대전,롱간(용안),7.2741673e-06,0
대전,체리모야,8.584706e-06,0
대전,아세로라,7.2741673e-06,0
대전,아키,6.977677e-06,0
대전,페이조아,3.3485863e-05,0
대전,자부티카바,7.2741673e-06,0
대전,피타야(노란용과),9.214274e-06,0
대전,노니,6.977677e-06,0
대전,블랙사포테,7.1131076e-06,0
대전,화이트사포테,9.214274e-06,0
대전,살락,7.2741673e-06,0
대전,마르멜로(퀸스),0.0015351,0
대전,산수유가공용 무화과,9.140406e-06,0
대전,카람볼라 바이올렛,7.2741673e-06,0
대전,플룸코트,0.0007750575,0
대전,핑거라임,7.4153522e-06,0
대전,부다스핸드,7.4153522e-06,0
대전,오크라,7.0824917e-06,0
대전,공심채,6.977677e-06,0
대전,여주,7.1131076e-06,0
대전,차요테,8.468855e-06,0
대전,아티초크,1.2676763e-05,0
대전,카사바,7.4153522e-06,0
대전,얌(대마),7.2741673e-06,0
대전,타로,7.2741673e-06,0
대전,자색마,7.2741673e-06,0
대전,아라카차,8.601678e-06,0
대전,제이콘(야콘),8.6332275e-06,0
대전,줄기상추(궁채),1.1971672e-05,0
대전,골든비트,1.713582e-05,0
대전,로마네스코,6.3975504e-06,0
대전,아스파라거스 콩,7.4153522e-06,0
대전,윙드빈(사각콩),7.2741673e-06,0
대전,워터체스트넛,6.9476446e-06,0
대전,고수,1.499991e-05,0
대전,레몬그라스,7.2741673e-06,0
대전,갈랑갈,7.2741673e-06,0
대전,타이바질,7.1131076e-06,0
대전,커리잎,7.2741673e-06,0
대전,몰로키아,6.977677e-06,0
대전,아이스플랜트,1.1120568e-05,0
대전,핑거루트,7.2741673e-06,0
대전,강황,7.2741673e-06,0
대전,차조기(자소엽),8.281344e-06,0
대전,파카야,6.977677e-06,0
대전,스네이크고드,6.977677e-06,0
대전,비터토마토,7.4153522e-06,0
대전,퀴노아,0.0044753617,0
대전,아마란스,9.174614e-06,0
대전,테프,9.214274e-06,0
대전,카카오,6.977677e-06,0
대전,커피나무,8.468855e-06,0
대전,바닐라,7.2741673e-06,0
대전,블랙페퍼(후추),7.2741673e-06,0
대전,육두구,7.2741673e-06,0
대전,정향,6.977677e-06,0
대전,육계(계피),7.2741673e-06,0
대전,사프란,0.99997616,1
대전,카다멈,7.2741673e-06,0
대전,올스파이스,6.977677e-06,0
대전,과라나,7.2741673e-06,0
대전,마카,0.9998368,1
대전,사차인치,7.2741673e-06,0
대전,브라질넛,7.2741673e-06,0
대전,캐슈넛,7.4153522e-06,0
대전,마카다미아,7.4153522e-06,0
대전,사탕수수,6.9476446e-06,0
대전,스테비아,7.1131076e-06,0
대전,모링가,9.214274e-06,0
대전,아사이베리,7.2741673e-06,0
대전,마키베리,0.001181923,0
대전,카무카무,7.2741673e-06,0
대전,인디안구스베리(암라),7.0824917e-06,0
대전,고투콜라(병풀),6.977677e-06,0
대전,홀리바질,7.1131076e-06,0
대전,버터플라이피,7.2741673e-06,0
대전,히비스커스(로젤),7.4153522e-06,0
대전,카바카바,7.2741673e-06,0
대전,크라통,7.2741673e-06,0
대전,판단,7.2741673e-06,0
대전,피멘토,7.1131076e-06,0
대전,하바네로,7.1131076e-06,0
대전,캐롤라이나 리퍼,7.1131076e-06,0
대전,차요테 덩굴 싹,8.468855e-06,0
대전,스피룰리나,7.337367e-06,0
대전,기네아생강,7.2741673e-06,0
대전,타마린드,7.0824917e-06,0
동두천,애플망고,7.936169e-06,0
동두천,파파야,8.044963e-06,0
동두천,용과,1.0158065e-05,0
동두천,패션후르츠(백향과),8.30915e-06,0
동두천,아보카도,8.044963e-06,0
동두천,구아바,7.970475e-06,0
동두천,리치,8.386803e-06,0
동두천,람부탄,8.386803e-06,0
동두천,망고스틴,8.386803e-06,0
동두천,두리안,8.010336e-06,0
동두천,스타후르츠,8.386803e-06,0
동두천,잭후르츠,8.010336e-06,0
동두천,사포딜라,7.936169e-06,0
동두천,롱간(용안),8.386803e-06,0
동두천,체리모야,9.500764e-06,0
동두천,아세로라,8.386803e-06,0
동두천,아키,8.044963e-06,0
동두천,페이조아,1.7330205e-05,0
동두천,자부티카바,8.386803e-06,0
동두천,피타야(노란용과),1.0158065e-05,0
동두천,노니,8.044963e-06,0
동두천,블랙사포테,7.970475e-06,0
동두천,화이트사포테,1.0158065e-05,0
동두천,살락,8.386803e-06,0
동두천,마르멜로(퀸스),0.000489247,0
동두천,산수유가공용 무화과,7.970475e-06,0
동두천,카람볼라 바이올렛,8.386803e-06,0
동두천,플룸코트,0.0002961341,0
동두천,핑거라임,8.30915e-06,0
동두천,부다스핸드,8.30915e-06,0
동두천,오크라,7.936169e-06,0
동두천,공심채,8.044963e-06,0
동두천,여주,7.970475e-06,0
동두천,차요테,9.479478e-06,0
동두천,아티초크,1.0729192e-05,0
동두천,카사바,8.30915e-06,0
동두천,얌(대마),8.386803e-06,0
동두천,타로,8.386803e-06,0
동두천,자색마,8.386803e-06,0
동두천,아라카차,9.357386e-06,0
동두천,제이콘(야콘),9.391707e-06,0
동두천,줄기상추(궁채),1.1052639e-05,0
동두천,골든비트,1.1656073e-05,0
동두천,로마네스코,8.858462e-06,0
동두천,아스파라거스 콩,8.30915e-06,0
동두천,윙드빈(사각콩),8.386803e-06,0
동두천,워터체스트넛,8.010336e-06,0
동두천,고수,1.4086151e-05,0
동두천,레몬그라스,8.386803e-06,0
동두천,갈랑갈,8.386803e-06,0
동두천,타이바질,7.970475e-06,0
동두천,커리잎,8.386803e-06,0
동두천,몰로키아,8.044963e-06,0
동두천,아이스플랜트,1.2108354e-05,0
동두천,핑거루트,8.386803e-06,0
동두천,강황,8.386803e-06,0
동두천,차조기(자소엽),9.008908e-06,0
동두천,파카야,8.044963e-06,0
동두천,스네이크고드,8.044963e-06,0
동두천,비터토마토,8.30915e-06,0
동두천,퀴노아,1.7989558e-05,0
동두천,아마란스,1.0114343e-05,0
동두천,테프,1.0158065e-05,0
동두천,카카오,8.044963e-06,0
동두천,커피나무,9.479478e-06,0
동두천,바닐라,8.386803e-06,0
동두천,블랙페퍼(후추),8.386803e-06,0
동두천,육두구,8.386803e-06,0
동두천,정향,8.044963e-06,0
동두천,육계(계피),8.386803e-06,0
동두천,사프란,0.0011203693,0
동두천,카다멈,8.386803e-06,0
동두천,올스파이스,8.044963e-06,0
동두천,과라나,8.386803e-06,0
동두천,마카,0.9999422,1
동두천,사차인치,8.386803e-06,0
동두천,브라질넛,8.386803e-06,0
동두천,캐슈넛,8.30915e-06,0
동두천,마카다미아,8.30915e-06,0
동두천,사탕수수,8.010336e-06,0
동두천,스테비아,7.970475e-06,0
동두천,모링가,1.0158065e-05,0
동두천,아사이베리,8.386803e-06,0
동두천,마키베리,1.4630324e-05,0
동두천,카무카무,8.386803e-06,0
동두천,인디안구스베리(암라),7.936169e-06,0
동두천,고투콜라(병풀),8.044963e-06,0
동두천,홀리바질,7.970475e-06,0
동두천,버터플라이피,8.386803e-06,0
동두천,히비스커스(로젤),8.30915e-06,0
동두천,카바카바,8.386803e-06,0
동두천,크라통,8.386803e-06,0
동두천,판단,8.386803e-06,0
동두천,피멘토,7.970475e-06,0
동두천,하바네로,7.970475e-06,0
동두천,캐롤라이나 리퍼,7.970475e-06,0
동두천,차요테 덩굴 싹,9.479478e-06,0
동두천,스피룰리나,8.4596695e-06,0
동두천,기네아생강,8.386803e-06,0
동두천,타마린드,7.936169e-06,0
동해,애플망고,6.493582e-06,0
동해,파파야,6.2031563e-06,0
동해,용과,9.5253135e-06,0
동해,패션후르츠(백향과),8.244496e-06,0
동해,아보카도,6.2031563e-06,0
동해,구아바,6.145722e-06,0
동해,리치,6.4667365e-06,0
동해,람부탄,6.4667365e-06,0
동해,망고스틴,6.4667365e-06,0
동해,두리안,6.5542677e-06,0
동해,스타후르츠,6.4667365e-06,0
동해,잭후르츠,6.5542677e-06,0
동해,사포딜라,6.493582e-06,0
동해,롱간(용안),8.243537e-06,0
동해,체리모야,9.758854e-06,0
동해,아세로라,6.4667365e-06,0
동해,아키,6.2031563e-06,0
동해,페이조아,4.640168e-05,0
동해,자부티카바,9.993288e-06,0
동해,피타야(노란용과),9.5253135e-06,0
동해,노니,6.2031563e-06,0
동해,블랙사포테,6.145722e-06,0
동해,화이트사포테,1.7316295e-05,0
동해,살락,6.4667365e-06,0
동해,마르멜로(퀸스),0.002105612,0
동해,산수유가공용 무화과,1.4862416e-05,0
동해,카람볼라 바이올렛,6.4667365e-06,0
동해,플룸코트,0.0011394575,0
동해,핑거라임,8.244496e-06,0
동해,부다스핸드,6.4068613e-06,0
동해,오크라,6.493582e-06,0
동해,공심채,6.2031563e-06,0
동해,여주,6.145722e-06,0
동해,차요테,7.128781e-06,0
동해,아티초크,2.6332595e-05,0
동해,카사바,6.4068613e-06,0
동해,얌(대마),6.4667365e-06,0
동해,타로,6.4667365e-06,0
동해,자색마,6.4667365e-06,0
동해,아라카차,8.370255e-06,0
동해,제이콘(야콘),9.2483e-06,0
동해,줄기상추(궁채),3.954484e-05,0
동해,골든비트,0.00017999024,0
동해,로마네스코,1.7268636e-05,0
동해,아스파라거스 콩,6.4068613e-06,0
동해,윙드빈(사각콩),6.4667365e-06,0
동해,워터체스트넛,6.5542677e-06,0
동해,고수,6.0609484e-05,0
동해,레몬그라스,6.4667365e-06,0
동해,갈랑갈,6.4667365e-06,0
동해,타이바질,6.145722e-06,0
동해,커리잎,6.4667365e-06,0
동해,몰로키아,6.2031563e-06,0
동해,아이스플랜트,1.56747e-05,0
동해,핑거루트,6.4667365e-06,0
동해,강황,6.4667365e-06,0
동해,차조기(자소엽),8.871346e-06,0
동해,파카야,6.2031563e-06,0
동해,스네이크고드,6.2031563e-06,0
동해,비터토마토,6.4068613e-06,0
동해,퀴노아,0.99122787,1
동해,아마란스,1.2674055e-05,0
동해,테프,9.5253135e-06,0
동해,카카오,6.2031563e-06,0
동해,커피나무,7.128781e-06,0
동해,바닐라,6.4667365e-06,0
동해,블랙페퍼(후추),6.4667365e-06,0
동해,육두구,6.4667365e-06,0
동해,정향,6.2031563e-06,0
동해,육계(계피),6.4667365e-06,0
동해,사프란,0.999967,1
동해,카다멈,6.4667365e-06,0
동해,올스파이스,6.2031563e-06,0
동해,과라나,6.4667365e-06,0
동해,마카,0.99981016,1
동해,사차인치,6.4667365e-06,0
동해,브라질넛,6.4667365e-06,0
동해,캐슈넛,6.4068613e-06,0
동해,마카다미아,8.244496e-06,0
동해,사탕수수,6.5542677e-06,0
동해,스테비아,9.895984e-06,0
동해,모링가,9.5253135e-06,0
동해,아사이베리,6.4667365e-06,0
동해,마키베리,0.10925725,0
동해,카무카무,6.4667365e-06,0
동해,인디안구스베리(암라),6.493582e-06,0
동해,고투콜라(병풀),6.2031563e-06,0
동해,홀리바질,6.145722e-06,0
동해,버터플라이피,6.4667365e-06,0
동해,히비스커스(로젤),6.4068613e-06,0
동해,카바카바,6.4667365e-06,0
동해,크라통,6.4667365e-06,0
동해,판단,6.4667365e-06,0
동해,피멘토,6.145722e-06,0
동해,하바네로,6.145722e-06,0
동해,캐롤라이나 리퍼,6.145722e-06,0
동해,차요테 덩굴 싹,7.128781e-06,0
동해,스피룰리나,6.921925e-06,0
동해,기네아생강,6.4667365e-06,0
동해,타마린드,6.493582e-06,0
목포,애플망고,7.0930296e-06,0
목포,파파야,6.7757937e-06,0
목포,용과,1.0019721e-05,0
목포,패션후르츠(백향과),1.3345761e-05,0
목포,아보카도,8.796595e-06,0
목포,구아바,6.713057e-06,0
목포,리치,9.36067e-06,0
목포,람부탄,7.210288e-06,0
목포,망고스틴,7.210288e-06,0
목포,두리안,7.159317e-06,0
목포,스타후르츠,7.210288e-06,0
목포,잭후르츠,7.159317e-06,0
목포,사포딜라,7.0930296e-06,0
목포,롱간(용안),1.2930053e-05,0
목포,체리모야,1.5363863e-05,0
목포,아세로라,7.210288e-06,0
목포,아키,6.7757937e-06,0
목포,페이조아,0.0001258999,0
목포,자부티카바,1.371939e-05,0
목포,피타야(노란용과),1.0019721e-05,0
목포,노니,6.7757937e-06,0
목포,블랙사포테,6.713057e-06,0
목포,화이트사포테,2.1142201e-05,0
목포,살락,7.210288e-06,0
목포,마르멜로(퀸스),0.999853,1
목포,산수유가공용 무화과,2.5916272e-05,0
목포,카람볼라 바이올렛,7.210288e-06,0
목포,플룸코트,0.0034864745,0
목포,핑거라임,1.3345761e-05,0
목포,부다스핸드,7.1435284e-06,0
목포,오크라,7.0930296e-06,0
목포,공심채,6.7757937e-06,0
목포,여주,6.713057e-06,0
목포,차요테,7.365923e-06,0
목포,아티초크,0.00013979354,0
목포,카사바,7.1435284e-06,0
목포,얌(대마),7.210288e-06,0
목포,타로,7.210288e-06,0
목포,자색마,7.210288e-06,0
목포,아라카차,8.436434e-06,0
목포,제이콘(야콘),1.5209669e-05,0
목포,줄기상추(궁채),0.0010988001,0
목포,골든비트,0.18996154,0
목포,로마네스코,0.00020742611,0
목포,아스파라거스 콩,7.1435284e-06,0
목포,윙드빈(사각콩),7.210288e-06,0
목포,워터체스트넛,7.159317e-06,0
목포,고수,0.0013920147,0
목포,레몬그라스,7.210288e-06,0
목포,갈랑갈,7.210288e-06,0
목포,타이바질,6.713057e-06,0
목포,커리잎,7.210288e-06,0
목포,몰로키아,6.7757937e-06,0
목포,아이스플랜트,2.570013e-05,0
목포,핑거루트,7.210288e-06,0
목포,강황,7.210288e-06,0
목포,차조기(자소엽),1.4293135e-05,0
목포,파카야,6.7757937e-06,0
목포,스네이크고드,6.7757937e-06,0
목포,비터토마토,7.1435284e-06,0
목포,퀴노아,0.9996488,1
목포,아마란스,2.0931953e-05,0
목포,테프,1.0019721e-05,0
목포,카카오,6.7757937e-06,0
목포,커피나무,7.365923e-06,0
목포,바닐라,7.210288e-06,0
목포,블랙페퍼(후추),7.210288e-06,0
목포,육두구,7.210288e-06,0
목포,정향,6.7757937e-06,0
목포,육계(계피),7.210288e-06,0
목포,사프란,0.99996364,1
목포,카다멈,7.210288e-06,0
목포,올스파이스,6.7757937e-06,0
목포,과라나,7.210288e-06,0
목포,마카,0.9961597,1
목포,사차인치,7.210288e-06,0
목포,브라질넛,7.210288e-06,0
목포,캐슈넛,7.1435284e-06,0
목포,마카다미아,1.3345761e-05,0
목포,사탕수수,7.159317e-06,0
목포,스테비아,1.3307163e-05,0
목포,모링가,1.0019721e-05,0
목포,아사이베리,7.210288e-06,0
목포,마키베리,0.9997398,1
목포,카무카무,7.210288e-06,0
목포,인디안구스베리(암라),7.0930296e-06,0
목포,고투콜라(병풀),6.7757937e-06,0
목포,홀리바질,6.713057e-06,0
목포,버터플라이피,7.210288e-06,0
목포,히비스커스(로젤),7.1435284e-06,0
목포,카바카바,7.210288e-06,0
목포,크라통,7.210288e-06,0
목포,판단,7.210288e-06,0
목포,피멘토,6.713057e-06,0
목포,하바네로,6.713057e-06,0
목포,캐롤라이나 리퍼,6.713057e-06,0
목포,차요테 덩굴 싹,7.365923e-06,0
목포,스피룰리나,7.560913e-06,0
목포,기네아생강,7.210288e-06,0
목포,타마린드,7.0930296e-06,0
문경,애플망고,8.051418e-06,0
문경,파파야,8.161792e-06,0
문경,용과,1.0532022e-05,0
문경,패션후르츠(백향과),8.429815e-06,0
문경,아보카도,8.161792e-06,0
문경,구아바,8.086222e-06,0
문경,리치,8.508596e-06,0
문경,람부탄,8.508596e-06,0
문경,망고스틴,8.508596e-06,0
문경,두리안,8.126663e-06,0
문경,스타후르츠,8.508596e-06,0
문경,잭후르츠,8.126663e-06,0
문경,사포딜라,8.051418e-06,0
문경,롱간(용안),8.508596e-06,0
문경,체리모야,9.759142e-06,0
문경,아세로라,8.508596e-06,0
문경,아키,8.161792e-06,0
문경,페이조아,2.7671576e-05,0
문경,자부티카바,8.508596e-06,0
문경,피타야(노란용과),1.0532022e-05,0
문경,노니,8.161792e-06,0
문경,블랙사포테,8.086222e-06,0
문경,화이트사포테,1.0532022e-05,0
문경,살락,8.508596e-06,0
문경,마르멜로(퀸스),0.0012705621,0
문경,산수유가공용 무화과,8.086222e-06,0
문경,카람볼라 바이올렛,8.508596e-06,0
문경,플룸코트,0.000618256,0
문경,핑거라임,8.429815e-06,0
문경,부다스핸드,8.429815e-06,0
문경,오크라,8.051418e-06,0
문경,공심채,8.161792e-06,0
문경,여주,8.086222e-06,0
문경,차요테,9.906021e-06,0
문경,아티초크,1.1006903e-05,0
문경,카사바,8.429815e-06,0
문경,얌(대마),8.508596e-06,0
문경,타로,8.508596e-06,0
문경,자색마,8.508596e-06,0
문경,아라카차,9.778436e-06,0
문경,제이콘(야콘),9.814302e-06,0
문경,줄기상추(궁채),1.1278607e-05,0
문경,골든비트,1.16917645e-05,0
문경,로마네스코,9.432638e-06,0
문경,아스파라거스 콩,8.429815e-06,0
문경,윙드빈(사각콩),8.508596e-06,0
문경,워터체스트넛,8.126663e-06,0
문경,고수,1.468998e-05,0
문경,레몬그라스,8.508596e-06,0
문경,갈랑갈,8.508596e-06,0
문경,타이바질,8.086222e-06,0
문경,커리잎,8.508596e-06,0
문경,몰로키아,8.161792e-06,0
문경,아이스플랜트,1.2710937e-05,0
문경,핑거루트,8.508596e-06,0
문경,강황,8.508596e-06,0
문경,차조기(자소엽),9.414278e-06,0
문경,파카야,8.161792e-06,0
문경,스네이크고드,8.161792e-06,0
문경,비터토마토,8.429815e-06,0
문경,퀴노아,4.7661415e-05,0
문경,아마란스,1.0486691e-05,0
문경,테프,1.0532022e-05,0
문경,카카오,8.161792e-06,0
문경,커피나무,9.906021e-06,0
문경,바닐라,8.508596e-06,0
문경,블랙페퍼(후추),8.508596e-06,0
문경,육두구,8.508596e-06,0
문경,정향,8.161792e-06,0
문경,육계(계피),8.508596e-06,0
문경,사프란,0.9999099,1
문경,카다멈,8.508596e-06,0
문경,올스파이스,8.161792e-06,0
문경,과라나,8.508596e-06,0
문경,마카,0.99996233,1
문경,사차인치,8.508596e-06,0
문경,브라질넛,8.508596e-06,0
문경,캐슈넛,8.429815e-06,0
문경,마카다미아,8.429815e-06,0
문경,사탕수수,8.126663e-06,0
문경,스테비아,8.086222e-06,0
문경,모링가,1.0532022e-05,0
문경,아사이베리,8.508596e-06,0
문경,마키베리,0.00012775857,0
문경,카무카무,8.508596e-06,0
문경,인디안구스베리(암라),8.051418e-06,0
문경,고투콜라(병풀),8.161792e-06,0
문경,홀리바질,8.086222e-06,0
문경,버터플라이피,8.508596e-06,0
문경,히비스커스(로젤),8.429815e-06,0
문경,카바카바,8.508596e-06,0
문경,크라통,8.508596e-06,0
문경,판단,8.508596e-06,0
문경,피멘토,8.086222e-06,0
문경,하바네로,8.086222e-06,0
문경,캐롤라이나 리퍼,8.086222e-06,0
문경,차요테 덩굴 싹,9.906021e-06,0
문경,스피룰리나,8.58252e-06,0
문경,기네아생강,8.508596e-06,0
문경,타마린드,8.051418e-06,0
밀양,애플망고,5.855768e-06,0
밀양,파파야,5.888203e-06,0
밀양,용과,7.6841925e-06,0
밀양,패션후르츠(백향과),6.377613e-06,0
밀양,아보카도,5.888203e-06,0
밀양,구아바,5.993295e-06,0
밀양,리치,6.2657814e-06,0
밀양,람부탄,6.2657814e-06,0
밀양,망고스틴,6.2657814e-06,0
밀양,두리안,5.7530865e-06,0
밀양,스타후르츠,6.2657814e-06,0
밀양,잭후르츠,5.7530865e-06,0
밀양,사포딜라,5.855768e-06,0
밀양,롱간(용안),6.2657814e-06,0
밀양,체리모야,5.9116087e-06,0
밀양,아세로라,6.2657814e-06,0
밀양,아키,5.888203e-06,0
밀양,페이조아,2.5316998e-05,0
밀양,자부티카바,6.2657814e-06,0
밀양,피타야(노란용과),7.6841925e-06,0
밀양,노니,5.888203e-06,0
밀양,블랙사포테,5.993295e-06,0
밀양,화이트사포테,7.6841925e-06,0
밀양,살락,6.2657814e-06,0
밀양,마르멜로(퀸스),0.99920636,1
밀양,산수유가공용 무화과,9.656141e-06,0
밀양,카람볼라 바이올렛,6.2657814e-06,0
밀양,플룸코트,0.0010636228,0
밀양,핑거라임,6.377613e-06,0
밀양,부다스핸드,6.377613e-06,0
밀양,오크라,5.855768e-06,0
밀양,공심채,5.888203e-06,0
밀양,여주,5.993295e-06,0
밀양,차요테,6.767979e-06,0
밀양,아티초크,1.3994913e-05,0
밀양,카사바,6.377613e-06,0
밀양,얌(대마),6.2657814e-06,0
밀양,타로,6.2657814e-06,0
밀양,자색마,6.2657814e-06,0
밀양,아라카차,8.011941e-06,0
밀양,제이콘(야콘),6.8887734e-06,0
밀양,줄기상추(궁채),4.3482894e-05,0
밀양,골든비트,5.68399e-05,0
밀양,로마네스코,1.6208822e-05,0
밀양,아스파라거스 콩,6.377613e-06,0
밀양,윙드빈(사각콩),6.2657814e-06,0
밀양,워터체스트넛,5.7530865e-06,0
밀양,고수,4.292865e-05,0
밀양,레몬그라스,6.2657814e-06,0
밀양,갈랑갈,6.2657814e-06,0
밀양,타이바질,5.993295e-06,0
밀양,커리잎,6.2657814e-06,0
밀양,몰로키아,5.888203e-06,0
밀양,아이스플랜트,7.918645e-06,0
밀양,핑거루트,6.2657814e-06,0
밀양,강황,6.2657814e-06,0
밀양,차조기(자소엽),6.4736532e-06,0
밀양,파카야,5.888203e-06,0
밀양,스네이크고드,5.888203e-06,0
밀양,비터토마토,6.377613e-06,0
밀양,퀴노아,0.37982085,0
밀양,아마란스,7.507864e-06,0
밀양,테프,7.6841925e-06,0
밀양,카카오,5.888203e-06,0
밀양,커피나무,6.767979e-06,0
밀양,바닐라,6.2657814e-06,0
밀양,블랙페퍼(후추),6.2657814e-06,0
밀양,육두구,6.2657814e-06,0
밀양,정향,5.888203e-06,0
밀양,육계(계피),6.2657814e-06,0
밀양,사프란,0.99979883,1
밀양,카다멈,6.2657814e-06,0
밀양,올스파이스,5.888203e-06,0
밀양,과라나,6.2657814e-06,0
밀양,마카,0.17755024,0
밀양,사차인치,6.2657814e-06,0
밀양,브라질넛,6.2657814e-06,0
밀양,캐슈넛,6.377613e-06,0
밀양,마카다미아,6.377613e-06,0
밀양,사탕수수,5.7530865e-06,0
밀양,스테비아,5.993295e-06,0
밀양,모링가,7.6841925e-06,0
밀양,아사이베리,6.2657814e-06,0
밀양,마키베리,0.9873284,1
밀양,카무카무,6.2657814e-06,0
밀양,인디안구스베리(암라),5.855768e-06,0
밀양,고투콜라(병풀),5.888203e-06,0
밀양,홀리바질,5.993295e-06,0
밀양,버터플라이피,6.2657814e-06,0
밀양,히비스커스(로젤),6.377613e-06,0
밀양,카바카바,6.2657814e-06,0
밀양,크라통,6.2657814e-06,0
밀양,판단,6.2657814e-06,0
밀양,피멘토,5.993295e-06,0
밀양,하바네로,5.993295e-06,0
밀양,캐롤라이나 리퍼,5.993295e-06,0
밀양,차요테 덩굴 싹,6.767979e-06,0
밀양,스피룰리나,6.0758025e-06,0
밀양,기네아생강,6.2657814e-06,0
밀양,타마린드,5.855768e-06,0
백령도,애플망고,1.2107476e-05,0
백령도,파파야,1.1565972e-05,0
백령도,용과,1.5296904e-05,0
백령도,패션후르츠(백향과),1.19457845e-05,0
백령도,아보카도,1.1565972e-05,0
백령도,구아바,1.1458884e-05,0
백령도,리치,1.2057422e-05,0
백령도,람부탄,1.2057422e-05,0
백령도,망고스틴,1.2057422e-05,0
백령도,두리안,1.2220627e-05,0
백령도,스타후르츠,1.2057422e-05,0
백령도,잭후르츠,1.2220627e-05,0
백령도,사포딜라,1.2107476e-05,0
백령도,롱간(용안),1.2057422e-05,0
백령도,체리모야,1.4517454e-05,0
백령도,아세로라,1.2057422e-05,0
백령도,아키,1.1565972e-05,0
백령도,페이조아,0.00010026831,0
백령도,자부티카바,1.2472342e-05,0
백령도,피타야(노란용과),1.5296904e-05,0
백령도,노니,1.1565972e-05,0
백령도,블랙사포테,1.1458884e-05,0
백령도,화이트사포테,1.5823298e-05,0
백령도,살락,1.2057422e-05,0
백령도,마르멜로(퀸스),0.0012672878,0
백령도,산수유가공용 무화과,1.5297326e-05,0
백령도,카람볼라 바이올렛,1.2057422e-05,0
백령도,플룸코트,0.0007214985,0
백령도,핑거라임,1.19457845e-05,0
백령도,부다스핸드,1.19457845e-05,0
백령도,오크라,1.2107476e-05,0
백령도,공심채,1.1565972e-05,0
백령도,여주,1.1458884e-05,0
백령도,차요테,1.3886522e-05,0
백령도,아티초크,2.4967827e-05,0
백령도,카사바,1.19457845e-05,0
백령도,얌(대마),1.2057422e-05,0
백령도,타로,1.2057422e-05,0
백령도,자색마,1.2057422e-05,0
백령도,아라카차,1.533918e-05,0
백령도,제이콘(야콘),1.3757948e-05,0
백령도,줄기상추(궁채),1.6079435e-05,0
백령도,골든비트,1.9793028e-05,0
백령도,로마네스코,1.4741062e-05,0
백령도,아스파라거스 콩,1.19457845e-05,0
백령도,윙드빈(사각콩),1.2057422e-05,0
백령도,워터체스트넛,1.2220627e-05,0
백령도,고수,2.146504e-05,0
백령도,레몬그라스,1.2057422e-05,0
백령도,갈랑갈,1.2057422e-05,0
백령도,타이바질,1.1458884e-05,0
백령도,커리잎,1.2057422e-05,0
백령도,몰로키아,1.1565972e-05,0
백령도,아이스플랜트,1.9379886e-05,0
백령도,핑거루트,1.2057422e-05,0
백령도,강황,1.2057422e-05,0
백령도,차조기(자소엽),1.31971865e-05,0
백령도,파카야,1.1565972e-05,0
백령도,스네이크고드,1.1565972e-05,0
백령도,비터토마토,1.19457845e-05,0
백령도,퀴노아,0.00010162887,0
백령도,아마란스,1.616273e-05,0
백령도,테프,1.5296904e-05,0
백령도,카카오,1.1565972e-05,0
백령도,커피나무,1.3886522e-05,0
백령도,바닐라,1.2057422e-05,0
백령도,블랙페퍼(후추),1.2057422e-05,0
백령도,육두구,1.2057422e-05,0
백령도,정향,1.1565972e-05,0
백령도,육계(계피),1.2057422e-05,0
백령도,사프란,0.99856865,1
백령도,카다멈,1.2057422e-05,0
백령도,올스파이스,1.1565972e-05,0
백령도,과라나,1.2057422e-05,0
백령도,마카,0.99994946,1
백령도,사차인치,1.2057422e-05,0
백령도,브라질넛,1.2057422e-05,0
백령도,캐슈넛,1.19457845e-05,0
백령도,마카다미아,1.19457845e-05,0
백령도,사탕수수,1.2220627e-05,0
백령도,스테비아,1.1853206e-05,0
백령도,모링가,1.5296904e-05,0
백령도,아사이베리,1.2057422e-05,0
백령도,마키베리,0.0001736428,0
백령도,카무카무,1.2057422e-05,0
백령도,인디안구스베리(암라),1.2107476e-05,0
백령도,고투콜라(병풀),1.1565972e-05,0
백령도,홀리바질,1.1458884e-05,0
백령도,버터플라이피,1.2057422e-05,0
백령도,히비스커스(로젤),1.19457845e-05,0
백령도,카바카바,1.2057422e-05,0
백령도,크라통,1.2057422e-05,0
백령도,판단,1.2057422e-05,0
백령도,피멘토,1.1458884e-05,0
백령도,하바네로,1.1458884e-05,0
백령도,캐롤라이나 리퍼,1.1458884e-05,0
백령도,차요테 덩굴 싹,1.3886522e-05,0
백령도,스피룰리나,1.2906142e-05,0
백령도,기네아생강,1.2057422e-05,0
백령도,타마린드,1.2107476e-05,0
보령,애플망고,7.713473e-06,0
보령,파파야,7.5059384e-06,0
보령,용과,9.657973e-06,0
보령,패션후르츠(백향과),7.7524255e-06,0
보령,아보카도,7.5059384e-06,0
보령,구아바,7.4364416e-06,0
보령,리치,7.824875e-06,0
보령,람부탄,7.824875e-06,0
보령,망고스틴,7.824875e-06,0
보령,두리안,7.785558e-06,0
보령,스타후르츠,7.824875e-06,0
보령,잭후르츠,7.785558e-06,0
보령,사포딜라,7.713473e-06,0
보령,롱간(용안),7.824875e-06,0
보령,체리모야,9.0114e-06,0
보령,아세로라,7.824875e-06,0
보령,아키,7.5059384e-06,0
보령,페이조아,5.451707e-05,0
보령,자부티카바,7.824875e-06,0
보령,피타야(노란용과),9.657973e-06,0
보령,노니,7.5059384e-06,0
보령,블랙사포테,7.4364416e-06,0
보령,화이트사포테,9.657973e-06,0
보령,살락,7.824875e-06,0
보령,마르멜로(퀸스),0.0019166596,0
보령,산수유가공용 무화과,1.4683578e-05,0
보령,카람볼라 바이올렛,7.824875e-06,0
보령,플룸코트,0.00087316177,0
보령,핑거라임,7.7524255e-06,0
보령,부다스핸드,7.7524255e-06,0
보령,오크라,7.713473e-06,0
보령,공심채,7.5059384e-06,0
보령,여주,7.4364416e-06,0
보령,차요테,8.63098e-06,0
보령,아티초크,2.34324e-05,0
보령,카사바,7.7524255e-06,0
보령,얌(대마),7.824875e-06,0
보령,타로,7.824875e-06,0
보령,자색마,7.824875e-06,0
보령,아라카차,8.519817e-06,0
보령,제이콘(야콘),8.5510665e-06,0
보령,줄기상추(궁채),7.810218e-06,0
보령,골든비트,8.5804e-06,0
보령,로마네스코,8.065551e-06,0
보령,아스파라거스 콩,7.7524255e-06,0
보령,윙드빈(사각콩),7.824875e-06,0
보령,워터체스트넛,7.785558e-06,0
보령,고수,1.0143409e-05,0
보령,레몬그라스,7.824875e-06,0
보령,갈랑갈,7.824875e-06,0
보령,타이바질,7.4364416e-06,0
보령,커리잎,7.824875e-06,0
보령,몰로키아,7.5059384e-06,0
보령,아이스플랜트,1.1703422e-05,0
보령,핑거루트,7.824875e-06,0
보령,강황,7.824875e-06,0
보령,차조기(자소엽),8.202532e-06,0
보령,파카야,7.5059384e-06,0
보령,스네이크고드,7.5059384e-06,0
보령,비터토마토,7.7524255e-06,0
보령,퀴노아,0.00012169926,0
보령,아마란스,1.0017762e-05,0
보령,테프,9.657973e-06,0
보령,카카오,7.5059384e-06,0
보령,커피나무,8.63098e-06,0
보령,바닐라,7.824875e-06,0
보령,블랙페퍼(후추),7.824875e-06,0
보령,육두구,7.824875e-06,0
보령,정향,7.5059384e-06,0
보령,육계(계피),7.824875e-06,0
보령,사프란,0.9999653,1
보령,카다멈,7.824875e-06,0
보령,올스파이스,7.5059384e-06,0
보령,과라나,7.824875e-06,0
보령,마카,0.9999368,1
보령,사차인치,7.824875e-06,0
보령,브라질넛,7.824875e-06,0
보령,캐슈넛,7.7524255e-06,0
보령,마카다미아,7.7524255e-06,0
보령,사탕수수,7.785558e-06,0
보령,스테비아,7.4364416e-06,0
보령,모링가,9.657973e-06,0
보령,아사이베리,7.824875e-06,0
보령,마키베리,0.000107475236,0
보령,카무카무,7.824875e-06,0
보령,인디안구스베리(암라),7.713473e-06,0
보령,고투콜라(병풀),7.5059384e-06,0
보령,홀리바질,7.4364416e-06,0
보령,버터플라이피,7.824875e-06,0
보령,히비스커스(로젤),7.7524255e-06,0
보령,카바카바,7.824875e-06,0
보령,크라통,7.824875e-06,0
보령,판단,7.824875e-06,0
보령,피멘토,7.4364416e-06,0
보령,하바네로,7.4364416e-06,0
보령,캐롤라이나 리퍼,7.4364416e-06,0
보령,차요테 덩굴 싹,8.63098e-06,0
보령,스피룰리나,8.222283e-06,0
보령,기네아생강,7.824875e-06,0
보령,타마린드,7.713473e-06,0
보성군,애플망고,1.2662409e-05,0
보성군,파파야,1.2237397e-05,0
보성군,용과,1.6677484e-05,0
보성군,패션후르츠(백향과),1.3274855e-05,0
보성군,아보카도,1.2237397e-05,0
보성군,구아바,1.2474911e-05,0
보성군,리치,1.3022109e-05,0
보성군,람부탄,1.3022109e-05,0
보성군,망고스틴,1.3022109e-05,0
보성군,두리안,1.2421325e-05,0
보성군,스타후르츠,1.3022109e-05,0
보성군,잭후르츠,1.2421325e-05,0
보성군,사포딜라,1.2662409e-05,0
보성군,롱간(용안),1.3022109e-05,0
보성군,체리모야,1.4560617e-05,0
보성군,아세로라,1.3022109e-05,0
보성군,아키,1.2237397e-05,0
보성군,페이조아,0.000729698,0
보성군,자부티카바,1.6318243e-05,0
보성군,피타야(노란용과),1.6677484e-05,0
보성군,노니,1.2237397e-05,0
보성군,블랙사포테,1.2474911e-05,0
보성군,화이트사포테,2.1122954e-05,0
보성군,살락,1.3022109e-05,0
보성군,마르멜로(퀸스),0.9999616,1
보성군,산수유가공용 무화과,4.272127e-05,0
보성군,카람볼라 바이올렛,1.3022109e-05,0
보성군,플룸코트,0.023831261,0
보성군,핑거라임,1.3274855e-05,0
보성군,부다스핸드,1.3274855e-05,0
보성군,오크라,1.2662409e-05,0
보성군,공심채,1.2237397e-05,0
보성군,여주,1.2474911e-05,0
보성군,차요테,1.4974238e-05,0
보성군,아티초크,0.00036683603,0
보성군,카사바,1.3274855e-05,0
보성군,얌(대마),1.3022109e-05,0
보성군,타로,1.3022109e-05,0
보성군,자색마,1.3022109e-05,0
보성군,아라카차,1.8690136e-05,0
보성군,제이콘(야콘),1.5264872e-05,0
보성군,줄기상추(궁채),4.9210026e-05,0
보성군,골든비트,0.00016041835,0
보성군,로마네스코,2.8891953e-05,0
보성군,아스파라거스 콩,1.3274855e-05,0
보성군,윙드빈(사각콩),1.3022109e-05,0
보성군,워터체스트넛,1.2421325e-05,0
보성군,고수,5.1030325e-05,0
보성군,레몬그라스,1.3022109e-05,0
보성군,갈랑갈,1.3022109e-05,0
보성군,타이바질,1.2474911e-05,0
보성군,커리잎,1.3022109e-05,0
보성군,몰로키아,1.2237397e-05,0
보성군,아이스플랜트,1.9465813e-05,0
보성군,핑거루트,1.3022109e-05,0
보성군,강황,1.3022109e-05,0
보성군,차조기(자소엽),1.43450125e-05,0
보성군,파카야,1.2237397e-05,0
보성군,스네이크고드,1.2237397e-05,0
보성군,비터토마토,1.3274855e-05,0
보성군,퀴노아,0.99986804,1
보성군,아마란스,1.6928145e-05,0
보성군,테프,1.6677484e-05,0
보성군,카카오,1.2237397e-05,0
보성군,커피나무,1.4974238e-05,0
보성군,바닐라,1.3022109e-05,0
보성군,블랙페퍼(후추),1.3022109e-05,0
보성군,육두구,1.3022109e-05,0
보성군,정향,1.2237397e-05,0
보성군,육계(계피),1.3022109e-05,0
보성군,사프란,0.9999839,1
보성군,카다멈,1.3022109e-05,0
보성군,올스파이스,1.2237397e-05,0
보성군,과라나,1.3022109e-05,0
보성군,마카,0.99941003,1
보성군,사차인치,1.3022109e-05,0
보성군,브라질넛,1.3022109e-05,0
보성군,캐슈넛,1.3274855e-05,0
보성군,마카다미아,1.3274855e-05,0
보성군,사탕수수,1.2421325e-05,0
보성군,스테비아,1.578047e-05,0
보성군,모링가,1.6677484e-05,0
보성군,아사이베리,1.3022109e-05,0
보성군,마키베리,0.9999292,1
보성군,카무카무,1.3022109e-05,0
보성군,인디안구스베리(암라),1.2662409e-05,0
보성군,고투콜라(병풀),1.2237397e-05,0
보성군,홀리바질,1.2474911e-05,0
보성군,버터플라이피,1.3022109e-05,0
보성군,히비스커스(로젤),1.3274855e-05,0
보성군,카바카바,1.3022109e-05,0
보성군,크라통,1.3022109e-05,0
보성군,판단,1.3022109e-05,0
보성군,피멘토,1.2474911e-05,0
보성군,하바네로,1.2474911e-05,0
보성군,캐롤라이나 리퍼,1.2474911e-05,0
보성군,차요테 덩굴 싹,1.4974238e-05,0
보성군,스피룰리나,1.3118085e-05,0
보성군,기네아생강,1.3022109e-05,0
보성군,타마린드,1.2662409e-05,0
보은,애플망고,8.532372e-06,0
보은,파파야,8.649338e-06,0
보은,용과,1.0921185e-05,0
보은,패션후르츠(백향과),8.933373e-06,0
보은,아보카도,8.649338e-06,0
보은,구아바,8.569255e-06,0
보은,리치,9.016859e-06,0
보은,람부탄,9.016859e-06,0
보은,망고스틴,9.016859e-06,0
보은,두리안,8.612111e-06,0
보은,스타후르츠,9.016859e-06,0
보은,잭후르츠,8.612111e-06,0
보은,사포딜라,8.532372e-06,0
보은,롱간(용안),9.016859e-06,0
보은,체리모야,1.0214505e-05,0
보은,아세로라,9.016859e-06,0
보은,아키,8.649338e-06,0
보은,페이조아,1.9781912e-05,0
보은,자부티카바,9.016859e-06,0
보은,피타야(노란용과),1.0921185e-05,0
보은,노니,8.649338e-06,0
보은,블랙사포테,8.569255e-06,0
보은,화이트사포테,1.0921185e-05,0
보은,살락,9.016859e-06,0
보은,마르멜로(퀸스),0.0008054152,0
보은,산수유가공용 무화과,8.569255e-06,0
보은,카람볼라 바이올렛,9.016859e-06,0
보은,플룸코트,0.0005151061,0
보은,핑거라임,8.933373e-06,0
보은,부다스핸드,8.933373e-06,0
보은,오크라,8.532372e-06,0
보은,공심채,8.649338e-06,0
보은,여주,8.569255e-06,0
보은,차요테,1.0191619e-05,0
보은,아티초크,1.1535218e-05,0
보은,카사바,8.933373e-06,0
보은,얌(대마),9.016859e-06,0
보은,타로,9.016859e-06,0
보은,자색마,9.016859e-06,0
보은,아라카차,1.0060356e-05,0
보은,제이콘(야콘),1.0097256e-05,0
보은,줄기상추(궁채),1.1882962e-05,0
보은,골든비트,1.2531728e-05,0
보은,로마네스코,9.52395e-06,0
보은,아스파라거스 콩,8.933373e-06,0
보은,윙드빈(사각콩),9.016859e-06,0
보은,워터체스트넛,8.612111e-06,0
보은,고수,1.5144363e-05,0
보은,레몬그라스,9.016859e-06,0
보은,갈랑갈,9.016859e-06,0
보은,타이바질,8.569255e-06,0
보은,커리잎,9.016859e-06,0
보은,몰로키아,8.649338e-06,0
보은,아이스플랜트,1.3017988e-05,0
보은,핑거루트,9.016859e-06,0
보은,강황,9.016859e-06,0
보은,차조기(자소엽),9.6857e-06,0
보은,파카야,8.649338e-06,0
보은,스네이크고드,8.649338e-06,0
보은,비터토마토,8.933373e-06,0
보은,퀴노아,1.945451e-05,0
보은,아마란스,1.0874179e-05,0
보은,테프,1.0921185e-05,0
보은,카카오,8.649338e-06,0
보은,커피나무,1.0191619e-05,0
보은,바닐라,9.016859e-06,0
보은,블랙페퍼(후추),9.016859e-06,0
보은,육두구,9.016859e-06,0
보은,정향,8.649338e-06,0
보은,육계(계피),9.016859e-06,0
보은,사프란,0.011277286,0
보은,카다멈,9.016859e-06,0
보은,올스파이스,8.649338e-06,0
보은,과라나,9.016859e-06,0
보은,마카,0.99994445,1
보은,사차인치,9.016859e-06,0
보은,브라질넛,9.016859e-06,0
보은,캐슈넛,8.933373e-06,0
보은,마카다미아,8.933373e-06,0
보은,사탕수수,8.612111e-06,0
보은,스테비아,8.569255e-06,0
보은,모링가,1.0921185e-05,0
보은,아사이베리,9.016859e-06,0
보은,마키베리,2.4420462e-05,0
보은,카무카무,9.016859e-06,0
보은,인디안구스베리(암라),8.532372e-06,0
보은,고투콜라(병풀),8.649338e-06,0
보은,홀리바질,8.569255e-06,0
보은,버터플라이피,9.016859e-06,0
보은,히비스커스(로젤),8.933373e-06,0
보은,카바카바,9.016859e-06,0
보은,크라통,9.016859e-06,0
보은,판단,9.016859e-06,0
보은,피멘토,8.569255e-06,0
보은,하바네로,8.569255e-06,0
보은,캐롤라이나 리퍼,8.569255e-06,0
보은,차요테 덩굴 싹,1.0191619e-05,0
보은,스피룰리나,9.0952e-06,0
보은,기네아생강,9.016859e-06,0
보은,타마린드,8.532372e-06,0
봉화,애플망고,1.0406474e-05,0
봉화,파파야,1.0549132e-05,0
봉화,용과,1.3319975e-05,0
봉화,패션후르츠(백향과),1.0895552e-05,0
봉화,아보카도,1.0549132e-05,0
봉화,구아바,1.0451458e-05,0
봉화,리치,1.0997376e-05,0
봉화,람부탄,1.0997376e-05,0
봉화,망고스틴,1.0997376e-05,0
봉화,두리안,1.0503727e-05,0
봉화,스타후르츠,1.0997376e-05,0
봉화,잭후르츠,1.0503727e-05,0
봉화,사포딜라,1.0406474e-05,0
봉화,롱간(용안),1.0997376e-05,0
봉화,체리모야,1.24778735e-05,0
봉화,아세로라,1.0997376e-05,0
봉화,아키,1.0549132e-05,0
봉화,페이조아,1.6087073e-05,0
봉화,자부티카바,1.0997376e-05,0
봉화,피타야(노란용과),1.3319975e-05,0
봉화,노니,1.0549132e-05,0
봉화,블랙사포테,1.0451458e-05,0
봉화,화이트사포테,1.3319975e-05,0
봉화,살락,1.0997376e-05,0
봉화,마르멜로(퀸스),0.000163237,0
봉화,산수유가공용 무화과,1.0451458e-05,0
봉화,카람볼라 바이올렛,1.0997376e-05,0
봉화,플룸코트,9.045118e-05,0
봉화,핑거라임,1.0895552e-05,0
봉화,부다스핸드,1.0895552e-05,0
봉화,오크라,1.0406474e-05,0
봉화,공심채,1.0549132e-05,0
봉화,여주,1.0451458e-05,0
봉화,차요테,1.266567e-05,0
봉화,아티초크,1.409123e-05,0
봉화,카사바,1.0895552e-05,0
봉화,얌(대마),1.0997376e-05,0
봉화,타로,1.0997376e-05,0
봉화,자색마,1.0997376e-05,0
봉화,아라카차,1.2502542e-05,0
봉화,제이콘(야콘),1.2548399e-05,0
봉화,줄기상추(궁채),1.4801198e-05,0
봉화,골든비트,1.5343392e-05,0
봉화,로마네스코,1.1835924e-05,0
봉화,아스파라거스 콩,1.0895552e-05,0
봉화,윙드빈(사각콩),1.0997376e-05,0
봉화,워터체스트넛,1.0503727e-05,0
봉화,고수,1.8863506e-05,0
봉화,레몬그라스,1.0997376e-05,0
봉화,갈랑갈,1.0997376e-05,0
봉화,타이바질,1.0451458e-05,0
봉화,커리잎,1.0997376e-05,0
봉화,몰로키아,1.0549132e-05,0
봉화,아이스플랜트,1.5902551e-05,0
봉화,핑거루트,1.0997376e-05,0
봉화,강황,1.0997376e-05,0
봉화,차조기(자소엽),1.2036938e-05,0
봉화,파카야,1.0549132e-05,0
봉화,스네이크고드,1.0549132e-05,0
봉화,비터토마토,1.0895552e-05,0
봉화,퀴노아,2.711475e-05,0
봉화,아마란스,1.3262644e-05,0
봉화,테프,1.3319975e-05,0
봉화,카카오,1.0549132e-05,0
봉화,커피나무,1.266567e-05,0
봉화,바닐라,1.0997376e-05,0
봉화,블랙페퍼(후추),1.0997376e-05,0
봉화,육두구,1.0997376e-05,0
봉화,정향,1.0549132e-05,0
봉화,육계(계피),1.0997376e-05,0
봉화,사프란,0.00019234484,0
봉화,카다멈,1.0997376e-05,0
봉화,올스파이스,1.0549132e-05,0
봉화,과라나,1.0997376e-05,0
봉화,마카,0.9997805,1
봉화,사차인치,1.0997376e-05,0
봉화,브라질넛,1.0997376e-05,0
봉화,캐슈넛,1.0895552e-05,0
봉화,마카다미아,1.0895552e-05,0
봉화,사탕수수,1.0503727e-05,0
봉화,스테비아,1.0451458e-05,0
봉화,모링가,1.3319975e-05,0
봉화,아사이베리,1.0997376e-05,0
봉화,마키베리,1.8143292e-05,0
봉화,카무카무,1.0997376e-05,0
봉화,인디안구스베리(암라),1.0406474e-05,0
봉화,고투콜라(병풀),1.0549132e-05,0
봉화,홀리바질,1.0451458e-05,0
봉화,버터플라이피,1.0997376e-05,0
봉화,히비스커스(로젤),1.0895552e-05,0
봉화,카바카바,1.0997376e-05,0
봉화,크라통,1.0997376e-05,0
봉화,판단,1.0997376e-05,0
봉화,피멘토,1.0451458e-05,0
봉화,하바네로,1.0451458e-05,0
봉화,캐롤라이나 리퍼,1.0451458e-05,0
봉화,차요테 덩굴 싹,1.266567e-05,0
봉화,스피룰리나,1.1092923e-05,0
봉화,기네아생강,1.0997376e-05,0
봉화,타마린드,1.0406474e-05,0
부산,애플망고,3.588333e-05,0
부산,파파야,3.6752328e-05,0
부산,용과,4.9562303e-05,0
부산,패션후르츠(백향과),6.882001e-05,0
부산,아보카도,4.8402242e-05,0
부산,구아바,4.6006146e-05,0
부산,리치,4.9577808e-05,0
부산,람부탄,3.7644953e-05,0
부산,망고스틴,3.7644953e-05,0
부산,두리안,3.6218666e-05,0
부산,스타후르츠,3.7644953e-05,0
부산,잭후르츠,3.6218666e-05,0
부산,사포딜라,4.861819e-05,0
부산,롱간(용안),6.513945e-05,0
부산,체리모야,0.00014207253,0
부산,아세로라,4.7118032e-05,0
부산,아키,3.6752328e-05,0
부산,페이조아,0.00049342884,0
부산,자부티카바,0.00010970853,0
부산,피타야(노란용과),4.9562303e-05,0
부산,노니,3.6752328e-05,0
부산,블랙사포테,4.6006146e-05,0
부산,화이트사포테,0.00016838682,0
부산,살락,3.7644953e-05,0
부산,마르멜로(퀸스),0.99997973,1
부산,산수유가공용 무화과,0.00017778954,0
부산,카람볼라 바이올렛,3.7644953e-05,0
부산,플룸코트,0.9998872,1
부산,핑거라임,6.882001e-05,0
부산,부다스핸드,4.7123514e-05,0
부산,오크라,3.588333e-05,0
부산,공심채,3.6752328e-05,0
부산,여주,3.641205e-05,0
부산,차요테,6.332865e-05,0
부산,아티초크,0.9997758,1
부산,카사바,3.7296413e-05,0
부산,얌(대마),3.7644953e-05,0
부산,타로,3.7644953e-05,0
부산,자색마,4.7118032e-05,0
부산,아라카차,0.000830115,0
부산,제이콘(야콘),0.00014766645,0
부산,줄기상추(궁채),0.9999286,1
부산,골든비트,0.999944,1
부산,로마네스코,0.99944407,1
부산,아스파라거스 콩,3.7296413e-05,0
부산,윙드빈(사각콩),3.7644953e-05,0
부산,워터체스트넛,3.6218666e-05,0
부산,고수,0.9999385,1
부산,레몬그라스,4.7118032e-05,0
부산,갈랑갈,3.7644953e-05,0
부산,타이바질,3.641205e-05,0
부산,커리잎,3.7644953e-05,0
부산,몰로키아,3.6752328e-05,0
부산,아이스플랜트,0.00022362202,0
부산,핑거루트,3.7644953e-05,0
부산,강황,3.7644953e-05,0
부산,차조기(자소엽),0.00014416539,0
부산,파카야,3.6752328e-05,0
부산,스네이크고드,3.6752328e-05,0
부산,비터토마토,3.7296413e-05,0
부산,퀴노아,0.9999682,1
부산,아마란스,9.972803e-05,0
부산,테프,6.2375904e-05,0
부산,카카오,3.6752328e-05,0
부산,커피나무,6.332865e-05,0
부산,바닐라,3.7644953e-05,0
부산,블랙페퍼(후추),3.7644953e-05,0
부산,육두구,3.7644953e-05,0
부산,정향,3.6752328e-05,0
부산,육계(계피),3.7644953e-05,0
부산,사프란,0.9999769,1
부산,카다멈,3.7644953e-05,0
부산,올스파이스,3.6752328e-05,0
부산,과라나,3.7644953e-05,0
부산,마카,0.006548034,0
부산,사차인치,3.7644953e-05,0
부산,브라질넛,3.7644953e-05,0
부산,캐슈넛,3.7296413e-05,0
부산,마카다미아,6.882001e-05,0
부산,사탕수수,3.6218666e-05,0
부산,스테비아,0.00011315915,0
부산,모링가,4.9562303e-05,0
부산,아사이베리,3.7644953e-05,0
부산,마키베리,0.99997807,1
부산,카무카무,3.7644953e-05,0
부산,인디안구스베리(암라),4.533812e-05,0
부산,고투콜라(병풀),4.6000794e-05,0
부산,홀리바질,3.641205e-05,0
부산,버터플라이피,3.7644953e-05,0
부산,히비스커스(로젤),3.7296413e-05,0
부산,카바카바,3.7644953e-05,0
부산,크라통,3.7644953e-05,0
부산,판단,3.7644953e-05,0
부산,피멘토,3.641205e-05,0
부산,하바네로,3.641205e-05,0
부산,캐롤라이나 리퍼,3.641205e-05,0
부산,차요테 덩굴 싹,6.332865e-05,0
부산,스피룰리나,3.6288573e-05,0
부산,기네아생강,3.7644953e-05,0
부산,타마린드,3.588333e-05,0
부안,애플망고,7.756271e-06,0
부안,파파야,7.5475855e-06,0
부안,용과,9.711561e-06,0
부안,패션후르츠(백향과),7.79544e-06,0
부안,아보카도,7.5475855e-06,0
부안,구아바,7.477703e-06,0
부안,리치,7.8682915e-06,0
부안,람부탄,7.8682915e-06,0
부안,망고스틴,7.8682915e-06,0
부안,두리안,7.828757e-06,0
부안,스타후르츠,7.8682915e-06,0
부안,잭후르츠,7.828757e-06,0
부안,사포딜라,7.756271e-06,0
부안,롱간(용안),7.8682915e-06,0
부안,체리모야,8.673317e-06,0
부안,아세로라,7.8682915e-06,0
부안,아키,7.5475855e-06,0
부안,페이조아,9.802263e-05,0
부안,자부티카바,7.8682915e-06,0
부안,피타야(노란용과),9.711561e-06,0
부안,노니,7.5475855e-06,0
부안,블랙사포테,7.477703e-06,0
부안,화이트사포테,9.711561e-06,0
부안,살락,7.8682915e-06,0
부안,마르멜로(퀸스),0.0017779904,0
부안,산수유가공용 무화과,1.4765051e-05,0
부안,카람볼라 바이올렛,7.8682915e-06,0
부안,플룸코트,0.00090999494,0
부안,핑거라임,7.79544e-06,0
부안,부다스핸드,7.79544e-06,0
부안,오크라,7.756271e-06,0
부안,공심채,7.5475855e-06,0
부안,여주,7.477703e-06,0
부안,차요테,8.307169e-06,0
부안,아티초크,2.2553293e-05,0
부안,카사바,7.79544e-06,0
부안,얌(대마),7.8682915e-06,0
부안,타로,7.8682915e-06,0
부안,자색마,7.8682915e-06,0
부안,아라카차,8.200177e-06,0
부안,제이콘(야콘),8.230254e-06,0
부안,줄기상추(궁채),9.698076e-06,0
부안,골든비트,1.373151e-05,0
부안,로마네스코,6.3900993e-06,0
부안,아스파라거스 콩,7.79544e-06,0
부안,윙드빈(사각콩),7.8682915e-06,0
부안,워터체스트넛,7.828757e-06,0
부안,고수,1.2727737e-05,0
부안,레몬그라스,7.8682915e-06,0
부안,갈랑갈,7.8682915e-06,0
부안,타이바질,7.477703e-06,0
부안,커리잎,7.8682915e-06,0
부안,몰로키아,7.5475855e-06,0
부안,아이스플랜트,1.1768427e-05,0
부안,핑거루트,7.8682915e-06,0
부안,강황,7.8682915e-06,0
부안,차조기(자소엽),7.894794e-06,0
부안,파카야,7.5475855e-06,0
부안,스네이크고드,7.5475855e-06,0
부안,비터토마토,7.79544e-06,0
부안,퀴노아,0.0006711937,0
부안,아마란스,1.0073346e-05,0
부안,테프,9.711561e-06,0
부안,카카오,7.5475855e-06,0
부안,커피나무,8.307169e-06,0
부안,바닐라,7.8682915e-06,0
부안,블랙페퍼(후추),7.8682915e-06,0
부안,육두구,7.8682915e-06,0
부안,정향,7.5475855e-06,0
부안,육계(계피),7.8682915e-06,0
부안,사프란,0.9999664,1
부안,카다멈,7.8682915e-06,0
부안,올스파이스,7.5475855e-06,0
부안,과라나,7.8682915e-06,0
부안,마카,0.999861,1
부안,사차인치,7.8682915e-06,0
부안,브라질넛,7.8682915e-06,0
부안,캐슈넛,7.79544e-06,0
부안,마카다미아,7.79544e-06,0
부안,사탕수수,7.828757e-06,0
부안,스테비아,7.477703e-06,0
부안,모링가,9.711561e-06,0
부안,아사이베리,7.8682915e-06,0
부안,마키베리,0.005364858,0
부안,카무카무,7.8682915e-06,0
부안,인디안구스베리(암라),7.756271e-06,0
부안,고투콜라(병풀),7.5475855e-06,0
부안,홀리바질,7.477703e-06,0
부안,버터플라이피,7.8682915e-06,0
부안,히비스커스(로젤),7.79544e-06,0
부안,카바카바,7.8682915e-06,0
부안,크라통,7.8682915e-06,0
부안,판단,7.8682915e-06,0
부안,피멘토,7.477703e-06,0
부안,하바네로,7.477703e-06,0
부안,캐롤라이나 리퍼,7.477703e-06,0
부안,차요테 덩굴 싹,8.307169e-06,0
부안,스피룰리나,8.267904e-06,0
부안,기네아생강,7.8682915e-06,0
부안,타마린드,7.756271e-06,0
부여,애플망고,9.211348e-06,0
부여,파파야,9.07503e-06,0
부여,용과,1.1417378e-05,0
부여,패션후르츠(백향과),9.644259e-06,0
부여,아보카도,9.07503e-06,0
부여,구아바,9.251166e-06,0
부여,리치,9.460638e-06,0
부여,람부탄,9.460638e-06,0
부여,망고스틴,9.460638e-06,0
부여,두리안,9.035969e-06,0
부여,스타후르츠,9.460638e-06,0
부여,잭후르츠,9.035969e-06,0
부여,사포딜라,9.211348e-06,0
부여,롱간(용안),9.460638e-06,0
부여,체리모야,1.1165105e-05,0
부여,아세로라,9.460638e-06,0
부여,아키,9.07503e-06,0
부여,페이조아,3.753737e-05,0
부여,자부티카바,9.460638e-06,0
부여,피타야(노란용과),1.1417378e-05,0
부여,노니,9.07503e-06,0
부여,블랙사포테,9.251166e-06,0
부여,화이트사포테,1.1417378e-05,0
부여,살락,9.460638e-06,0
부여,마르멜로(퀸스),0.0016553332,0
부여,산수유가공용 무화과,9.397657e-06,0
부여,카람볼라 바이올렛,9.460638e-06,0
부여,플룸코트,0.0007542971,0
부여,핑거라임,9.644259e-06,0
부여,부다스핸드,9.644259e-06,0
부여,오크라,9.211348e-06,0
부여,공심채,9.07503e-06,0
부여,여주,9.251166e-06,0
부여,차요테,1.1014432e-05,0
부여,아티초크,1.2438536e-05,0
부여,카사바,9.644259e-06,0
부여,얌(대마),9.460638e-06,0
부여,타로,9.460638e-06,0
부여,자색마,9.460638e-06,0
부여,아라카차,1.1187178e-05,0
부여,제이콘(야콘),1.122821e-05,0
부여,줄기상추(궁채),1.17882855e-05,0
부여,골든비트,1.2220113e-05,0
부여,로마네스코,1.0488082e-05,0
부여,아스파라거스 콩,9.644259e-06,0
부여,윙드빈(사각콩),9.460638e-06,0
부여,워터체스트넛,9.035969e-06,0
부여,고수,1.4548569e-05,0
부여,레몬그라스,9.460638e-06,0
부여,갈랑갈,9.460638e-06,0
부여,타이바질,9.251166e-06,0
부여,커리잎,9.460638e-06,0
부여,몰로키아,9.07503e-06,0
부여,아이스플랜트,1.377947e-05,0
부여,핑거루트,9.460638e-06,0
부여,강황,9.460638e-06,0
부여,차조기(자소엽),1.0770557e-05,0
부여,파카야,9.07503e-06,0
부여,스네이크고드,9.07503e-06,0
부여,비터토마토,9.644259e-06,0
부여,퀴노아,9.738323e-05,0
부여,아마란스,1.1368236e-05,0
부여,테프,1.1417378e-05,0
부여,카카오,9.07503e-06,0
부여,커피나무,1.1014432e-05,0
부여,바닐라,9.460638e-06,0
부여,블랙페퍼(후추),9.460638e-06,0
부여,육두구,9.460638e-06,0
부여,정향,9.07503e-06,0
부여,육계(계피),9.460638e-06,0
부여,사프란,0.99988294,1
부여,카다멈,9.460638e-06,0
부여,올스파이스,9.07503e-06,0
부여,과라나,9.460638e-06,0
부여,마카,0.99994636,1
부여,사차인치,9.460638e-06,0
부여,브라질넛,9.460638e-06,0
부여,캐슈넛,9.644259e-06,0
부여,마카다미아,9.644259e-06,0
부여,사탕수수,9.035969e-06,0
부여,스테비아,9.251166e-06,0
부여,모링가,1.1417378e-05,0
부여,아사이베리,9.460638e-06,0
부여,마키베리,0.000100837104,0
부여,카무카무,9.460638e-06,0
부여,인디안구스베리(암라),9.211348e-06,0
부여,고투콜라(병풀),9.07503e-06,0
부여,홀리바질,9.251166e-06,0
부여,버터플라이피,9.460638e-06,0
부여,히비스커스(로젤),9.644259e-06,0
부여,카바카바,9.460638e-06,0
부여,크라통,9.460638e-06,0
부여,판단,9.460638e-06,0
부여,피멘토,9.251166e-06,0
부여,하바네로,9.251166e-06,0
부여,캐롤라이나 리퍼,9.251166e-06,0
부여,차요테 덩굴 싹,1.1014432e-05,0
부여,스피룰리나,9.542834e-06,0
부여,기네아생강,9.460638e-06,0
부여,타마린드,9.211348e-06,0
북강릉,애플망고,1.4651169e-05,0
북강릉,파파야,1.4550289e-05,0
북강릉,용과,1.8233713e-05,0
북강릉,패션후르츠(백향과),1.5028101e-05,0
북강릉,아보카도,1.4550289e-05,0
북강릉,구아바,1.441557e-05,0
북강릉,리치,1.5168545e-05,0
북강릉,람부탄,1.5168545e-05,0
북강릉,망고스틴,1.5168545e-05,0
북강릉,두리안,1.478809e-05,0
북강릉,스타후르츠,1.5168545e-05,0
북강릉,잭후르츠,1.478809e-05,0
북강릉,사포딜라,1.4651169e-05,0
북강릉,롱간(용안),1.5168545e-05,0
북강릉,체리모야,1.6824322e-05,0
북강릉,아세로라,1.5168545e-05,0
북강릉,아키,1.4550289e-05,0
북강릉,페이조아,0.00036381753,0
북강릉,자부티카바,1.5168545e-05,0
북강릉,피타야(노란용과),1.8233713e-05,0
북강릉,노니,1.4550289e-05,0
북강릉,블랙사포테,1.441557e-05,0
북강릉,화이트사포테,1.8233713e-05,0
북강릉,살락,1.5168545e-05,0
북강릉,마르멜로(퀸스),0.007466288,0
북강릉,산수유가공용 무화과,3.0401894e-05,0
북강릉,카람볼라 바이올렛,1.5168545e-05,0
북강릉,플룸코트,0.0035177157,0
북강릉,핑거라임,1.5028101e-05,0
북강릉,부다스핸드,1.5028101e-05,0
북강릉,오크라,1.4651169e-05,0
북강릉,공심채,1.4550289e-05,0
북강릉,여주,1.441557e-05,0
북강릉,차요테,1.6730595e-05,0
북강릉,아티초크,6.2940555e-05,0
북강릉,카사바,1.5028101e-05,0
북강릉,얌(대마),1.5168545e-05,0
북강릉,타로,1.5168545e-05,0
북강릉,자색마,1.5168545e-05,0
북강릉,아라카차,1.7554814e-05,0
북강릉,제이콘(야콘),1.6575688e-05,0
북강릉,줄기상추(궁채),1.887684e-05,0
북강릉,골든비트,1.9974113e-05,0
북강릉,로마네스코,1.6934022e-05,0
북강릉,아스파라거스 콩,1.5028101e-05,0
북강릉,윙드빈(사각콩),1.5168545e-05,0
북강릉,워터체스트넛,1.478809e-05,0
북강릉,고수,2.3876579e-05,0
북강릉,레몬그라스,1.5168545e-05,0
북강릉,갈랑갈,1.5168545e-05,0
북강릉,타이바질,1.441557e-05,0
북강릉,커리잎,1.5168545e-05,0
북강릉,몰로키아,1.4550289e-05,0
북강릉,아이스플랜트,2.128044e-05,0
북강릉,핑거루트,1.5168545e-05,0
북강릉,강황,1.5168545e-05,0
북강릉,차조기(자소엽),1.590008e-05,0
북강릉,파카야,1.4550289e-05,0
북강릉,스네이크고드,1.4550289e-05,0
북강릉,비터토마토,1.5028101e-05,0
북강릉,퀴노아,0.00035985684,0
북강릉,아마란스,1.8531713e-05,0
북강릉,테프,1.8233713e-05,0
북강릉,카카오,1.4550289e-05,0
북강릉,커피나무,1.6730595e-05,0
북강릉,바닐라,1.5168545e-05,0
북강릉,블랙페퍼(후추),1.5168545e-05,0
북강릉,육두구,1.5168545e-05,0
북강릉,정향,1.4550289e-05,0
북강릉,육계(계피),1.5168545e-05,0
북강릉,사프란,0.99996734,1
북강릉,카다멈,1.5168545e-05,0
북강릉,올스파이스,1.4550289e-05,0
북강릉,과라나,1.5168545e-05,0
북강릉,마카,0.9999621,1
북강릉,사차인치,1.5168545e-05,0
북강릉,브라질넛,1.5168545e-05,0
북강릉,캐슈넛,1.5028101e-05,0
북강릉,마카다미아,1.5028101e-05,0
북강릉,사탕수수,1.478809e-05,0
북강릉,스테비아,1.441557e-05,0
북강릉,모링가,1.8233713e-05,0
북강릉,아사이베리,1.5168545e-05,0
북강릉,마키베리,0.0007098814,0
북강릉,카무카무,1.5168545e-05,0
북강릉,인디안구스베리(암라),1.4651169e-05,0
북강릉,고투콜라(병풀),1.4550289e-05,0
북강릉,홀리바질,1.441557e-05,0
북강릉,버터플라이피,1.5168545e-05,0
북강릉,히비스커스(로젤),1.5028101e-05,0
북강릉,카바카바,1.5168545e-05,0
북강릉,크라통,1.5168545e-05,0
북강릉,판단,1.5168545e-05,0
북강릉,피멘토,1.441557e-05,0
북강릉,하바네로,1.441557e-05,0
북강릉,캐롤라이나 리퍼,1.441557e-05,0
북강릉,차요테 덩굴 싹,1.6730595e-05,0
북강릉,스피룰리나,1.561761e-05,0
북강릉,기네아생강,1.5168545e-05,0
북강릉,타마린드,1.4651169e-05,0
북부산,애플망고,1.02152935e-05,0
북부산,파파야,9.768389e-06,0
북부산,용과,1.5293475e-05,0
북부산,패션후르츠(백향과),1.5572547e-05,0
북부산,아보카도,9.768389e-06,0
북부산,구아바,9.957974e-06,0
북부산,리치,1.0005646e-05,0
북부산,람부탄,1.0005646e-05,0
북부산,망고스틴,1.0005646e-05,0
북부산,두리안,1.0020811e-05,0
북부산,스타후르츠,1.0005646e-05,0
북부산,잭후르츠,1.0020811e-05,0
북부산,사포딜라,1.02152935e-05,0
북부산,롱간(용안),1.5276071e-05,0
북부산,체리모야,2.239666e-05,0
북부산,아세로라,1.0005646e-05,0
북부산,아키,9.768389e-06,0
북부산,페이조아,4.92753e-05,0
북부산,자부티카바,1.2734487e-05,0
북부산,피타야(노란용과),1.5293475e-05,0
북부산,노니,9.768389e-06,0
북부산,블랙사포테,9.957974e-06,0
북부산,화이트사포테,2.2079403e-05,0
북부산,살락,1.0005646e-05,0
북부산,마르멜로(퀸스),0.99996805,1
북부산,산수유가공용 무화과,1.795502e-05,0
북부산,카람볼라 바이올렛,1.0005646e-05,0
북부산,플룸코트,0.999824,1
북부산,핑거라임,1.5572547e-05,0
북부산,부다스핸드,1.0199836e-05,0
북부산,오크라,1.02152935e-05,0
북부산,공심채,9.768389e-06,0
북부산,여주,9.957974e-06,0
북부산,차요테,1.3016174e-05,0
북부산,아티초크,0.99844295,1
북부산,카사바,1.0199836e-05,0
북부산,얌(대마),1.0005646e-05,0
북부산,타로,1.0005646e-05,0
북부산,자색마,1.0005646e-05,0
북부산,아라카차,0.000186126,0
북부산,제이콘(야콘),2.2991135e-05,0
북부산,줄기상추(궁채),0.998993,1
북부산,골든비트,0.99986863,1
북부산,로마네스코,0.9994349,1
북부산,아스파라거스 콩,1.0199836e-05,0
북부산,윙드빈(사각콩),1.0005646e-05,0
북부산,워터체스트넛,1.0020811e-05,0
북부산,고수,0.9988655,1
북부산,레몬그라스,1.0005646e-05,0
북부산,갈랑갈,1.0005646e-05,0
북부산,타이바질,9.957974e-06,0
북부산,커리잎,1.0005646e-05,0
북부산,몰로키아,9.768389e-06,0
북부산,아이스플랜트,3.490868e-05,0
북부산,핑거루트,1.0005646e-05,0
북부산,강황,1.0005646e-05,0
북부산,차조기(자소엽),2.2445967e-05,0
북부산,파카야,9.768389e-06,0
북부산,스네이크고드,9.768389e-06,0
북부산,비터토마토,1.0199836e-05,0
북부산,퀴노아,0.99993706,1
북부산,아마란스,2.3982466e-05,0
북부산,테프,1.5293475e-05,0
북부산,카카오,9.768389e-06,0
북부산,커피나무,1.3016174e-05,0
북부산,바닐라,1.0005646e-05,0
북부산,블랙페퍼(후추),1.0005646e-05,0
북부산,육두구,1.0005646e-05,0
북부산,정향,9.768389e-06,0
북부산,육계(계피),1.0005646e-05,0
북부산,사프란,0.9999702,1
북부산,카다멈,1.0005646e-05,0
북부산,올스파이스,9.768389e-06,0
북부산,과라나,1.0005646e-05,0
북부산,마카,0.00052210037,0
북부산,사차인치,1.0005646e-05,0
북부산,브라질넛,1.0005646e-05,0
북부산,캐슈넛,1.0199836e-05,0
북부산,마카다미아,1.5572547e-05,0
북부산,사탕수수,1.0020811e-05,0
북부산,스테비아,1.2673837e-05,0
북부산,모링가,1.5293475e-05,0
북부산,아사이베리,1.0005646e-05,0
북부산,마키베리,0.99995816,1
북부산,카무카무,1.0005646e-05,0
북부산,인디안구스베리(암라),1.02152935e-05,0
북부산,고투콜라(병풀),9.768389e-06,0
북부산,홀리바질,9.957974e-06,0
북부산,버터플라이피,1.0005646e-05,0
북부산,히비스커스(로젤),1.0199836e-05,0
북부산,카바카바,1.0005646e-05,0
북부산,크라통,1.0005646e-05,0
북부산,판단,1.0005646e-05,0
북부산,피멘토,9.957974e-06,0
북부산,하바네로,9.957974e-06,0
북부산,캐롤라이나 리퍼,9.957974e-06,0
북부산,차요테 덩굴 싹,1.3016174e-05,0
북부산,스피룰리나,1.05829085e-05,0
북부산,기네아생강,1.0005646e-05,0
북부산,타마린드,1.02152935e-05,0
북창원,애플망고,1.4727586e-05,0
북창원,파파야,1.491168e-05,0
북창원,용과,1.9890287e-05,0
북창원,패션후르츠(백향과),1.8981342e-05,0
북창원,아보카도,1.491168e-05,0
북창원,구아바,1.5201084e-05,0
북창원,리치,1.5273858e-05,0
북창원,람부탄,1.5273858e-05,0
북창원,망고스틴,1.5273858e-05,0
북창원,두리안,1.444717e-05,0
북창원,스타후르츠,1.5273858e-05,0
북창원,잭후르츠,1.444717e-05,0
북창원,사포딜라,1.4727586e-05,0
북창원,롱간(용안),1.8445424e-05,0
북창원,체리모야,2.0526513e-05,0
북창원,아세로라,1.5273858e-05,0
북창원,아키,1.491168e-05,0
북창원,페이조아,0.0002833604,0
북창원,자부티카바,2.0916508e-05,0
북창원,피타야(노란용과),1.9890287e-05,0
북창원,노니,1.491168e-05,0
북창원,블랙사포테,1.5201084e-05,0
북창원,화이트사포테,3.410974e-05,0
북창원,살락,1.5273858e-05,0
북창원,마르멜로(퀸스),0.9999486,1
북창원,산수유가공용 무화과,4.8304766e-05,0
북창원,카람볼라 바이올렛,1.5273858e-05,0
북창원,플룸코트,0.9996377,1
북창원,핑거라임,1.8981342e-05,0
북창원,부다스핸드,1.5570291e-05,0
북창원,오크라,1.4727586e-05,0
북창원,공심채,1.491168e-05,0
북창원,여주,1.5201084e-05,0
북창원,차요테,1.7160679e-05,0
북창원,아티초크,0.014989136,0
북창원,카사바,1.5570291e-05,0
북창원,얌(대마),1.5273858e-05,0
북창원,타로,1.5273858e-05,0
북창원,자색마,1.5273858e-05,0
북창원,아라카차,2.3664717e-05,0
북창원,제이콘(야콘),2.1701062e-05,0
북창원,줄기상추(궁채),0.23038821,0
북창원,골든비트,0.99443674,1
북창원,로마네스코,0.0039467956,0
북창원,아스파라거스 콩,1.5570291e-05,0
북창원,윙드빈(사각콩),1.5273858e-05,0
북창원,워터체스트넛,1.444717e-05,0
북창원,고수,0.20752317,0
북창원,레몬그라스,1.5273858e-05,0
북창원,갈랑갈,1.5273858e-05,0
북창원,타이바질,1.5201084e-05,0
북창원,커리잎,1.5273858e-05,0
북창원,몰로키아,1.491168e-05,0
북창원,아이스플랜트,2.8530263e-05,0
북창원,핑거루트,1.5273858e-05,0
북창원,강황,1.5273858e-05,0
북창원,차조기(자소엽),2.1186483e-05,0
북창원,파카야,1.491168e-05,0
북창원,스네이크고드,1.491168e-05,0
북창원,비터토마토,1.5570291e-05,0
북창원,퀴노아,0.99969614,1
북창원,아마란스,2.3926636e-05,0
북창원,테프,1.9890287e-05,0
북창원,카카오,1.491168e-05,0
북창원,커피나무,1.7160679e-05,0
북창원,바닐라,1.5273858e-05,0
북창원,블랙페퍼(후추),1.5273858e-05,0
북창원,육두구,1.5273858e-05,0
북창원,정향,1.491168e-05,0
북창원,육계(계피),1.5273858e-05,0
북창원,사프란,0.999928,1
북창원,카다멈,1.5273858e-05,0
북창원,올스파이스,1.491168e-05,0
북창원,과라나,1.5273858e-05,0
북창원,마카,0.0030797997,0
북창원,사차인치,1.5273858e-05,0
북창원,브라질넛,1.5273858e-05,0
북창원,캐슈넛,1.5570291e-05,0
북창원,마카다미아,1.8981342e-05,0
북창원,사탕수수,1.444717e-05,0
북창원,스테비아,2.219869e-05,0
북창원,모링가,1.9890287e-05,0
북창원,아사이베리,1.5273858e-05,0
북창원,마키베리,0.99991274,1
북창원,카무카무,1.5273858e-05,0
북창원,인디안구스베리(암라),1.4727586e-05,0
북창원,고투콜라(병풀),1.491168e-05,0
북창원,홀리바질,1.5201084e-05,0
북창원,버터플라이피,1.5273858e-05,0
북창원,히비스커스(로젤),1.5570291e-05,0
북창원,카바카바,1.5273858e-05,0
북창원,크라통,1.5273858e-05,0
북창원,판단,1.5273858e-05,0
북창원,피멘토,1.5201084e-05,0
북창원,하바네로,1.5201084e-05,0
북창원,캐롤라이나 리퍼,1.5201084e-05,0
북창원,차요테 덩굴 싹,1.7160679e-05,0
북창원,스피룰리나,1.5257581e-05,0
북창원,기네아생강,1.5273858e-05,0
북창원,타마린드,1.4727586e-05,0
북춘천,애플망고,9.593203e-06,0
북춘천,파파야,9.4512325e-06,0
북춘천,용과,1.2279013e-05,0
북춘천,패션후르츠(백향과),1.0044059e-05,0
북춘천,아보카도,9.4512325e-06,0
북춘천,구아바,9.634671e-06,0
북춘천,리치,9.852825e-06,0
북춘천,람부탄,9.852825e-06,0
북춘천,망고스틴,9.852825e-06,0
북춘천,두리안,9.4105535e-06,0
북춘천,스타후르츠,9.852825e-06,0
북춘천,잭후르츠,9.4105535e-06,0
북춘천,사포딜라,9.593203e-06,0
북춘천,롱간(용안),9.852825e-06,0
북춘천,체리모야,1.1207413e-05,0
북춘천,아세로라,9.852825e-06,0
북춘천,아키,9.4512325e-06,0
북춘천,페이조아,1.4059792e-05,0
북춘천,자부티카바,9.852825e-06,0
북춘천,피타야(노란용과),1.2279013e-05,0
북춘천,노니,9.4512325e-06,0
북춘천,블랙사포테,9.634671e-06,0
북춘천,화이트사포테,1.2279013e-05,0
북춘천,살락,9.852825e-06,0
북춘천,마르멜로(퀸스),0.00015687686,0
북춘천,산수유가공용 무화과,9.634671e-06,0
북춘천,카람볼라 바이올렛,9.852825e-06,0
북춘천,플룸코트,8.5043794e-05,0
북춘천,핑거라임,1.0044059e-05,0
북춘천,부다스핸드,1.0044059e-05,0
북춘천,오크라,9.593203e-06,0
북춘천,공심채,9.4512325e-06,0
북춘천,여주,9.634671e-06,0
북춘천,차요테,1.0867834e-05,0
북춘천,아티초크,1.2656493e-05,0
북춘천,카사바,1.0044059e-05,0
북춘천,얌(대마),9.852825e-06,0
북춘천,타로,9.852825e-06,0
북춘천,자색마,9.852825e-06,0
북춘천,아라카차,1.1038281e-05,0
북춘천,제이콘(야콘),1.1078767e-05,0
북춘천,줄기상추(궁채),1.3067728e-05,0
북춘천,골든비트,1.3781165e-05,0
북춘천,로마네스코,1.0155866e-05,0
북춘천,아스파라거스 콩,1.0044059e-05,0
북춘천,윙드빈(사각콩),9.852825e-06,0
북춘천,워터체스트넛,9.4105535e-06,0
북춘천,고수,1.6654296e-05,0
북춘천,레몬그라스,9.852825e-06,0
북춘천,갈랑갈,9.852825e-06,0
북춘천,타이바질,9.634671e-06,0
북춘천,커리잎,9.852825e-06,0
북춘천,몰로키아,9.4512325e-06,0
북춘천,아이스플랜트,1.4283406e-05,0
북춘천,핑거루트,9.852825e-06,0
북춘천,강황,9.852825e-06,0
북춘천,차조기(자소엽),1.0627206e-05,0
북춘천,파카야,9.4512325e-06,0
북춘천,스네이크고드,9.4512325e-06,0
북춘천,비터토마토,1.0044059e-05,0
북춘천,퀴노아,2.3858394e-05,0
북춘천,아마란스,1.2226163e-05,0
북춘천,테프,1.2279013e-05,0
북춘천,카카오,9.4512325e-06,0
북춘천,커피나무,1.0867834e-05,0
북춘천,바닐라,9.852825e-06,0
북춘천,블랙페퍼(후추),9.852825e-06,0
북춘천,육두구,9.852825e-06,0
북춘천,정향,9.4512325e-06,0
북춘천,육계(계피),9.852825e-06,0
북춘천,사프란,5.4128697e-05,0
북춘천,카다멈,9.852825e-06,0
북춘천,올스파이스,9.4512325e-06,0
북춘천,과라나,9.852825e-06,0
북춘천,마카,0.99945694,1
북춘천,사차인치,9.852825e-06,0
북춘천,브라질넛,9.852825e-06,0
북춘천,캐슈넛,1.0044059e-05,0
북춘천,마카다미아,1.0044059e-05,0
북춘천,사탕수수,9.4105535e-06,0
북춘천,스테비아,9.634671e-06,0
북춘천,모링가,1.2279013e-05,0
북춘천,아사이베리,9.852825e-06,0
북춘천,마키베리,1.6018428e-05,0
북춘천,카무카무,9.852825e-06,0
북춘천,인디안구스베리(암라),9.593203e-06,0
북춘천,고투콜라(병풀),9.4512325e-06,0
북춘천,홀리바질,9.634671e-06,0
북춘천,버터플라이피,9.852825e-06,0
북춘천,히비스커스(로젤),1.0044059e-05,0
북춘천,카바카바,9.852825e-06,0
북춘천,크라통,9.852825e-06,0
북춘천,판단,9.852825e-06,0
북춘천,피멘토,9.634671e-06,0
북춘천,하바네로,9.634671e-06,0
북춘천,캐롤라이나 리퍼,9.634671e-06,0
북춘천,차요테 덩굴 싹,1.0867834e-05,0
북춘천,스피룰리나,9.93843e-06,0
북춘천,기네아생강,9.852825e-06,0
북춘천,타마린드,9.593203e-06,0
산청,애플망고,1.3662593e-05,0
산청,파파야,1.3186946e-05,0
산청,용과,1.6936332e-05,0
산청,패션후르츠(백향과),1.4014091e-05,0
산청,아보카도,1.3186946e-05,0
산청,구아바,1.344289e-05,0
산청,리치,1.37472725e-05,0
산청,람부탄,1.37472725e-05,0
산청,망고스틴,1.37472725e-05,0
산청,두리안,1.3402467e-05,0
산청,스타후르츠,1.37472725e-05,0
산청,잭후르츠,1.3402467e-05,0
산청,사포딜라,1.3662593e-05,0
산청,롱간(용안),1.37472725e-05,0
산청,체리모야,1.5689116e-05,0
산청,아세로라,1.37472725e-05,0
산청,아키,1.3186946e-05,0
산청,페이조아,0.00038432397,0
산청,자부티카바,1.37472725e-05,0
산청,피타야(노란용과),1.6936332e-05,0
산청,노니,1.3186946e-05,0
산청,블랙사포테,1.344289e-05,0
산청,화이트사포테,1.6936332e-05,0
산청,살락,1.37472725e-05,0
산청,마르멜로(퀸스),0.0085604265,0
산청,산수유가공용 무화과,3.0363473e-05,0
산청,카람볼라 바이올렛,1.37472725e-05,0
산청,플룸코트,0.0038045698,0
산청,핑거라임,1.4014091e-05,0
산청,부다스핸드,1.4014091e-05,0
산청,오크라,1.3662593e-05,0
산청,공심채,1.3186946e-05,0
산청,여주,1.344289e-05,0
산청,차요테,1.5162963e-05,0
산청,아티초크,5.619284e-05,0
산청,카사바,1.4014091e-05,0
산청,얌(대마),1.37472725e-05,0
산청,타로,1.37472725e-05,0
산청,자색마,1.37472725e-05,0
산청,아라카차,1.5400772e-05,0
산청,제이콘(야콘),1.5457257e-05,0
산청,줄기상추(궁채),2.767704e-05,0
산청,골든비트,3.363372e-05,0
산청,로마네스코,1.44383675e-05,0
산청,아스파라거스 콩,1.4014091e-05,0
산청,윙드빈(사각콩),1.37472725e-05,0
산청,워터체스트넛,1.3402467e-05,0
산청,고수,3.4869387e-05,0
산청,레몬그라스,1.37472725e-05,0
산청,갈랑갈,1.37472725e-05,0
산청,타이바질,1.344289e-05,0
산청,커리잎,1.37472725e-05,0
산청,몰로키아,1.3186946e-05,0
산청,아이스플랜트,1.976628e-05,0
산청,핑거루트,1.37472725e-05,0
산청,강황,1.37472725e-05,0
산청,차조기(자소엽),1.4827236e-05,0
산청,파카야,1.3186946e-05,0
산청,스네이크고드,1.3186946e-05,0
산청,비터토마토,1.4014091e-05,0
산청,퀴노아,0.00014482536,0
산청,아마란스,1.721313e-05,0
산청,테프,1.6936332e-05,0
산청,카카오,1.3186946e-05,0
산청,커피나무,1.5162963e-05,0
산청,바닐라,1.37472725e-05,0
산청,블랙페퍼(후추),1.37472725e-05,0
산청,육두구,1.37472725e-05,0
산청,정향,1.3186946e-05,0
산청,육계(계피),1.37472725e-05,0
산청,사프란,0.99997914,1
산청,카다멈,1.37472725e-05,0
산청,올스파이스,1.3186946e-05,0
산청,과라나,1.37472725e-05,0
산청,마카,0.99996674,1
산청,사차인치,1.37472725e-05,0
산청,브라질넛,1.37472725e-05,0
산청,캐슈넛,1.4014091e-05,0
산청,마카다미아,1.4014091e-05,0
산청,사탕수수,1.3402467e-05,0
산청,스테비아,1.344289e-05,0
산청,모링가,1.6936332e-05,0
산청,아사이베리,1.37472725e-05,0
산청,마키베리,0.015942289,0
산청,카무카무,1.37472725e-05,0
산청,인디안구스베리(암라),1.3662593e-05,0
산청,고투콜라(병풀),1.3186946e-05,0
산청,홀리바질,1.344289e-05,0
산청,버터플라이피,1.37472725e-05,0
산청,히비스커스(로젤),1.4014091e-05,0
산청,카바카바,1.37472725e-05,0
산청,크라통,1.37472725e-05,0
산청,판단,1.37472725e-05,0
산청,피멘토,1.344289e-05,0
산청,하바네로,1.344289e-05,0
산청,캐롤라이나 리퍼,1.344289e-05,0
산청,차요테 덩굴 싹,1.5162963e-05,0
산청,스피룰리나,1.4154263e-05,0
산청,기네아생강,1.37472725e-05,0
산청,타마린드,1.3662593e-05,0
상주,애플망고,6.663726e-06,0
상주,파파야,6.5651093e-06,0
상주,용과,8.70347e-06,0
상주,패션후르츠(백향과),6.9769058e-06,0
상주,아보카도,6.5651093e-06,0
상주,구아바,6.6925313e-06,0
상주,리치,6.8440686e-06,0
상주,람부탄,6.8440686e-06,0
상주,망고스틴,6.8440686e-06,0
상주,두리안,6.5368517e-06,0
상주,스타후르츠,6.8440686e-06,0
상주,잭후르츠,6.5368517e-06,0
상주,사포딜라,6.663726e-06,0
상주,롱간(용안),6.8440686e-06,0
상주,체리모야,7.480528e-06,0
상주,아세로라,6.8440686e-06,0
상주,아키,6.5651093e-06,0
상주,페이조아,2.5802412e-05,0
상주,자부티카바,6.8440686e-06,0
상주,피타야(노란용과),8.70347e-06,0
상주,노니,6.5651093e-06,0
상주,블랙사포테,6.6925313e-06,0
상주,화이트사포테,8.70347e-06,0
상주,살락,6.8440686e-06,0
상주,마르멜로(퀸스),0.0011129434,0
상주,산수유가공용 무화과,9.002828e-06,0
상주,카람볼라 바이올렛,6.8440686e-06,0
상주,플룸코트,0.0005266909,0
상주,핑거라임,6.9769058e-06,0
상주,부다스핸드,6.9769058e-06,0
상주,오크라,6.663726e-06,0
상주,공심채,6.5651093e-06,0
상주,여주,6.6925313e-06,0
상주,차요테,7.5491266e-06,0
상주,아티초크,1.1548944e-05,0
상주,카사바,6.9769058e-06,0
상주,얌(대마),6.8440686e-06,0
상주,타로,6.8440686e-06,0
상주,자색마,6.8440686e-06,0
상주,아라카차,7.667524e-06,0
상주,제이콘(야콘),7.695648e-06,0
상주,줄기상추(궁채),6.901175e-06,0
상주,골든비트,6.9933058e-06,0
상주,로마네스코,7.0545702e-06,0
상주,아스파라거스 콩,6.9769058e-06,0
상주,윙드빈(사각콩),6.8440686e-06,0
상주,워터체스트넛,6.5368517e-06,0
상주,고수,8.974805e-06,0
상주,레몬그라스,6.8440686e-06,0
상주,갈랑갈,6.8440686e-06,0
상주,타이바질,6.6925313e-06,0
상주,커리잎,6.8440686e-06,0
상주,몰로키아,6.5651093e-06,0
상주,아이스플랜트,9.728236e-06,0
상주,핑거루트,6.8440686e-06,0
상주,강황,6.8440686e-06,0
상주,차조기(자소엽),7.381978e-06,0
상주,파카야,6.5651093e-06,0
상주,스네이크고드,6.5651093e-06,0
상주,비터토마토,6.9769058e-06,0
상주,퀴노아,0.00012611401,0
상주,아마란스,8.666008e-06,0
상주,테프,8.70347e-06,0
상주,카카오,6.5651093e-06,0
상주,커피나무,7.5491266e-06,0
상주,바닐라,6.8440686e-06,0
상주,블랙페퍼(후추),6.8440686e-06,0
상주,육두구,6.8440686e-06,0
상주,정향,6.5651093e-06,0
상주,육계(계피),6.8440686e-06,0
상주,사프란,0.99996436,1
상주,카다멈,6.8440686e-06,0
상주,올스파이스,6.5651093e-06,0
상주,과라나,6.8440686e-06,0
상주,마카,0.9999236,1
상주,사차인치,6.8440686e-06,0
상주,브라질넛,6.8440686e-06,0
상주,캐슈넛,6.9769058e-06,0
상주,마카다미아,6.9769058e-06,0
상주,사탕수수,6.5368517e-06,0
상주,스테비아,6.6925313e-06,0
상주,모링가,8.70347e-06,0
상주,아사이베리,6.8440686e-06,0
상주,마키베리,9.3753406e-05,0
상주,카무카무,6.8440686e-06,0
상주,인디안구스베리(암라),6.663726e-06,0
상주,고투콜라(병풀),6.5651093e-06,0
상주,홀리바질,6.6925313e-06,0
상주,버터플라이피,6.8440686e-06,0
상주,히비스커스(로젤),6.9769058e-06,0
상주,카바카바,6.8440686e-06,0
상주,크라통,6.8440686e-06,0
상주,판단,6.8440686e-06,0
상주,피멘토,6.6925313e-06,0
상주,하바네로,6.6925313e-06,0
상주,캐롤라이나 리퍼,6.6925313e-06,0
상주,차요테 덩굴 싹,7.5491266e-06,0
상주,스피룰리나,6.903532e-06,0
상주,기네아생강,6.8440686e-06,0
상주,타마린드,6.663726e-06,0
서귀포,애플망고,5.052205e-05,0
서귀포,파파야,5.1745537e-05,0
서귀포,용과,0.00020530522,0
서귀포,패션후르츠(백향과),0.0012832163,0
서귀포,아보카도,0.00041627992,0
서귀포,구아바,0.00043056448,0
서귀포,리치,0.0004263867,0
서귀포,람부탄,5.3002295e-05,0
서귀포,망고스틴,5.3002295e-05,0
서귀포,두리안,5.0994182e-05,0
서귀포,스타후르츠,5.3002295e-05,0
서귀포,잭후르츠,0.00011263616,0
서귀포,사포딜라,0.00043613085,0
서귀포,롱간(용안),0.0011731968,0
서귀포,체리모야,0.99986124,1
서귀포,아세로라,0.0004174401,0
서귀포,아키,5.1745537e-05,0
서귀포,페이조아,0.9988939,1
서귀포,자부티카바,0.0011669992,0
서귀포,피타야(노란용과),0.00020530522,0
서귀포,노니,5.1745537e-05,0
서귀포,블랙사포테,0.00043056448,0
서귀포,화이트사포테,0.0015945786,0
서귀포,살락,5.3002295e-05,0
서귀포,마르멜로(퀸스),0.99998343,1
서귀포,산수유가공용 무화과,0.0014861178,0
서귀포,카람볼라 바이올렛,5.3002295e-05,0
서귀포,플룸코트,0.9999782,1
서귀포,핑거라임,0.0012832163,0
서귀포,부다스핸드,0.00044101785,0
서귀포,오크라,5.052205e-05,0
서귀포,공심채,5.1745537e-05,0
서귀포,여주,5.1266452e-05,0
서귀포,차요테,0.99925715,1
서귀포,아티초크,0.9999697,1
서귀포,카사바,5.2511572e-05,0
서귀포,얌(대마),5.3002295e-05,0
서귀포,타로,5.3002295e-05,0
서귀포,자색마,0.0004174401,0
서귀포,아라카차,0.99994814,1
서귀포,제이콘(야콘),0.99985707,1
서귀포,줄기상추(궁채),0.9999777,1
서귀포,골든비트,0.9999794,1
서귀포,로마네스코,0.9999652,1
서귀포,아스파라거스 콩,5.2511572e-05,0
서귀포,윙드빈(사각콩),5.3002295e-05,0
서귀포,워터체스트넛,0.00014114838,0
서귀포,고수,0.9999784,1
서귀포,레몬그라스,0.0004174401,0
서귀포,갈랑갈,5.3002295e-05,0
서귀포,타이바질,5.1266452e-05,0
서귀포,커리잎,5.3002295e-05,0
서귀포,몰로키아,5.1745537e-05,0
서귀포,아이스플랜트,0.9998714,1
서귀포,핑거루트,5.3002295e-05,0
서귀포,강황,0.0001467062,0
서귀포,차조기(자소엽),0.99985886,1
서귀포,파카야,5.1745537e-05,0
서귀포,스네이크고드,5.1745537e-05,0
서귀포,비터토마토,5.2511572e-05,0
서귀포,퀴노아,0.9999795,1
서귀포,아마란스,0.001505636,0
서귀포,테프,0.0005785302,0
서귀포,카카오,5.1745537e-05,0
서귀포,커피나무,0.99925715,1
서귀포,바닐라,5.3002295e-05,0
서귀포,블랙페퍼(후추),5.3002295e-05,0
서귀포,육두구,5.3002295e-05,0
서귀포,정향,5.1745537e-05,0
서귀포,육계(계피),5.3002295e-05,0
서귀포,사프란,0.9999646,1
서귀포,카다멈,5.3002295e-05,0
서귀포,올스파이스,5.1745537e-05,0
서귀포,과라나,5.3002295e-05,0
서귀포,마카,0.022538112,0
서귀포,사차인치,5.3002295e-05,0
서귀포,브라질넛,5.3002295e-05,0
서귀포,캐슈넛,5.2511572e-05,0
서귀포,마카다미아,0.0012832163,0
서귀포,사탕수수,5.0994182e-05,0
서귀포,스테비아,0.0012462076,0
서귀포,모링가,0.0001588036,0
서귀포,아사이베리,5.3002295e-05,0
서귀포,마키베리,0.9999825,1
서귀포,카무카무,5.3002295e-05,0
서귀포,인디안구스베리(암라),0.0004173273,0
서귀포,고투콜라(병풀),0.00040754536,0
서귀포,홀리바질,5.1266452e-05,0
서귀포,버터플라이피,5.3002295e-05,0
서귀포,히비스커스(로젤),0.00015499478,0
서귀포,카바카바,5.3002295e-05,0
서귀포,크라통,5.3002295e-05,0
서귀포,판단,5.3002295e-05,0
서귀포,피멘토,0.00015132001,0
서귀포,하바네로,0.00015132001,0
서귀포,캐롤라이나 리퍼,0.00015132001,0
서귀포,차요테 덩굴 싹,0.99925715,1
서귀포,스피룰리나,5.1092604e-05,0
서귀포,기네아생강,5.3002295e-05,0
서귀포,타마린드,0.0001190001,0
서산,애플망고,1.0129768e-05,0
서산,파파야,1.0268634e-05,0
서산,용과,1.2948464e-05,0
서산,패션후르츠(백향과),1.0605843e-05,0
서산,아보카도,1.0268634e-05,0
서산,구아바,1.0173557e-05,0
서산,리치,1.0704959e-05,0
서산,람부탄,1.0704959e-05,0
서산,망고스틴,1.0704959e-05,0
서산,두리안,1.0224436e-05,0
서산,스타후르츠,1.0704959e-05,0
서산,잭후르츠,1.0224436e-05,0
서산,사포딜라,1.0129768e-05,0
서산,롱간(용안),1.0704959e-05,0
서산,체리모야,1.2126809e-05,0
서산,아세로라,1.0704959e-05,0
서산,아키,1.0268634e-05,0
서산,페이조아,4.45584e-05,0
서산,자부티카바,1.0704959e-05,0
서산,피타야(노란용과),1.2948464e-05,0
서산,노니,1.0268634e-05,0
서산,블랙사포테,1.0173557e-05,0
서산,화이트사포테,1.2948464e-05,0
서산,살락,1.0704959e-05,0
서산,마르멜로(퀸스),0.0018653477,0
서산,산수유가공용 무화과,1.0173557e-05,0
서산,카람볼라 바이올렛,1.0704959e-05,0
서산,플룸코트,0.0008541006,0
서산,핑거라임,1.0605843e-05,0
서산,부다스핸드,1.0605843e-05,0
서산,오크라,1.0129768e-05,0
서산,공심채,1.0268634e-05,0
서산,여주,1.0173557e-05,0
서산,차요테,1.209965e-05,0
서산,아티초크,1.32993355e-05,0
서산,카사바,1.0605843e-05,0
서산,얌(대마),1.0704959e-05,0
서산,타로,1.0704959e-05,0
서산,자색마,1.0704959e-05,0
서산,아라카차,1.1943814e-05,0
서산,제이콘(야콘),1.198762e-05,0
서산,줄기상추(궁채),1.3526376e-05,0
서산,골든비트,1.4264866e-05,0
서산,로마네스코,1.1306985e-05,0
서산,아스파라거스 콩,1.0605843e-05,0
서산,윙드빈(사각콩),1.0704959e-05,0
서산,워터체스트넛,1.0224436e-05,0
서산,고수,1.721577e-05,0
서산,레몬그라스,1.0704959e-05,0
서산,갈랑갈,1.0704959e-05,0
서산,타이바질,1.0173557e-05,0
서산,커리잎,1.0704959e-05,0
서산,몰로키아,1.0268634e-05,0
서산,아이스플랜트,1.543447e-05,0
서산,핑거루트,1.0704959e-05,0
서산,강황,1.0704959e-05,0
서산,차조기(자소엽),1.1499016e-05,0
서산,파카야,1.0268634e-05,0
서산,스네이크고드,1.0268634e-05,0
서산,비터토마토,1.0605843e-05,0
서산,퀴노아,4.5991143e-05,0
서산,아마란스,1.2892732e-05,0
서산,테프,1.2948464e-05,0
서산,카카오,1.0268634e-05,0
서산,커피나무,1.209965e-05,0
서산,바닐라,1.0704959e-05,0
서산,블랙페퍼(후추),1.0704959e-05,0
서산,육두구,1.0704959e-05,0
서산,정향,1.0268634e-05,0
서산,육계(계피),1.0704959e-05,0
서산,사프란,0.99986255,1
서산,카다멈,1.0704959e-05,0
서산,올스파이스,1.0268634e-05,0
서산,과라나,1.0704959e-05,0
서산,마카,0.999956,1
서산,사차인치,1.0704959e-05,0
서산,브라질넛,1.0704959e-05,0
서산,캐슈넛,1.0605843e-05,0
서산,마카다미아,1.0605843e-05,0
서산,사탕수수,1.0224436e-05,0
서산,스테비아,1.0173557e-05,0
서산,모링가,1.2948464e-05,0
서산,아사이베리,1.0704959e-05,0
서산,마키베리,9.871292e-05,0
서산,카무카무,1.0704959e-05,0
서산,인디안구스베리(암라),1.0129768e-05,0
서산,고투콜라(병풀),1.0268634e-05,0
서산,홀리바질,1.0173557e-05,0
서산,버터플라이피,1.0704959e-05,0
서산,히비스커스(로젤),1.0605843e-05,0
서산,카바카바,1.0704959e-05,0
서산,크라통,1.0704959e-05,0
서산,판단,1.0704959e-05,0
서산,피멘토,1.0173557e-05,0
서산,하바네로,1.0173557e-05,0
서산,캐롤라이나 리퍼,1.0173557e-05,0
서산,차요테 덩굴 싹,1.209965e-05,0
서산,스피룰리나,1.0797967e-05,0
서산,기네아생강,1.0704959e-05,0
서산,타마린드,1.0129768e-05,0
서울,애플망고,7.091291e-06,0
서울,파파야,7.1885024e-06,0
서울,용과,9.276088e-06,0
서울,패션후르츠(백향과),7.4245654e-06,0
서울,아보카도,7.1885024e-06,0
서울,구아바,7.121945e-06,0
서울,리치,7.493951e-06,0
서울,람부탄,7.493951e-06,0
서울,망고스틴,7.493951e-06,0
서울,두리안,7.157563e-06,0
서울,스타후르츠,7.493951e-06,0
서울,잭후르츠,7.157563e-06,0
서울,사포딜라,7.091291e-06,0
서울,롱간(용안),7.493951e-06,0
서울,체리모야,8.595372e-06,0
서울,아세로라,7.493951e-06,0
서울,아키,7.1885024e-06,0
서울,페이조아,3.083029e-05,0
서울,자부티카바,7.493951e-06,0
서울,피타야(노란용과),9.276088e-06,0
서울,노니,7.1885024e-06,0
서울,블랙사포테,7.121945e-06,0
서울,화이트사포테,9.276088e-06,0
서울,살락,7.493951e-06,0
서울,마르멜로(퀸스),0.0014251161,0
서울,산수유가공용 무화과,7.3670262e-06,0
서울,카람볼라 바이올렛,7.493951e-06,0
서울,플룸코트,0.0006527922,0
서울,핑거라임,7.4245654e-06,0
서울,부다스핸드,7.4245654e-06,0
서울,오크라,7.091291e-06,0
서울,공심채,7.1885024e-06,0
서울,여주,7.121945e-06,0
서울,차요테,8.724735e-06,0
서울,아티초크,1.05511745e-05,0
서울,카사바,7.4245654e-06,0
서울,얌(대마),7.493951e-06,0
서울,타로,7.493951e-06,0
서울,자색마,7.493951e-06,0
서울,아라카차,9.154565e-06,0
서울,제이콘(야콘),8.643954e-06,0
서울,줄기상추(궁채),8.376804e-06,0
서울,골든비트,8.683663e-06,0
서울,로마네스코,8.830821e-06,0
서울,아스파라거스 콩,7.4245654e-06,0
서울,윙드빈(사각콩),7.493951e-06,0
서울,워터체스트넛,7.157563e-06,0
서울,고수,1.0910494e-05,0
서울,레몬그라스,7.493951e-06,0
서울,갈랑갈,7.493951e-06,0
서울,타이바질,7.121945e-06,0
서울,커리잎,7.493951e-06,0
서울,몰로키아,7.1885024e-06,0
서울,아이스플랜트,1.1195172e-05,0
서울,핑거루트,7.493951e-06,0
서울,강황,7.493951e-06,0
서울,차조기(자소엽),8.291632e-06,0
서울,파카야,7.1885024e-06,0
서울,스네이크고드,7.1885024e-06,0
서울,비터토마토,7.4245654e-06,0
서울,퀴노아,0.00019660662,0
서울,아마란스,9.236162e-06,0
서울,테프,9.276088e-06,0
서울,카카오,7.1885024e-06,0
서울,커피나무,8.724735e-06,0
서울,바닐라,7.493951e-06,0
서울,블랙페퍼(후추),7.493951e-06,0
서울,육두구,7.493951e-06,0
서울,정향,7.1885024e-06,0
서울,육계(계피),7.493951e-06,0
서울,사프란,0.9999691,1
서울,카다멈,7.493951e-06,0
서울,올스파이스,7.1885024e-06,0
서울,과라나,7.493951e-06,0
서울,마카,0.9999397,1
서울,사차인치,7.493951e-06,0
서울,브라질넛,7.493951e-06,0
서울,캐슈넛,7.4245654e-06,0
서울,마카다미아,7.4245654e-06,0
서울,사탕수수,7.157563e-06,0
서울,스테비아,7.121945e-06,0
서울,모링가,9.276088e-06,0
서울,아사이베리,7.493951e-06,0
서울,마키베리,0.000111547415,0
서울,카무카무,7.493951e-06,0
서울,인디안구스베리(암라),7.091291e-06,0
서울,고투콜라(병풀),7.1885024e-06,0
서울,홀리바질,7.121945e-06,0
서울,버터플라이피,7.493951e-06,0
서울,히비스커스(로젤),7.4245654e-06,0
서울,카바카바,7.493951e-06,0
서울,크라통,7.493951e-06,0
서울,판단,7.493951e-06,0
서울,피멘토,7.121945e-06,0
서울,하바네로,7.121945e-06,0
서울,캐롤라이나 리퍼,7.121945e-06,0
서울,차요테 덩굴 싹,8.724735e-06,0
서울,스피룰리나,7.55906e-06,0
서울,기네아생강,7.493951e-06,0
서울,타마린드,7.091291e-06,0
서청주,애플망고,5.560986e-06,0
서청주,파파야,5.63722e-06,0
서청주,용과,7.610446e-06,0
서청주,패션후르츠(백향과),5.9431627e-06,0
서청주,아보카도,5.63722e-06,0
서청주,구아바,5.5850246e-06,0
서청주,리치,5.998704e-06,0
서청주,람부탄,5.998704e-06,0
서청주,망고스틴,5.998704e-06,0
서청주,두리안,5.612956e-06,0
서청주,스타후르츠,5.998704e-06,0
서청주,잭후르츠,5.612956e-06,0
서청주,사포딜라,5.560986e-06,0
서청주,롱간(용안),5.998704e-06,0
서청주,체리모야,5.7794714e-06,0
서청주,아세로라,5.998704e-06,0
서청주,아키,5.63722e-06,0
서청주,페이조아,1.6633803e-05,0
서청주,자부티카바,5.998704e-06,0
서청주,피타야(노란용과),7.610446e-06,0
서청주,노니,5.63722e-06,0
서청주,블랙사포테,5.5850246e-06,0
서청주,화이트사포테,7.610446e-06,0
서청주,살락,5.998704e-06,0
서청주,마르멜로(퀸스),0.99660265,1
서청주,산수유가공용 무화과,7.1157197e-06,0
서청주,카람볼라 바이올렛,5.998704e-06,0
서청주,플룸코트,0.0007731388,0
서청주,핑거라임,5.9431627e-06,0
서청주,부다스핸드,5.9431627e-06,0
서청주,오크라,5.560986e-06,0
서청주,공심채,5.63722e-06,0
서청주,여주,5.5850246e-06,0
서청주,차요테,6.128187e-06,0
서청주,아티초크,7.307668e-06,0
서청주,카사바,5.9431627e-06,0
서청주,얌(대마),5.998704e-06,0
서청주,타로,5.998704e-06,0
서청주,자색마,5.998704e-06,0
서청주,아라카차,6.6431353e-06,0
서청주,제이콘(야콘),6.0714465e-06,0
서청주,줄기상추(궁채),1.2349357e-05,0
서청주,골든비트,1.7578805e-05,0
서청주,로마네스코,5.2150453e-06,0
서청주,아스파라거스 콩,5.9431627e-06,0
서청주,윙드빈(사각콩),5.998704e-06,0
서청주,워터체스트넛,5.612956e-06,0
서청주,고수,1.3783793e-05,0
서청주,레몬그라스,5.998704e-06,0
서청주,갈랑갈,5.998704e-06,0
서청주,타이바질,5.5850246e-06,0
서청주,커리잎,5.998704e-06,0
서청주,몰로키아,5.63722e-06,0
서청주,아이스플랜트,8.227837e-06,0
서청주,핑거루트,5.998704e-06,0
서청주,강황,5.998704e-06,0
서청주,차조기(자소엽),5.7055786e-06,0
서청주,파카야,5.63722e-06,0
서청주,스네이크고드,5.63722e-06,0
서청주,비터토마토,5.9431627e-06,0
서청주,퀴노아,0.07958482,0
서청주,아마란스,7.5776898e-06,0
서청주,테프,7.610446e-06,0
서청주,카카오,5.63722e-06,0
서청주,커피나무,6.128187e-06,0
서청주,바닐라,5.998704e-06,0
서청주,블랙페퍼(후추),5.998704e-06,0
서청주,육두구,5.998704e-06,0
서청주,정향,5.63722e-06,0
서청주,육계(계피),5.998704e-06,0
서청주,사프란,0.9998636,1
서청주,카다멈,5.998704e-06,0
서청주,올스파이스,5.63722e-06,0
서청주,과라나,5.998704e-06,0
서청주,마카,0.2407491,0
서청주,사차인치,5.998704e-06,0
서청주,브라질넛,5.998704e-06,0
서청주,캐슈넛,5.9431627e-06,0
서청주,마카다미아,5.9431627e-06,0
서청주,사탕수수,5.612956e-06,0
서청주,스테비아,5.5850246e-06,0
서청주,모링가,7.610446e-06,0
서청주,아사이베리,5.998704e-06,0
서청주,마키베리,0.015465216,0
서청주,카무카무,5.998704e-06,0
서청주,인디안구스베리(암라),5.560986e-06,0
서청주,고투콜라(병풀),5.63722e-06,0
서청주,홀리바질,5.5850246e-06,0
서청주,버터플라이피,5.998704e-06,0
서청주,히비스커스(로젤),5.9431627e-06,0
서청주,카바카바,5.998704e-06,0
서청주,크라통,5.998704e-06,0
서청주,판단,5.998704e-06,0
서청주,피멘토,5.5850246e-06,0
서청주,하바네로,5.5850246e-06,0
서청주,캐롤라이나 리퍼,5.5850246e-06,0
서청주,차요테 덩굴 싹,6.128187e-06,0
서청주,스피룰리나,5.9278113e-06,0
서청주,기네아생강,5.998704e-06,0
서청주,타마린드,5.560986e-06,0
성산,애플망고,4.4762444e-05,0
성산,파파야,4.5846464e-05,0
성산,용과,7.7074415e-05,0
성산,패션후르츠(백향과),0.0002823222,0
성산,아보카도,0.00020479414,0
성산,구아바,0.00017534569,0
성산,리치,0.00020976724,0
성산,람부탄,4.6959954e-05,0
성산,망고스틴,4.6959954e-05,0
성산,두리안,4.5180757e-05,0
성산,스타후르츠,4.6959954e-05,0
성산,잭후르츠,4.5390207e-05,0
성산,사포딜라,0.00017761333,0
성산,롱간(용안),0.0002734804,0
성산,체리모야,0.0016047263,0
성산,아세로라,0.00017397839,0
성산,아키,4.5846464e-05,0
성산,페이조아,0.0017623653,0
성산,자부티카바,0.00027746402,0
성산,피타야(노란용과),7.7074415e-05,0
성산,노니,4.5846464e-05,0
성산,블랙사포테,0.00017534569,0
성산,화이트사포테,0.00038066562,0
성산,살락,4.6959954e-05,0
성산,마르멜로(퀸스),0.9999844,1
성산,산수유가공용 무화과,0.000958432,0
성산,카람볼라 바이올렛,4.6959954e-05,0
성산,플룸코트,0.9999722,1
성산,핑거라임,0.0002823222,0
성산,부다스핸드,0.00017960381,0
성산,오크라,4.4762444e-05,0
성산,공심채,4.5846464e-05,0
성산,여주,4.542199e-05,0
성산,차요테,0.0005127547,0
성산,아티초크,0.999969,1
성산,카사바,4.652517e-05,0
성산,얌(대마),4.6959954e-05,0
성산,타로,4.6959954e-05,0
성산,자색마,0.00017397839,0
성산,아라카차,0.998708,1
성산,제이콘(야콘),0.001695708,0
성산,줄기상추(궁채),0.9999745,1
성산,골든비트,0.9999784,1
성산,로마네스코,0.99996006,1
성산,아스파라거스 콩,4.652517e-05,0
성산,윙드빈(사각콩),4.6959954e-05,0
성산,워터체스트넛,5.98426e-05,0
성산,고수,0.9999753,1
성산,레몬그라스,0.00017397839,0
성산,갈랑갈,4.6959954e-05,0
성산,타이바질,4.542199e-05,0
성산,커리잎,4.6959954e-05,0
성산,몰로키아,4.5846464e-05,0
성산,아이스플랜트,0.0023092467,0
성산,핑거루트,4.6959954e-05,0
성산,강황,6.2199135e-05,0
성산,차조기(자소엽),0.0016555641,0
성산,파카야,4.5846464e-05,0
성산,스네이크고드,4.5846464e-05,0
성산,비터토마토,4.652517e-05,0
성산,퀴노아,0.99998105,1
성산,아마란스,0.00036808292,0
성산,테프,0.00023617859,0
성산,카카오,4.5846464e-05,0
성산,커피나무,0.0005127547,0
성산,바닐라,4.6959954e-05,0
성산,블랙페퍼(후추),4.6959954e-05,0
성산,육두구,4.6959954e-05,0
성산,정향,4.5846464e-05,0
성산,육계(계피),4.6959954e-05,0
성산,사프란,0.9999801,1
성산,카다멈,4.6959954e-05,0
성산,올스파이스,4.5846464e-05,0
성산,과라나,4.6959954e-05,0
성산,마카,0.019461978,0
성산,사차인치,4.6959954e-05,0
성산,브라질넛,4.6959954e-05,0
성산,캐슈넛,4.652517e-05,0
성산,마카다미아,0.0002823222,0
성산,사탕수수,4.5180757e-05,0
성산,스테비아,0.00027964544,0
성산,모링가,5.826198e-05,0
성산,아사이베리,4.6959954e-05,0
성산,마키베리,0.9999832,1
성산,카무카무,4.6959954e-05,0
성산,인디안구스베리(암라),0.00016995374,0
성산,고투콜라(병풀),0.00016985362,0
성산,홀리바질,4.542199e-05,0
성산,버터플라이피,4.6959954e-05,0
성산,히비스커스(로젤),6.2206374e-05,0
성산,카바카바,4.6959954e-05,0
성산,크라통,4.6959954e-05,0
성산,판단,4.6959954e-05,0
성산,피멘토,6.0731392e-05,0
성산,하바네로,6.0731392e-05,0
성산,캐롤라이나 리퍼,6.0731392e-05,0
성산,차요테 덩굴 싹,0.0005127547,0
성산,스피룰리나,4.526796e-05,0
성산,기네아생강,4.6959954e-05,0
성산,타마린드,4.496996e-05,0
세종,애플망고,6.4578435e-06,0
세종,파파야,6.5463714e-06,0
세종,용과,8.664397e-06,0
세종,패션후르츠(백향과),6.7613473e-06,0
세종,아보카도,6.5463714e-06,0
세종,구아바,6.485759e-06,0
세종,리치,6.8245354e-06,0
세종,람부탄,6.8245354e-06,0
세종,망고스틴,6.8245354e-06,0
세종,두리안,6.5181953e-06,0
세종,스타후르츠,6.8245354e-06,0
세종,잭후르츠,6.5181953e-06,0
세종,사포딜라,6.4578435e-06,0
세종,롱간(용안),6.8245354e-06,0
세종,체리모야,7.2213743e-06,0
세종,아세로라,6.8245354e-06,0
세종,아키,6.5463714e-06,0
세종,페이조아,2.0437501e-05,0
세종,자부티카바,6.8245354e-06,0
세종,피타야(노란용과),8.664397e-06,0
세종,노니,6.5463714e-06,0
세종,블랙사포테,6.485759e-06,0
세종,화이트사포테,8.664397e-06,0
세종,살락,6.8245354e-06,0
세종,마르멜로(퀸스),0.00062466646,0
세종,산수유가공용 무화과,7.978019e-06,0
세종,카람볼라 바이올렛,6.8245354e-06,0
세종,플룸코트,0.00032786487,0
세종,핑거라임,6.7613473e-06,0
세종,부다스핸드,6.7613473e-06,0
세종,오크라,6.4578435e-06,0
세종,공심채,6.5463714e-06,0
세종,여주,6.485759e-06,0
세종,차요테,7.205195e-06,0
세종,아티초크,1.0903566e-05,0
세종,카사바,6.7613473e-06,0
세종,얌(대마),6.8245354e-06,0
세종,타로,6.8245354e-06,0
세종,자색마,6.8245354e-06,0
세종,아라카차,7.1123955e-06,0
세종,제이콘(야콘),7.1384825e-06,0
세종,줄기상추(궁채),7.989455e-06,0
세종,골든비트,1.21439025e-05,0
세종,로마네스코,5.5424343e-06,0
세종,아스파라거스 콩,6.7613473e-06,0
세종,윙드빈(사각콩),6.8245354e-06,0
세종,워터체스트넛,6.5181953e-06,0
세종,고수,1.0785482e-05,0
세종,레몬그라스,6.8245354e-06,0
세종,갈랑갈,6.8245354e-06,0
세종,타이바질,6.485759e-06,0
세종,커리잎,6.8245354e-06,0
세종,몰로키아,6.5463714e-06,0
세종,아이스플랜트,1.0078813e-05,0
세종,핑거루트,6.8245354e-06,0
세종,강황,6.8245354e-06,0
세종,차조기(자소엽),6.8475224e-06,0
세종,파카야,6.5463714e-06,0
세종,스네이크고드,6.5463714e-06,0
세종,비터토마토,6.7613473e-06,0
세종,퀴노아,0.00033976338,0
세종,아마란스,8.627104e-06,0
세종,테프,8.664397e-06,0
세종,카카오,6.5463714e-06,0
세종,커피나무,7.205195e-06,0
세종,바닐라,6.8245354e-06,0
세종,블랙페퍼(후추),6.8245354e-06,0
세종,육두구,6.8245354e-06,0
세종,정향,6.5463714e-06,0
세종,육계(계피),6.8245354e-06,0
세종,사프란,0.9999542,1
세종,카다멈,6.8245354e-06,0
세종,올스파이스,6.5463714e-06,0
세종,과라나,6.8245354e-06,0
세종,마카,0.99928004,1
세종,사차인치,6.8245354e-06,0
세종,브라질넛,6.8245354e-06,0
세종,캐슈넛,6.7613473e-06,0
세종,마카다미아,6.7613473e-06,0
세종,사탕수수,6.5181953e-06,0
세종,스테비아,6.485759e-06,0
세종,모링가,8.664397e-06,0
세종,아사이베리,6.8245354e-06,0
세종,마키베리,0.00026900094,0
세종,카무카무,6.8245354e-06,0
세종,인디안구스베리(암라),6.4578435e-06,0
세종,고투콜라(병풀),6.5463714e-06,0
세종,홀리바질,6.485759e-06,0
세종,버터플라이피,6.8245354e-06,0
세종,히비스커스(로젤),6.7613473e-06,0
세종,카바카바,6.8245354e-06,0
세종,크라통,6.8245354e-06,0
세종,판단,6.8245354e-06,0
세종,피멘토,6.485759e-06,0
세종,하바네로,6.485759e-06,0
세종,캐롤라이나 리퍼,6.485759e-06,0
세종,차요테 덩굴 싹,7.205195e-06,0
세종,스피룰리나,6.8838285e-06,0
세종,기네아생강,6.8245354e-06,0
세종,타마린드,6.4578435e-06,0
속초,애플망고,1.5338126e-05,0
속초,파파야,1.553674e-05,0
속초,용과,1.9469879e-05,0
속초,패션후르츠(백향과),1.6046943e-05,0
속초,아보카도,1.553674e-05,0
속초,구아바,1.5392887e-05,0
속초,리치,1.6196907e-05,0
속초,람부탄,1.6196907e-05,0
속초,망고스틴,1.6196907e-05,0
속초,두리안,1.5481466e-05,0
속초,스타후르츠,1.6196907e-05,0
속초,잭후르츠,1.5481466e-05,0
속초,사포딜라,1.5338126e-05,0
속초,롱간(용안),1.6196907e-05,0
속초,체리모야,1.761317e-05,0
속초,아세로라,1.6196907e-05,0
속초,아키,1.553674e-05,0
속초,페이조아,0.000388474,0
속초,자부티카바,1.6196907e-05,0
속초,피타야(노란용과),1.9469879e-05,0
속초,노니,1.553674e-05,0
속초,블랙사포테,1.5392887e-05,0
속초,화이트사포테,1.9469879e-05,0
속초,살락,1.6196907e-05,0
속초,마르멜로(퀸스),0.007386179,0
속초,산수유가공용 무화과,3.2463013e-05,0
속초,카람볼라 바이올렛,1.6196907e-05,0
속초,플룸코트,0.0035520906,0
속초,핑거라임,1.6046943e-05,0
속초,부다스핸드,1.6046943e-05,0
속초,오크라,1.5338126e-05,0
속초,공심채,1.553674e-05,0
속초,여주,1.5392887e-05,0
속초,차요테,1.7864857e-05,0
속초,아티초크,6.5891596e-05,0
속초,카사바,1.6046943e-05,0
속초,얌(대마),1.6196907e-05,0
속초,타로,1.6196907e-05,0
속초,자색마,1.6196907e-05,0
속초,아라카차,1.8744953e-05,0
속초,제이콘(야콘),1.7699447e-05,0
속초,줄기상추(궁채),2.1231588e-05,0
속초,골든비트,2.2025839e-05,0
속초,로마네스코,1.8082075e-05,0
속초,아스파라거스 콩,1.6046943e-05,0
속초,윙드빈(사각콩),1.6196907e-05,0
속초,워터체스트넛,1.5481466e-05,0
속초,고수,2.6855016e-05,0
속초,레몬그라스,1.6196907e-05,0
속초,갈랑갈,1.6196907e-05,0
속초,타이바질,1.5392887e-05,0
속초,커리잎,1.6196907e-05,0
속초,몰로키아,1.553674e-05,0
속초,아이스플랜트,2.227822e-05,0
속초,핑거루트,1.6196907e-05,0
속초,강황,1.6196907e-05,0
속초,차조기(자소엽),1.6978038e-05,0
속초,파카야,1.553674e-05,0
속초,스네이크고드,1.553674e-05,0
속초,비터토마토,1.6046943e-05,0
속초,퀴노아,0.00041522807,0
속초,아마란스,1.9400617e-05,0
속초,테프,1.9469879e-05,0
속초,카카오,1.553674e-05,0
속초,커피나무,1.7864857e-05,0
속초,바닐라,1.6196907e-05,0
속초,블랙페퍼(후추),1.6196907e-05,0
속초,육두구,1.6196907e-05,0
속초,정향,1.553674e-05,0
속초,육계(계피),1.6196907e-05,0
속초,사프란,0.99996436,1
속초,카다멈,1.6196907e-05,0
속초,올스파이스,1.553674e-05,0
속초,과라나,1.6196907e-05,0
속초,마카,0.99995863,1
속초,사차인치,1.6196907e-05,0
속초,브라질넛,1.6196907e-05,0
속초,캐슈넛,1.6046943e-05,0
속초,마카다미아,1.6046943e-05,0
속초,사탕수수,1.5481466e-05,0
속초,스테비아,1.5392887e-05,0
속초,모링가,1.9469879e-05,0
속초,아사이베리,1.6196907e-05,0
속초,마키베리,0.00079836586,0
속초,카무카무,1.6196907e-05,0
속초,인디안구스베리(암라),1.5338126e-05,0
속초,고투콜라(병풀),1.553674e-05,0
속초,홀리바질,1.5392887e-05,0
속초,버터플라이피,1.6196907e-05,0
속초,히비스커스(로젤),1.6046943e-05,0
속초,카바카바,1.6196907e-05,0
속초,크라통,1.6196907e-05,0
속초,판단,1.6196907e-05,0
속초,피멘토,1.5392887e-05,0
속초,하바네로,1.5392887e-05,0
속초,캐롤라이나 리퍼,1.5392887e-05,0
속초,차요테 덩굴 싹,1.7864857e-05,0
속초,스피룰리나,1.634988e-05,0
속초,기네아생강,1.6196907e-05,0
속초,타마린드,1.5338126e-05,0
수원,애플망고,7.814689e-06,0
수원,파파야,7.699039e-06,0
수원,용과,1.00025745e-05,0
수원,패션후르츠(백향과),8.181961e-06,0
수원,아보카도,7.699039e-06,0
수원,구아바,7.84847e-06,0
수원,리치,8.026181e-06,0
수원,람부탄,8.026181e-06,0
수원,망고스틴,8.026181e-06,0
수원,두리안,7.665901e-06,0
수원,스타후르츠,8.026181e-06,0
수원,잭후르츠,7.665901e-06,0
수원,사포딜라,7.814689e-06,0
수원,롱간(용안),8.026181e-06,0
수원,체리모야,9.355334e-06,0
수원,아세로라,8.026181e-06,0
수원,아키,7.699039e-06,0
수원,페이조아,2.5371308e-05,0
수원,자부티카바,8.026181e-06,0
수원,피타야(노란용과),1.00025745e-05,0
수원,노니,7.699039e-06,0
수원,블랙사포테,7.84847e-06,0
수원,화이트사포테,1.00025745e-05,0
수원,살락,8.026181e-06,0
수원,마르멜로(퀸스),0.00088940223,0
수원,산수유가공용 무화과,7.84847e-06,0
수원,카람볼라 바이올렛,8.026181e-06,0
수원,플룸코트,0.00041634403,0
수원,핑거라임,8.181961e-06,0
수원,부다스핸드,8.181961e-06,0
수원,오크라,7.814689e-06,0
수원,공심채,7.699039e-06,0
수원,여주,7.84847e-06,0
수원,차요테,9.071871e-06,0
수원,아티초크,1.0564959e-05,0
수원,카사바,8.181961e-06,0
수원,얌(대마),8.026181e-06,0
수원,타로,8.026181e-06,0
수원,자색마,8.026181e-06,0
수원,아라카차,9.214151e-06,0
수원,제이콘(야콘),9.247947e-06,0
수원,줄기상추(궁채),9.937984e-06,0
수원,골든비트,1.0480563e-05,0
수원,로마네스코,8.477558e-06,0
수원,아스파라거스 콩,8.181961e-06,0
수원,윙드빈(사각콩),8.026181e-06,0
수원,워터체스트넛,7.665901e-06,0
수원,고수,1.2665572e-05,0
수원,레몬그라스,8.026181e-06,0
수원,갈랑갈,8.026181e-06,0
수원,타이바질,7.84847e-06,0
수원,커리잎,8.026181e-06,0
수원,몰로키아,7.699039e-06,0
수원,아이스플랜트,1.192301e-05,0
수원,핑거루트,8.026181e-06,0
수원,강황,8.026181e-06,0
수원,차조기(자소엽),8.871008e-06,0
수원,파카야,7.699039e-06,0
수원,스네이크고드,7.699039e-06,0
수원,비터토마토,8.181961e-06,0
수원,퀴노아,0.0001224154,0
수원,아마란스,9.959522e-06,0
수원,테프,1.00025745e-05,0
수원,카카오,7.699039e-06,0
수원,커피나무,9.071871e-06,0
수원,바닐라,8.026181e-06,0
수원,블랙페퍼(후추),8.026181e-06,0
수원,육두구,8.026181e-06,0
수원,정향,7.699039e-06,0
수원,육계(계피),8.026181e-06,0
수원,사프란,0.99976593,1
수원,카다멈,8.026181e-06,0
수원,올스파이스,7.699039e-06,0
수원,과라나,8.026181e-06,0
수원,마카,0.9999579,1
수원,사차인치,8.026181e-06,0
수원,브라질넛,8.026181e-06,0
수원,캐슈넛,8.181961e-06,0
수원,마카다미아,8.181961e-06,0
수원,사탕수수,7.665901e-06,0
수원,스테비아,7.84847e-06,0
수원,모링가,1.00025745e-05,0
수원,아사이베리,8.026181e-06,0
수원,마키베리,8.4016465e-05,0
수원,카무카무,8.026181e-06,0
수원,인디안구스베리(암라),7.814689e-06,0
수원,고투콜라(병풀),7.699039e-06,0
수원,홀리바질,7.84847e-06,0
수원,버터플라이피,8.026181e-06,0
수원,히비스커스(로젤),8.181961e-06,0
수원,카바카바,8.026181e-06,0
수원,크라통,8.026181e-06,0
수원,판단,8.026181e-06,0
수원,피멘토,7.84847e-06,0
수원,하바네로,7.84847e-06,0
수원,캐롤라이나 리퍼,7.84847e-06,0
수원,차요테 덩굴 싹,9.071871e-06,0
수원,스피룰리나,8.0959135e-06,0
수원,기네아생강,8.026181e-06,0
수원,타마린드,7.814689e-06,0
순창군,애플망고,1.5377274e-05,0
순창군,파파야,1.5461386e-05,0
순창군,용과,1.8671251e-05,0
순창군,패션후르츠(백향과),1.6431193e-05,0
순창군,아보카도,1.5461386e-05,0
순창군,구아바,1.5761474e-05,0
순창군,리치,1.6118354e-05,0
순창군,람부탄,1.6118354e-05,0
순창군,망고스틴,1.6118354e-05,0
순창군,두리안,1.5084503e-05,0
순창군,스타후르츠,1.6118354e-05,0
순창군,잭후르츠,1.5084503e-05,0
순창군,사포딜라,1.5377274e-05,0
순창군,롱간(용안),1.6118354e-05,0
순창군,체리모야,1.7658125e-05,0
순창군,아세로라,1.6118354e-05,0
순창군,아키,1.5461386e-05,0
순창군,페이조아,0.0001764291,0
순창군,자부티카바,1.6118354e-05,0
순창군,피타야(노란용과),1.8671251e-05,0
순창군,노니,1.5461386e-05,0
순창군,블랙사포테,1.5761474e-05,0
순창군,화이트사포테,1.8671251e-05,0
순창군,살락,1.6118354e-05,0
순창군,마르멜로(퀸스),0.0098012425,0
순창군,산수유가공용 무화과,1.656202e-05,0
순창군,카람볼라 바이올렛,1.6118354e-05,0
순창군,플룸코트,0.004256163,0
순창군,핑거라임,1.6431193e-05,0
순창군,부다스핸드,1.6431193e-05,0
순창군,오크라,1.5377274e-05,0
순창군,공심채,1.5461386e-05,0
순창군,여주,1.5761474e-05,0
순창군,차요테,1.7778213e-05,0
순창군,아티초크,2.036837e-05,0
순창군,카사바,1.6431193e-05,0
순창군,얌(대마),1.6118354e-05,0
순창군,타로,1.6118354e-05,0
순창군,자색마,1.6118354e-05,0
순창군,아라카차,1.8057037e-05,0
순창군,제이콘(야콘),1.8123266e-05,0
순창군,줄기상추(궁채),2.1341735e-05,0
순창군,골든비트,2.1677544e-05,0
순창군,로마네스코,1.6928645e-05,0
순창군,아스파라거스 콩,1.6431193e-05,0
순창군,윙드빈(사각콩),1.6118354e-05,0
순창군,워터체스트넛,1.5084503e-05,0
순창군,고수,2.5281679e-05,0
순창군,레몬그라스,1.6118354e-05,0
순창군,갈랑갈,1.6118354e-05,0
순창군,타이바질,1.5761474e-05,0
순창군,커리잎,1.6118354e-05,0
순창군,몰로키아,1.5461386e-05,0
순창군,아이스플랜트,2.0918043e-05,0
순창군,핑거루트,1.6118354e-05,0
순창군,강황,1.6118354e-05,0
순창군,차조기(자소엽),1.7384582e-05,0
순창군,파카야,1.5461386e-05,0
순창군,스네이크고드,1.5461386e-05,0
순창군,비터토마토,1.6431193e-05,0
순창군,퀴노아,9.2928574e-05,0
순창군,아마란스,1.8216126e-05,0
순창군,테프,1.8671251e-05,0
순창군,카카오,1.5461386e-05,0
순창군,커피나무,1.7778213e-05,0
순창군,바닐라,1.6118354e-05,0
순창군,블랙페퍼(후추),1.6118354e-05,0
순창군,육두구,1.6118354e-05,0
순창군,정향,1.5461386e-05,0
순창군,육계(계피),1.6118354e-05,0
순창군,사프란,0.9999591,1
순창군,카다멈,1.6118354e-05,0
순창군,올스파이스,1.5461386e-05,0
순창군,과라나,1.6118354e-05,0
순창군,마카,0.99996424,1
순창군,사차인치,1.6118354e-05,0
순창군,브라질넛,1.6118354e-05,0
순창군,캐슈넛,1.6431193e-05,0
순창군,마카다미아,1.6431193e-05,0
순창군,사탕수수,1.5084503e-05,0
순창군,스테비아,1.5761474e-05,0
순창군,모링가,1.8671251e-05,0
순창군,아사이베리,1.6118354e-05,0
순창군,마키베리,0.00049353373,0
순창군,카무카무,1.6118354e-05,0
순창군,인디안구스베리(암라),1.5377274e-05,0
순창군,고투콜라(병풀),1.5461386e-05,0
순창군,홀리바질,1.5761474e-05,0
순창군,버터플라이피,1.6118354e-05,0
순창군,히비스커스(로젤),1.6431193e-05,0
순창군,카바카바,1.6118354e-05,0
순창군,크라통,1.6118354e-05,0
순창군,판단,1.6118354e-05,0
순창군,피멘토,1.5761474e-05,0
순창군,하바네로,1.5761474e-05,0
순창군,캐롤라이나 리퍼,1.5761474e-05,0
순창군,차요테 덩굴 싹,1.7778213e-05,0
순창군,스피룰리나,1.593065e-05,0
순창군,기네아생강,1.6118354e-05,0
순창군,타마린드,1.5377274e-05,0
순천,애플망고,1.3880458e-05,0
순천,파파야,1.4060196e-05,0
순천,용과,1.6519603e-05,0
순천,패션후르츠(백향과),1.4521913e-05,0
순천,아보카도,1.4060196e-05,0
순천,구아바,1.3930014e-05,0
순천,리치,1.4657627e-05,0
순천,람부탄,1.4657627e-05,0
순천,망고스틴,1.4657627e-05,0
순천,두리안,1.40101765e-05,0
순천,스타후르츠,1.4657627e-05,0
순천,잭후르츠,1.40101765e-05,0
순천,사포딜라,1.3880458e-05,0
순천,롱간(용안),1.4657627e-05,0
순천,체리모야,1.5939295e-05,0
순천,아세로라,1.4657627e-05,0
순천,아키,1.4060196e-05,0
순천,페이조아,0.00016781333,0
순천,자부티카바,1.4657627e-05,0
순천,피타야(노란용과),1.6519603e-05,0
순천,노니,1.4060196e-05,0
순천,블랙사포테,1.3930014e-05,0
순천,화이트사포테,1.6519603e-05,0
순천,살락,1.4657627e-05,0
순천,마르멜로(퀸스),0.010707276,0
순천,산수유가공용 무화과,3.2229873e-05,0
순천,카람볼라 바이올렛,1.4657627e-05,0
순천,플룸코트,0.0046520135,0
순천,핑거라임,1.4521913e-05,0
순천,부다스핸드,1.4521913e-05,0
순천,오크라,1.3880458e-05,0
순천,공심채,1.4060196e-05,0
순천,여주,1.3930014e-05,0
순천,차요테,1.6167063e-05,0
순천,아티초크,5.2857784e-05,0
순천,카사바,1.4521913e-05,0
순천,얌(대마),1.4657627e-05,0
순천,타로,1.4657627e-05,0
순천,자색마,1.4657627e-05,0
순천,아라카차,1.595884e-05,0
순천,제이콘(야콘),1.6017373e-05,0
순천,줄기상추(궁채),1.8471124e-05,0
순천,골든비트,1.9162111e-05,0
순천,로마네스코,1.5394487e-05,0
순천,아스파라거스 콩,1.4521913e-05,0
순천,윙드빈(사각콩),1.4657627e-05,0
순천,워터체스트넛,1.40101765e-05,0
순천,고수,2.1904889e-05,0
순천,레몬그라스,1.4657627e-05,0
순천,갈랑갈,1.4657627e-05,0
순천,타이바질,1.3930014e-05,0
순천,커리잎,1.4657627e-05,0
순천,몰로키아,1.4060196e-05,0
순천,아이스플랜트,1.8902403e-05,0
순천,핑거루트,1.4657627e-05,0
순천,강황,1.4657627e-05,0
순천,차조기(자소엽),1.5364523e-05,0
순천,파카야,1.4060196e-05,0
순천,스네이크고드,1.4060196e-05,0
순천,비터토마토,1.4521913e-05,0
순천,퀴노아,0.00016496601,0
순천,아마란스,1.6460835e-05,0
순천,테프,1.6519603e-05,0
순천,카카오,1.4060196e-05,0
순천,커피나무,1.6167063e-05,0
순천,바닐라,1.4657627e-05,0
순천,블랙페퍼(후추),1.4657627e-05,0
순천,육두구,1.4657627e-05,0
순천,정향,1.4060196e-05,0
순천,육계(계피),1.4657627e-05,0
순천,사프란,0.9999697,1
순천,카다멈,1.4657627e-05,0
순천,올스파이스,1.4060196e-05,0
순천,과라나,1.4657627e-05,0
순천,마카,0.9999666,1
순천,사차인치,1.4657627e-05,0
순천,브라질넛,1.4657627e-05,0
순천,캐슈넛,1.4521913e-05,0
순천,마카다미아,1.4521913e-05,0
순천,사탕수수,1.40101765e-05,0
순천,스테비아,1.3930014e-05,0
순천,모링가,1.6519603e-05,0
순천,아사이베리,1.4657627e-05,0
순천,마키베리,0.00092948414,0
순천,카무카무,1.4657627e-05,0
순천,인디안구스베리(암라),1.3880458e-05,0
순천,고투콜라(병풀),1.4060196e-05,0
순천,홀리바질,1.3930014e-05,0
순천,버터플라이피,1.4657627e-05,0
순천,히비스커스(로젤),1.4521913e-05,0
순천,카바카바,1.4657627e-05,0
순천,크라통,1.4657627e-05,0
순천,판단,1.4657627e-05,0
순천,피멘토,1.3930014e-05,0
순천,하바네로,1.3930014e-05,0
순천,캐롤라이나 리퍼,1.3930014e-05,0
순천,차요테 덩굴 싹,1.6167063e-05,0
순천,스피룰리나,1.4796061e-05,0
순천,기네아생강,1.4657627e-05,0
순천,타마린드,1.3880458e-05,0
안동,애플망고,8.107967e-06,0
안동,파파야,7.987977e-06,0
안동,용과,1.0605994e-05,0
안동,패션후르츠(백향과),8.489023e-06,0
안동,아보카도,7.987977e-06,0
안동,구아바,8.143016e-06,0
안동,리치,8.327395e-06,0
안동,람부탄,8.327395e-06,0
안동,망고스틴,8.327395e-06,0
안동,두리안,7.953596e-06,0
안동,스타후르츠,8.327395e-06,0
안동,잭후르츠,7.953596e-06,0
안동,사포딜라,8.107967e-06,0
안동,롱간(용안),8.327395e-06,0
안동,체리모야,9.101794e-06,0
안동,아세로라,8.327395e-06,0
안동,아키,7.987977e-06,0
안동,페이조아,1.8846891e-05,0
안동,자부티카바,8.327395e-06,0
안동,피타야(노란용과),1.0605994e-05,0
안동,노니,7.987977e-06,0
안동,블랙사포테,8.143016e-06,0
안동,화이트사포테,1.0605994e-05,0
안동,살락,8.327395e-06,0
안동,마르멜로(퀸스),0.00051093125,0
안동,산수유가공용 무화과,8.143016e-06,0
안동,카람볼라 바이올렛,8.327395e-06,0
안동,플룸코트,0.0002567309,0
안동,핑거라임,8.489023e-06,0
안동,부다스핸드,8.489023e-06,0
안동,오크라,8.107967e-06,0
안동,공심채,7.987977e-06,0
안동,여주,8.143016e-06,0
안동,차요테,9.18526e-06,0
안동,아티초크,1.02655e-05,0
안동,카사바,8.489023e-06,0
안동,얌(대마),8.327395e-06,0
안동,타로,8.327395e-06,0
안동,자색마,8.327395e-06,0
안동,아라카차,9.329318e-06,0
안동,제이콘(야콘),9.363536e-06,0
안동,줄기상추(궁채),1.0584321e-05,0
안동,골든비트,1.0725622e-05,0
안동,로마네스코,8.583519e-06,0
안동,아스파라거스 콩,8.489023e-06,0
안동,윙드빈(사각콩),8.327395e-06,0
안동,워터체스트넛,7.953596e-06,0
안동,고수,1.37857e-05,0
안동,레몬그라스,8.327395e-06,0
안동,갈랑갈,8.327395e-06,0
안동,타이바질,8.143016e-06,0
안동,커리잎,8.327395e-06,0
안동,몰로키아,7.987977e-06,0
안동,아이스플랜트,1.1854766e-05,0
안동,핑거루트,8.327395e-06,0
안동,강황,8.327395e-06,0
안동,차조기(자소엽),8.981886e-06,0
안동,파카야,7.987977e-06,0
안동,스네이크고드,7.987977e-06,0
안동,비터토마토,8.489023e-06,0
안동,퀴노아,6.328759e-05,0
안동,아마란스,1.0560345e-05,0
안동,테프,1.0605994e-05,0
안동,카카오,7.987977e-06,0
안동,커피나무,9.18526e-06,0
안동,바닐라,8.327395e-06,0
안동,블랙페퍼(후추),8.327395e-06,0
안동,육두구,8.327395e-06,0
안동,정향,7.987977e-06,0
안동,육계(계피),8.327395e-06,0
안동,사프란,0.9998522,1
안동,카다멈,8.327395e-06,0
안동,올스파이스,7.987977e-06,0
안동,과라나,8.327395e-06,0
안동,마카,0.99994004,1
안동,사차인치,8.327395e-06,0
안동,브라질넛,8.327395e-06,0
안동,캐슈넛,8.489023e-06,0
안동,마카다미아,8.489023e-06,0
안동,사탕수수,7.953596e-06,0
안동,스테비아,8.143016e-06,0
안동,모링가,1.0605994e-05,0
안동,아사이베리,8.327395e-06,0
안동,마키베리,5.979947e-05,0
안동,카무카무,8.327395e-06,0
안동,인디안구스베리(암라),8.107967e-06,0
안동,고투콜라(병풀),7.987977e-06,0
안동,홀리바질,8.143016e-06,0
안동,버터플라이피,8.327395e-06,0
안동,히비스커스(로젤),8.489023e-06,0
안동,카바카바,8.327395e-06,0
안동,크라통,8.327395e-06,0
안동,판단,8.327395e-06,0
안동,피멘토,8.143016e-06,0
안동,하바네로,8.143016e-06,0
안동,캐롤라이나 리퍼,8.143016e-06,0
안동,차요테 덩굴 싹,9.18526e-06,0
안동,스피룰리나,8.399746e-06,0
안동,기네아생강,8.327395e-06,0
안동,타마린드,8.107967e-06,0
양산시,애플망고,1.7822094e-05,0
양산시,파파야,1.8044866e-05,0
양산시,용과,2.3723467e-05,0
양산시,패션후르츠(백향과),2.7999327e-05,0
양산시,아보카도,1.8044866e-05,0
양산시,구아바,1.8395078e-05,0
양산시,리치,1.8483142e-05,0
양산시,람부탄,1.8483142e-05,0
양산시,망고스틴,1.8483142e-05,0
양산시,두리안,1.7482758e-05,0
양산시,스타후르츠,1.8483142e-05,0
양산시,잭후르츠,1.7482758e-05,0
양산시,사포딜라,1.7822094e-05,0
양산시,롱간(용안),2.7208749e-05,0
양산시,체리모야,3.133338e-05,0
양산시,아세로라,1.8483142e-05,0
양산시,아키,1.8044866e-05,0
양산시,페이조아,0.00025856073,0
양산시,자부티카바,2.0010262e-05,0
양산시,피타야(노란용과),2.3723467e-05,0
양산시,노니,1.8044866e-05,0
양산시,블랙사포테,1.8395078e-05,0
양산시,화이트사포테,3.2162785e-05,0
양산시,살락,1.8483142e-05,0
양산시,마르멜로(퀸스),0.99995446,1
양산시,산수유가공용 무화과,4.7429454e-05,0
양산시,카람볼라 바이올렛,1.8483142e-05,0
양산시,플룸코트,0.9996501,1
양산시,핑거라임,2.7999327e-05,0
양산시,부다스핸드,1.884186e-05,0
양산시,오크라,1.7822094e-05,0
양산시,공심채,1.8044866e-05,0
양산시,여주,1.8395078e-05,0
양산시,차요테,2.1489845e-05,0
양산시,아티초크,0.106148705,0
양산시,카사바,1.884186e-05,0
양산시,얌(대마),1.8483142e-05,0
양산시,타로,1.8483142e-05,0
양산시,자색마,1.8483142e-05,0
양산시,아라카차,3.4256434e-05,0
양산시,제이콘(야콘),3.3126227e-05,0
양산시,줄기상추(궁채),0.9932807,1
양산시,골든비트,0.999448,1
양산시,로마네스코,0.27608514,0
양산시,아스파라거스 콩,1.884186e-05,0
양산시,윙드빈(사각콩),1.8483142e-05,0
양산시,워터체스트넛,1.7482758e-05,0
양산시,고수,0.9922329,1
양산시,레몬그라스,1.8483142e-05,0
양산시,갈랑갈,1.8483142e-05,0
양산시,타이바질,1.8395078e-05,0
양산시,커리잎,1.8483142e-05,0
양산시,몰로키아,1.8044866e-05,0
양산시,아이스플랜트,4.2924556e-05,0
양산시,핑거루트,1.8483142e-05,0
양산시,강황,1.8483142e-05,0
양산시,차조기(자소엽),3.234074e-05,0
양산시,파카야,1.8044866e-05,0
양산시,스네이크고드,1.8044866e-05,0
양산시,비터토마토,1.884186e-05,0
양산시,퀴노아,0.99985087,1
양산시,아마란스,3.478652e-05,0
양산시,테프,2.3723467e-05,0
양산시,카카오,1.8044866e-05,0
양산시,커피나무,2.1489845e-05,0
양산시,바닐라,1.8483142e-05,0
양산시,블랙페퍼(후추),1.8483142e-05,0
양산시,육두구,1.8483142e-05,0
양산시,정향,1.8044866e-05,0
양산시,육계(계피),1.8483142e-05,0
양산시,사프란,0.9999621,1
양산시,카다멈,1.8483142e-05,0
양산시,올스파이스,1.8044866e-05,0
양산시,과라나,1.8483142e-05,0
양산시,마카,0.003091821,0
양산시,사차인치,1.8483142e-05,0
양산시,브라질넛,1.8483142e-05,0
양산시,캐슈넛,1.884186e-05,0
양산시,마카다미아,2.7999327e-05,0
양산시,사탕수수,1.7482758e-05,0
양산시,스테비아,2.1236934e-05,0
양산시,모링가,2.3723467e-05,0
양산시,아사이베리,1.8483142e-05,0
양산시,마키베리,0.9999634,1
양산시,카무카무,1.8483142e-05,0
양산시,인디안구스베리(암라),1.7822094e-05,0
양산시,고투콜라(병풀),1.8044866e-05,0
양산시,홀리바질,1.8395078e-05,0
양산시,버터플라이피,1.8483142e-05,0
양산시,히비스커스(로젤),1.884186e-05,0
양산시,카바카바,1.8483142e-05,0
양산시,크라통,1.8483142e-05,0
양산시,판단,1.8483142e-05,0
양산시,피멘토,1.8395078e-05,0
양산시,하바네로,1.8395078e-05,0
양산시,캐롤라이나 리퍼,1.8395078e-05,0
양산시,차요테 덩굴 싹,2.1489845e-05,0
양산시,스피룰리나,1.8463446e-05,0
양산시,기네아생강,1.8483142e-05,0
양산시,타마린드,1.7822094e-05,0
양평,애플망고,7.866288e-06,0
양평,파파야,7.974125e-06,0
양평,용과,1.006862e-05,0
양평,패션후르츠(백향과),8.235986e-06,0
양평,아보카도,7.974125e-06,0
양평,구아바,7.900292e-06,0
양평,리치,8.312954e-06,0
양평,람부탄,8.312954e-06,0
양평,망고스틴,8.312954e-06,0
양평,두리안,7.939803e-06,0
양평,스타후르츠,8.312954e-06,0
양평,잭후르츠,7.939803e-06,0
양평,사포딜라,7.866288e-06,0
양평,롱간(용안),8.312954e-06,0
양평,체리모야,9.048792e-06,0
양평,아세로라,8.312954e-06,0
양평,아키,7.974125e-06,0
양평,페이조아,2.2431672e-05,0
양평,자부티카바,8.312954e-06,0
양평,피타야(노란용과),1.006862e-05,0
양평,노니,7.974125e-06,0
양평,블랙사포테,7.900292e-06,0
양평,화이트사포테,1.006862e-05,0
양평,살락,8.312954e-06,0
양평,마르멜로(퀸스),0.0008108937,0
양평,산수유가공용 무화과,7.900292e-06,0
양평,카람볼라 바이올렛,8.312954e-06,0
양평,플룸코트,0.00039973616,0
양평,핑거라임,8.235986e-06,0
양평,부다스핸드,8.235986e-06,0
양평,오크라,7.866288e-06,0
양평,공심채,7.974125e-06,0
양평,여주,7.900292e-06,0
양평,차요테,9.396008e-06,0
양평,아티초크,1.0218782e-05,0
양평,카사바,8.235986e-06,0
양평,얌(대마),8.312954e-06,0
양평,타로,8.312954e-06,0
양평,자색마,8.312954e-06,0
양평,아라카차,9.2749915e-06,0
양평,제이콘(야콘),9.30901e-06,0
양평,줄기상추(궁채),1.0955317e-05,0
양평,골든비트,1.110157e-05,0
양평,로마네스코,8.78046e-06,0
양평,아스파라거스 콩,8.235986e-06,0
양평,윙드빈(사각콩),8.312954e-06,0
양평,워터체스트넛,7.939803e-06,0
양평,고수,1.3962121e-05,0
양평,레몬그라스,8.312954e-06,0
양평,갈랑갈,8.312954e-06,0
양평,타이바질,7.900292e-06,0
양평,커리잎,8.312954e-06,0
양평,몰로키아,7.974125e-06,0
양평,아이스플랜트,1.15323355e-05,0
양평,핑거루트,8.312954e-06,0
양평,강황,8.312954e-06,0
양평,차조기(자소엽),8.929583e-06,0
양평,파카야,7.974125e-06,0
양평,스네이크고드,7.974125e-06,0
양평,비터토마토,8.235986e-06,0
양평,퀴노아,1.900625e-05,0
양평,아마란스,1.0025284e-05,0
양평,테프,1.006862e-05,0
양평,카카오,7.974125e-06,0
양평,커피나무,9.396008e-06,0
양평,바닐라,8.312954e-06,0
양평,블랙페퍼(후추),8.312954e-06,0
양평,육두구,8.312954e-06,0
양평,정향,7.974125e-06,0
양평,육계(계피),8.312954e-06,0
양평,사프란,0.99726486,1
양평,카다멈,8.312954e-06,0
양평,올스파이스,7.974125e-06,0
양평,과라나,8.312954e-06,0
양평,마카,0.99995553,1
양평,사차인치,8.312954e-06,0
양평,브라질넛,8.312954e-06,0
양평,캐슈넛,8.235986e-06,0
양평,마카다미아,8.235986e-06,0
양평,사탕수수,7.939803e-06,0
양평,스테비아,7.900292e-06,0
양평,모링가,1.006862e-05,0
양평,아사이베리,8.312954e-06,0
양평,마키베리,5.780249e-05,0
양평,카무카무,8.312954e-06,0
양평,인디안구스베리(암라),7.866288e-06,0
양평,고투콜라(병풀),7.974125e-06,0
양평,홀리바질,7.900292e-06,0
양평,버터플라이피,8.312954e-06,0
양평,히비스커스(로젤),8.235986e-06,0
양평,카바카바,8.312954e-06,0
양평,크라통,8.312954e-06,0
양평,판단,8.312954e-06,0
양평,피멘토,7.900292e-06,0
양평,하바네로,7.900292e-06,0
양평,캐롤라이나 리퍼,7.900292e-06,0
양평,차요테 덩굴 싹,9.396008e-06,0
양평,스피룰리나,8.385179e-06,0
양평,기네아생강,8.312954e-06,0
양평,타마린드,7.866288e-06,0
여수,애플망고,3.2092776e-05,0
여수,파파야,3.222637e-05,0
여수,용과,4.4644017e-05,0
여수,패션후르츠(백향과),5.559746e-05,0
여수,아보카도,4.103232e-05,0
여수,구아바,3.899104e-05,0
여수,리치,4.2028892e-05,0
여수,람부탄,3.3009073e-05,0
여수,망고스틴,3.3009073e-05,0
여수,두리안,3.239269e-05,0
여수,스타후르츠,3.3009073e-05,0
여수,잭후르츠,3.239269e-05,0
여수,사포딜라,4.202781e-05,0
여수,롱간(용안),5.385576e-05,0
여수,체리모야,0.00011706951,0
여수,아세로라,3.993339e-05,0
여수,아키,3.222637e-05,0
여수,페이조아,0.0004385323,0
여수,자부티카바,9.166237e-05,0
여수,피타야(노란용과),4.4644017e-05,0
여수,노니,3.222637e-05,0
여수,블랙사포테,3.899104e-05,0
여수,화이트사포테,0.00015144964,0
여수,살락,3.3009073e-05,0
여수,마르멜로(퀸스),0.99998033,1
여수,산수유가공용 무화과,0.00014733452,0
여수,카람볼라 바이올렛,3.3009073e-05,0
여수,플룸코트,0.9998197,1
여수,핑거라임,5.559746e-05,0
여수,부다스핸드,3.993804e-05,0
여수,오크라,3.2092776e-05,0
여수,공심채,3.222637e-05,0
여수,여주,3.1927993e-05,0
여수,차요테,5.2818883e-05,0
여수,아티초크,0.99958557,1
여수,카사바,3.270345e-05,0
여수,얌(대마),3.3009073e-05,0
여수,타로,3.3009073e-05,0
여수,자색마,3.993339e-05,0
여수,아라카차,0.0005036852,0
여수,제이콘(야콘),0.00011929686,0
여수,줄기상추(궁채),0.9999447,1
여수,골든비트,0.9999608,1
여수,로마네스코,0.99864715,1
여수,아스파라거스 콩,3.270345e-05,0
여수,윙드빈(사각콩),3.3009073e-05,0
여수,워터체스트넛,3.239269e-05,0
여수,고수,0.99995005,1
여수,레몬그라스,3.993339e-05,0
여수,갈랑갈,3.3009073e-05,0
여수,타이바질,3.1927993e-05,0
여수,커리잎,3.3009073e-05,0
여수,몰로키아,3.222637e-05,0
여수,아이스플랜트,0.0001955695,0
여수,핑거루트,3.3009073e-05,0
여수,강황,3.3009073e-05,0
여수,차조기(자소엽),0.00011646835,0
여수,파카야,3.222637e-05,0
여수,스네이크고드,3.222637e-05,0
여수,비터토마토,3.270345e-05,0
여수,퀴노아,0.99997723,1
여수,아마란스,8.7216256e-05,0
여수,테프,5.4306558e-05,0
여수,카카오,3.222637e-05,0
여수,커피나무,5.2818883e-05,0
여수,바닐라,3.3009073e-05,0
여수,블랙페퍼(후추),3.3009073e-05,0
여수,육두구,3.3009073e-05,0
여수,정향,3.222637e-05,0
여수,육계(계피),3.3009073e-05,0
여수,사프란,0.99998224,1
여수,카다멈,3.3009073e-05,0
여수,올스파이스,3.222637e-05,0
여수,과라나,3.3009073e-05,0
여수,마카,0.0065607238,0
여수,사차인치,3.3009073e-05,0
여수,브라질넛,3.3009073e-05,0
여수,캐슈넛,3.270345e-05,0
여수,마카다미아,5.559746e-05,0
여수,사탕수수,3.239269e-05,0
여수,스테비아,9.5895164e-05,0
여수,모링가,4.4644017e-05,0
여수,아사이베리,3.3009073e-05,0
여수,마키베리,0.9999826,1
여수,카무카무,3.3009073e-05,0
여수,인디안구스베리(암라),3.9192273e-05,0
여수,고투콜라(병풀),3.8986505e-05,0
여수,홀리바질,3.1927993e-05,0
여수,버터플라이피,3.3009073e-05,0
여수,히비스커스(로젤),3.270345e-05,0
여수,카바카바,3.3009073e-05,0
여수,크라통,3.3009073e-05,0
여수,판단,3.3009073e-05,0
여수,피멘토,3.1927993e-05,0
여수,하바네로,3.1927993e-05,0
여수,캐롤라이나 리퍼,3.1927993e-05,0
여수,차요테 덩굴 싹,5.2818883e-05,0
여수,스피룰리나,3.2455242e-05,0
여수,기네아생강,3.3009073e-05,0
여수,타마린드,3.2092776e-05,0
영광군,애플망고,7.602959e-06,0
영광군,파파야,7.707185e-06,0
영광군,용과,9.916918e-06,0
영광군,패션후르츠(백향과),7.9602805e-06,0
영광군,아보카도,7.707185e-06,0
영광군,구아바,7.635825e-06,0
영광군,리치,8.034674e-06,0
영광군,람부탄,8.034674e-06,0
영광군,망고스틴,8.034674e-06,0
영광군,두리안,7.6740125e-06,0
영광군,스타후르츠,8.034674e-06,0
영광군,잭후르츠,7.6740125e-06,0
영광군,사포딜라,7.602959e-06,0
영광군,롱간(용안),8.034674e-06,0
영광군,체리모야,8.8822835e-06,0
영광군,아세로라,8.034674e-06,0
영광군,아키,7.707185e-06,0
영광군,페이조아,3.8139606e-05,0
영광군,자부티카바,8.034674e-06,0
영광군,피타야(노란용과),9.916918e-06,0
영광군,노니,7.707185e-06,0
영광군,블랙사포테,7.635825e-06,0
영광군,화이트사포테,9.916918e-06,0
영광군,살락,8.034674e-06,0
영광군,마르멜로(퀸스),0.0017027013,0
영광군,산수유가공용 무화과,9.839887e-06,0
영광군,카람볼라 바이올렛,8.034674e-06,0
영광군,플룸코트,0.00084932573,0
영광군,핑거라임,7.9602805e-06,0
영광군,부다스핸드,7.9602805e-06,0
영광군,오크라,7.602959e-06,0
영광군,공심채,7.707185e-06,0
영광군,여주,7.635825e-06,0
영광군,차요테,8.862382e-06,0
영광군,아티초크,1.2773494e-05,0
영광군,카사바,7.9602805e-06,0
영광군,얌(대마),8.034674e-06,0
영광군,타로,8.034674e-06,0
영광군,자색마,8.034674e-06,0
영광군,아라카차,8.748239e-06,0
영광군,제이콘(야콘),8.780326e-06,0
영광군,줄기상추(궁채),6.597407e-06,0
영광군,골든비트,8.56085e-06,0
영광군,로마네스코,7.562334e-06,0
영광군,아스파라거스 콩,7.9602805e-06,0
영광군,윙드빈(사각콩),8.034674e-06,0
영광군,워터체스트넛,7.6740125e-06,0
영광군,고수,8.5682905e-06,0
영광군,레몬그라스,8.034674e-06,0
영광군,갈랑갈,8.034674e-06,0
영광군,타이바질,7.635825e-06,0
영광군,커리잎,8.034674e-06,0
영광군,몰로키아,7.707185e-06,0
영광군,아이스플랜트,1.1535734e-05,0
영광군,핑거루트,8.034674e-06,0
영광군,강황,8.034674e-06,0
영광군,차조기(자소엽),8.422447e-06,0
영광군,파카야,7.707185e-06,0
영광군,스네이크고드,7.707185e-06,0
영광군,비터토마토,7.9602805e-06,0
영광군,퀴노아,7.6964534e-05,0
영광군,아마란스,9.874236e-06,0
영광군,테프,9.916918e-06,0
영광군,카카오,7.707185e-06,0
영광군,커피나무,8.862382e-06,0
영광군,바닐라,8.034674e-06,0
영광군,블랙페퍼(후추),8.034674e-06,0
영광군,육두구,8.034674e-06,0
영광군,정향,7.707185e-06,0
영광군,육계(계피),8.034674e-06,0
영광군,사프란,0.99995947,1
영광군,카다멈,8.034674e-06,0
영광군,올스파이스,7.707185e-06,0
영광군,과라나,8.034674e-06,0
영광군,마카,0.9998977,1
영광군,사차인치,8.034674e-06,0
영광군,브라질넛,8.034674e-06,0
영광군,캐슈넛,7.9602805e-06,0
영광군,마카다미아,7.9602805e-06,0
영광군,사탕수수,7.6740125e-06,0
영광군,스테비아,7.635825e-06,0
영광군,모링가,9.916918e-06,0
영광군,아사이베리,8.034674e-06,0
영광군,마키베리,0.000117674324,0
영광군,카무카무,8.034674e-06,0
영광군,인디안구스베리(암라),7.602959e-06,0
영광군,고투콜라(병풀),7.707185e-06,0
영광군,홀리바질,7.635825e-06,0
영광군,버터플라이피,8.034674e-06,0
영광군,히비스커스(로젤),7.9602805e-06,0
영광군,카바카바,8.034674e-06,0
영광군,크라통,8.034674e-06,0
영광군,판단,8.034674e-06,0
영광군,피멘토,7.635825e-06,0
영광군,하바네로,7.635825e-06,0
영광군,캐롤라이나 리퍼,7.635825e-06,0
영광군,차요테 덩굴 싹,8.862382e-06,0
영광군,스피룰리나,8.10448e-06,0
영광군,기네아생강,8.034674e-06,0
영광군,타마린드,7.602959e-06,0
영덕,애플망고,6.2550284e-06,0
영덕,파파야,5.9752724e-06,0
영덕,용과,8.746696e-06,0
영덕,패션후르츠(백향과),6.1714936e-06,0
영덕,아보카도,5.9752724e-06,0
영덕,구아바,5.9199474e-06,0
영덕,리치,6.2291692e-06,0
영덕,람부탄,6.2291692e-06,0
영덕,망고스틴,6.2291692e-06,0
영덕,두리안,6.3134844e-06,0
영덕,스타후르츠,6.2291692e-06,0
영덕,잭후르츠,6.3134844e-06,0
영덕,사포딜라,6.2550284e-06,0
영덕,롱간(용안),6.2291692e-06,0
영덕,체리모야,6.721013e-06,0
영덕,아세로라,6.2291692e-06,0
영덕,아키,5.9752724e-06,0
영덕,페이조아,3.675513e-05,0
영덕,자부티카바,7.702101e-06,0
영덕,피타야(노란용과),8.746696e-06,0
영덕,노니,5.9752724e-06,0
영덕,블랙사포테,5.9199474e-06,0
영덕,화이트사포테,1.035077e-05,0
영덕,살락,6.2291692e-06,0
영덕,마르멜로(퀸스),0.0010964653,0
영덕,산수유가공용 무화과,8.517364e-06,0
영덕,카람볼라 바이올렛,6.2291692e-06,0
영덕,플룸코트,0.0006085714,0
영덕,핑거라임,6.1714936e-06,0
영덕,부다스핸드,6.1714936e-06,0
영덕,오크라,6.2550284e-06,0
영덕,공심채,5.9752724e-06,0
영덕,여주,5.9199474e-06,0
영덕,차요테,6.5766203e-06,0
영덕,아티초크,1.6972193e-05,0
영덕,카사바,6.1714936e-06,0
영덕,얌(대마),6.2291692e-06,0
영덕,타로,6.2291692e-06,0
영덕,자색마,6.2291692e-06,0
영덕,아라카차,7.2645935e-06,0
영덕,제이콘(야콘),6.515728e-06,0
영덕,줄기상추(궁채),8.295477e-06,0
영덕,골든비트,1.8988532e-05,0
영덕,로마네스코,7.865366e-06,0
영덕,아스파라거스 콩,6.1714936e-06,0
영덕,윙드빈(사각콩),6.2291692e-06,0
영덕,워터체스트넛,6.3134844e-06,0
영덕,고수,1.238546e-05,0
영덕,레몬그라스,6.2291692e-06,0
영덕,갈랑갈,6.2291692e-06,0
영덕,타이바질,5.9199474e-06,0
영덕,커리잎,6.2291692e-06,0
영덕,몰로키아,5.9752724e-06,0
영덕,아이스플랜트,1.0374636e-05,0
영덕,핑거루트,6.2291692e-06,0
영덕,강황,6.2291692e-06,0
영덕,차조기(자소엽),6.250151e-06,0
영덕,파카야,5.9752724e-06,0
영덕,스네이크고드,5.9752724e-06,0
영덕,비터토마토,6.1714936e-06,0
영덕,퀴노아,0.08395696,0
영덕,아마란스,9.241775e-06,0
영덕,테프,8.746696e-06,0
영덕,카카오,5.9752724e-06,0
영덕,커피나무,6.5766203e-06,0
영덕,바닐라,6.2291692e-06,0
영덕,블랙페퍼(후추),6.2291692e-06,0
영덕,육두구,6.2291692e-06,0
영덕,정향,5.9752724e-06,0
영덕,육계(계피),6.2291692e-06,0
영덕,사프란,0.9999504,1
영덕,카다멈,6.2291692e-06,0
영덕,올스파이스,5.9752724e-06,0
영덕,과라나,6.2291692e-06,0
영덕,마카,0.99982554,1
영덕,사차인치,6.2291692e-06,0
영덕,브라질넛,6.2291692e-06,0
영덕,캐슈넛,6.1714936e-06,0
영덕,마카다미아,6.1714936e-06,0
영덕,사탕수수,6.3134844e-06,0
영덕,스테비아,7.3197616e-06,0
영덕,모링가,8.746696e-06,0
영덕,아사이베리,6.2291692e-06,0
영덕,마키베리,0.024336841,0
영덕,카무카무,6.2291692e-06,0
영덕,인디안구스베리(암라),6.2550284e-06,0
영덕,고투콜라(병풀),5.9752724e-06,0
영덕,홀리바질,5.9199474e-06,0
영덕,버터플라이피,6.2291692e-06,0
영덕,히비스커스(로젤),6.1714936e-06,0
영덕,카바카바,6.2291692e-06,0
영덕,크라통,6.2291692e-06,0
영덕,판단,6.2291692e-06,0
영덕,피멘토,5.9199474e-06,0
영덕,하바네로,5.9199474e-06,0
영덕,캐롤라이나 리퍼,5.9199474e-06,0
영덕,차요테 덩굴 싹,6.5766203e-06,0
영덕,스피룰리나,6.667635e-06,0
영덕,기네아생강,6.2291692e-06,0
영덕,타마린드,6.2550284e-06,0
영월,애플망고,8.371628e-06,0
영월,파파야,8.486391e-06,0
영월,용과,1.0715439e-05,0
영월,패션후르츠(백향과),8.765075e-06,0
영월,아보카도,8.486391e-06,0
영월,구아바,8.4078165e-06,0
영월,리치,8.846989e-06,0
영월,람부탄,8.846989e-06,0
영월,망고스틴,8.846989e-06,0
영월,두리안,8.449865e-06,0
영월,스타후르츠,8.846989e-06,0
영월,잭후르츠,8.449865e-06,0
영월,사포딜라,8.371628e-06,0
영월,롱간(용안),8.846989e-06,0
영월,체리모야,9.780292e-06,0
영월,아세로라,8.846989e-06,0
영월,아키,8.486391e-06,0
영월,페이조아,1.4248536e-05,0
영월,자부티카바,8.846989e-06,0
영월,피타야(노란용과),1.0715439e-05,0
영월,노니,8.486391e-06,0
영월,블랙사포테,8.4078165e-06,0
영월,화이트사포테,1.0715439e-05,0
영월,살락,8.846989e-06,0
영월,마르멜로(퀸스),0.0003521036,0
영월,산수유가공용 무화과,8.4078165e-06,0
영월,카람볼라 바이올렛,8.846989e-06,0
영월,플룸코트,0.00022310855,0
영월,핑거라임,8.765075e-06,0
영월,부다스핸드,8.765075e-06,0
영월,오크라,8.371628e-06,0
영월,공심채,8.486391e-06,0
영월,여주,8.4078165e-06,0
영월,차요테,9.758379e-06,0
영월,아티초크,1.1044852e-05,0
영월,카사바,8.765075e-06,0
영월,얌(대마),8.846989e-06,0
영월,타로,8.846989e-06,0
영월,자색마,8.846989e-06,0
영월,아라카차,9.632696e-06,0
영월,제이콘(야콘),9.668027e-06,0
영월,줄기상추(궁채),1.1403711e-05,0
영월,골든비트,1.2026312e-05,0
영월,로마네스코,9.119093e-06,0
영월,아스파라거스 콩,8.765075e-06,0
영월,윙드빈(사각콩),8.846989e-06,0
영월,워터체스트넛,8.449865e-06,0
영월,고수,1.4533578e-05,0
영월,레몬그라스,8.846989e-06,0
영월,갈랑갈,8.846989e-06,0
영월,타이바질,8.4078165e-06,0
영월,커리잎,8.846989e-06,0
영월,몰로키아,8.486391e-06,0
영월,아이스플랜트,1.2464601e-05,0
영월,핑거루트,8.846989e-06,0
영월,강황,8.846989e-06,0
영월,차조기(자소엽),9.273966e-06,0
영월,파카야,8.486391e-06,0
영월,스네이크고드,8.486391e-06,0
영월,비터토마토,8.765075e-06,0
영월,퀴노아,2.0326766e-05,0
영월,아마란스,1.0669318e-05,0
영월,테프,1.0715439e-05,0
영월,카카오,8.486391e-06,0
영월,커피나무,9.758379e-06,0
영월,바닐라,8.846989e-06,0
영월,블랙페퍼(후추),8.846989e-06,0
영월,육두구,8.846989e-06,0
영월,정향,8.486391e-06,0
영월,육계(계피),8.846989e-06,0
영월,사프란,0.00077247084,0
영월,카다멈,8.846989e-06,0
영월,올스파이스,8.486391e-06,0
영월,과라나,8.846989e-06,0
영월,마카,0.9999249,1
영월,사차인치,8.846989e-06,0
영월,브라질넛,8.846989e-06,0
영월,캐슈넛,8.765075e-06,0
영월,마카다미아,8.765075e-06,0
영월,사탕수수,8.449865e-06,0
영월,스테비아,8.4078165e-06,0
영월,모링가,1.0715439e-05,0
영월,아사이베리,8.846989e-06,0
영월,마키베리,3.850697e-05,0
영월,카무카무,8.846989e-06,0
영월,인디안구스베리(암라),8.371628e-06,0
영월,고투콜라(병풀),8.486391e-06,0
영월,홀리바질,8.4078165e-06,0
영월,버터플라이피,8.846989e-06,0
영월,히비스커스(로젤),8.765075e-06,0
영월,카바카바,8.846989e-06,0
영월,크라통,8.846989e-06,0
영월,판단,8.846989e-06,0
영월,피멘토,8.4078165e-06,0
영월,하바네로,8.4078165e-06,0
영월,캐롤라이나 리퍼,8.4078165e-06,0
영월,차요테 덩굴 싹,9.758379e-06,0
영월,스피룰리나,8.923853e-06,0
영월,기네아생강,8.846989e-06,0
영월,타마린드,8.371628e-06,0
영주,애플망고,8.748348e-06,0
영주,파파야,8.8682755e-06,0
영주,용과,1.1197627e-05,0
영주,패션후르츠(백향과),9.159499e-06,0
영주,아보카도,8.8682755e-06,0
영주,구아바,8.7861645e-06,0
영주,리치,9.245099e-06,0
영주,람부탄,9.245099e-06,0
영주,망고스틴,9.245099e-06,0
영주,두리안,8.830105e-06,0
영주,스타후르츠,9.245099e-06,0
영주,잭후르츠,8.830105e-06,0
영주,사포딜라,8.748348e-06,0
영주,롱간(용안),9.245099e-06,0
영주,체리모야,1.06039015e-05,0
영주,아세로라,9.245099e-06,0
영주,아키,8.8682755e-06,0
영주,페이조아,2.348867e-05,0
영주,자부티카바,9.245099e-06,0
영주,피타야(노란용과),1.1197627e-05,0
영주,노니,8.8682755e-06,0
영주,블랙사포테,8.7861645e-06,0
영주,화이트사포테,1.1197627e-05,0
영주,살락,9.245099e-06,0
영주,마르멜로(퀸스),0.0007499043,0
영주,산수유가공용 무화과,8.7861645e-06,0
영주,카람볼라 바이올렛,9.245099e-06,0
영주,플룸코트,0.00043075948,0
영주,핑거라임,9.159499e-06,0
영주,부다스핸드,9.159499e-06,0
영주,오크라,8.748348e-06,0
영주,공심채,8.8682755e-06,0
영주,여주,8.7861645e-06,0
영주,차요테,1.0763493e-05,0
영주,아티초크,1.197495e-05,0
영주,카사바,9.159499e-06,0
영주,얌(대마),9.245099e-06,0
영주,타로,9.245099e-06,0
영주,자색마,9.245099e-06,0
영주,아라카차,1.0624855e-05,0
영주,제이콘(야콘),1.0663835e-05,0
영주,줄기상추(궁채),1.2787755e-05,0
영주,골든비트,1.32561945e-05,0
영주,로마네스코,1.0249125e-05,0
영주,아스파라거스 콩,9.159499e-06,0
영주,윙드빈(사각콩),9.245099e-06,0
영주,워터체스트넛,8.830105e-06,0
영주,고수,1.6297481e-05,0
영주,레몬그라스,9.245099e-06,0
영주,갈랑갈,9.245099e-06,0
영주,타이바질,8.7861645e-06,0
영주,커리잎,9.245099e-06,0
영주,몰로키아,8.8682755e-06,0
영주,아이스플랜트,1.3514255e-05,0
영주,핑거루트,9.245099e-06,0
영주,강황,9.245099e-06,0
영주,차조기(자소엽),1.0229186e-05,0
영주,파카야,8.8682755e-06,0
영주,스네이크고드,8.8682755e-06,0
영주,비터토마토,9.159499e-06,0
영주,퀴노아,2.0250785e-05,0
영주,아마란스,1.1149432e-05,0
영주,테프,1.1197627e-05,0
영주,카카오,8.8682755e-06,0
영주,커피나무,1.0763493e-05,0
영주,바닐라,9.245099e-06,0
영주,블랙페퍼(후추),9.245099e-06,0
영주,육두구,9.245099e-06,0
영주,정향,8.8682755e-06,0
영주,육계(계피),9.245099e-06,0
영주,사프란,0.0036346482,0
영주,카다멈,9.245099e-06,0
영주,올스파이스,8.8682755e-06,0
영주,과라나,9.245099e-06,0
영주,마카,0.9999583,1
영주,사차인치,9.245099e-06,0
영주,브라질넛,9.245099e-06,0
영주,캐슈넛,9.159499e-06,0
영주,마카다미아,9.159499e-06,0
영주,사탕수수,8.830105e-06,0
영주,스테비아,8.7861645e-06,0
영주,모링가,1.1197627e-05,0
영주,아사이베리,9.245099e-06,0
영주,마키베리,9.9392135e-05,0
영주,카무카무,9.245099e-06,0
영주,인디안구스베리(암라),8.748348e-06,0
영주,고투콜라(병풀),8.8682755e-06,0
영주,홀리바질,8.7861645e-06,0
영주,버터플라이피,9.245099e-06,0
영주,히비스커스(로젤),9.159499e-06,0
영주,카바카바,9.245099e-06,0
영주,크라통,9.245099e-06,0
영주,판단,9.245099e-06,0
영주,피멘토,8.7861645e-06,0
영주,하바네로,8.7861645e-06,0
영주,캐롤라이나 리퍼,8.7861645e-06,0
영주,차요테 덩굴 싹,1.0763493e-05,0
영주,스피룰리나,9.325422e-06,0
영주,기네아생강,9.245099e-06,0
영주,타마린드,8.748348e-06,0
영천,애플망고,6.866532e-06,0
영천,파파야,6.7649144e-06,0
영천,용과,9.165415e-06,0
영천,패션후르츠(백향과),7.189243e-06,0
영천,아보카도,6.7649144e-06,0
영천,구아바,6.8962145e-06,0
영천,리치,7.0523643e-06,0
영천,람부탄,7.0523643e-06,0
영천,망고스틴,7.0523643e-06,0
영천,두리안,6.735797e-06,0
영천,스타후르츠,7.0523643e-06,0
영천,잭후르츠,6.735797e-06,0
영천,사포딜라,6.866532e-06,0
영천,롱간(용안),7.0523643e-06,0
영천,체리모야,7.708192e-06,0
영천,아세로라,7.0523643e-06,0
영천,아키,6.7649144e-06,0
영천,페이조아,1.8927134e-05,0
영천,자부티카바,7.0523643e-06,0
영천,피타야(노란용과),9.165415e-06,0
영천,노니,6.7649144e-06,0
영천,블랙사포테,6.8962145e-06,0
영천,화이트사포테,9.165415e-06,0
영천,살락,7.0523643e-06,0
영천,마르멜로(퀸스),0.00056907197,0
영천,산수유가공용 무화과,8.526873e-06,0
영천,카람볼라 바이올렛,7.0523643e-06,0
영천,플룸코트,0.00030882703,0
영천,핑거라임,7.189243e-06,0
영천,부다스핸드,7.189243e-06,0
영천,오크라,6.866532e-06,0
영천,공심채,6.7649144e-06,0
영천,여주,6.8962145e-06,0
영천,차요테,7.778879e-06,0
영천,아티초크,1.16839965e-05,0
영천,카사바,7.189243e-06,0
영천,얌(대마),7.0523643e-06,0
영천,타로,7.0523643e-06,0
영천,자색마,7.0523643e-06,0
영천,아라카차,7.90088e-06,0
영천,제이콘(야콘),7.92986e-06,0
영천,줄기상추(궁채),5.277696e-06,0
영천,골든비트,6.868936e-06,0
영천,로마네스코,6.637778e-06,0
영천,아스파라거스 콩,7.189243e-06,0
영천,윙드빈(사각콩),7.0523643e-06,0
영천,워터체스트넛,6.735797e-06,0
영천,고수,7.014326e-06,0
영천,레몬그라스,7.0523643e-06,0
영천,갈랑갈,7.0523643e-06,0
영천,타이바질,6.8962145e-06,0
영천,커리잎,7.0523643e-06,0
영천,몰로키아,6.7649144e-06,0
영천,아이스플랜트,1.0244572e-05,0
영천,핑거루트,7.0523643e-06,0
영천,강황,7.0523643e-06,0
영천,차조기(자소엽),7.6066435e-06,0
영천,파카야,6.7649144e-06,0
영천,스네이크고드,6.7649144e-06,0
영천,비터토마토,7.189243e-06,0
영천,퀴노아,0.00020236644,0
영천,아마란스,9.125965e-06,0
영천,테프,9.165415e-06,0
영천,카카오,6.7649144e-06,0
영천,커피나무,7.778879e-06,0
영천,바닐라,7.0523643e-06,0
영천,블랙페퍼(후추),7.0523643e-06,0
영천,육두구,7.0523643e-06,0
영천,정향,6.7649144e-06,0
영천,육계(계피),7.0523643e-06,0
영천,사프란,0.9999448,1
영천,카다멈,7.0523643e-06,0
영천,올스파이스,6.7649144e-06,0
영천,과라나,7.0523643e-06,0
영천,마카,0.99976844,1
영천,사차인치,7.0523643e-06,0
영천,브라질넛,7.0523643e-06,0
영천,캐슈넛,7.189243e-06,0
영천,마카다미아,7.189243e-06,0
영천,사탕수수,6.735797e-06,0
영천,스테비아,6.8962145e-06,0
영천,모링가,9.165415e-06,0
영천,아사이베리,7.0523643e-06,0
영천,마키베리,5.931807e-05,0
영천,카무카무,7.0523643e-06,0
영천,인디안구스베리(암라),6.866532e-06,0
영천,고투콜라(병풀),6.7649144e-06,0
영천,홀리바질,6.8962145e-06,0
영천,버터플라이피,7.0523643e-06,0
영천,히비스커스(로젤),7.189243e-06,0
영천,카바카바,7.0523643e-06,0
영천,크라통,7.0523643e-06,0
영천,판단,7.0523643e-06,0
영천,피멘토,6.8962145e-06,0
영천,하바네로,6.8962145e-06,0
영천,캐롤라이나 리퍼,6.8962145e-06,0
영천,차요테 덩굴 싹,7.778879e-06,0
영천,스피룰리나,7.1136365e-06,0
영천,기네아생강,7.0523643e-06,0
영천,타마린드,6.866532e-06,0
완도,애플망고,2.3906701e-05,0
완도,파파야,2.3731569e-05,0
완도,용과,3.1832864e-05,0
완도,패션후르츠(백향과),7.9638376e-05,0
완도,아보카도,5.633895e-05,0
완도,구아바,3.0219615e-05,0
완도,리치,5.770726e-05,0
완도,람부탄,2.430796e-05,0
완도,망고스틴,2.430796e-05,0
완도,두리안,2.3451537e-05,0
완도,스타후르츠,2.430796e-05,0
완도,잭후르츠,2.3451537e-05,0
완도,사포딜라,3.11462e-05,0
완도,롱간(용안),7.3259595e-05,0
완도,체리모야,0.00015260339,0
완도,아세로라,3.0079624e-05,0
완도,아키,2.3731569e-05,0
완도,페이조아,0.0009028083,0
완도,자부티카바,0.00013598744,0
완도,피타야(노란용과),3.1832864e-05,0
완도,노니,2.3731569e-05,0
완도,블랙사포테,3.0219615e-05,0
완도,화이트사포테,0.0002085398,0
완도,살락,2.430796e-05,0
완도,마르멜로(퀸스),0.99997747,1
완도,산수유가공용 무화과,0.00026354395,0
완도,카람볼라 바이올렛,2.430796e-05,0
완도,플룸코트,0.99985147,1
완도,핑거라임,7.9638376e-05,0
완도,부다스핸드,3.0953583e-05,0
완도,오크라,2.3906701e-05,0
완도,공심채,2.3731569e-05,0
완도,여주,2.4192166e-05,0
완도,차요테,3.7841837e-05,0
완도,아티초크,0.9996117,1
완도,카사바,2.4779743e-05,0
완도,얌(대마),2.430796e-05,0
완도,타로,2.430796e-05,0
완도,자색마,3.0079624e-05,0
완도,아라카차,0.00031056284,0
완도,제이콘(야콘),0.00015817523,0
완도,줄기상추(궁채),0.9998611,1
완도,골든비트,0.9999298,1
완도,로마네스코,0.99796677,1
완도,아스파라거스 콩,2.4779743e-05,0
완도,윙드빈(사각콩),2.430796e-05,0
완도,워터체스트넛,2.3451537e-05,0
완도,고수,0.9998672,1
완도,레몬그라스,3.0079624e-05,0
완도,갈랑갈,2.430796e-05,0
완도,타이바질,2.4192166e-05,0
완도,커리잎,2.430796e-05,0
완도,몰로키아,2.3731569e-05,0
완도,아이스플랜트,0.00022929083,0
완도,핑거루트,2.430796e-05,0
완도,강황,2.430796e-05,0
완도,차조기(자소엽),0.00015442506,0
완도,파카야,2.3731569e-05,0
완도,스네이크고드,2.3731569e-05,0
완도,비터토마토,2.4779743e-05,0
완도,퀴노아,0.9999722,1
완도,아마란스,0.00011046867,0
완도,테프,3.9813614e-05,0
완도,카카오,2.3731569e-05,0
완도,커피나무,3.7841837e-05,0
완도,바닐라,2.430796e-05,0
완도,블랙페퍼(후추),2.430796e-05,0
완도,육두구,2.430796e-05,0
완도,정향,2.3731569e-05,0
완도,육계(계피),2.430796e-05,0
완도,사프란,0.9999789,1
완도,카다멈,2.430796e-05,0
완도,올스파이스,2.3731569e-05,0
완도,과라나,2.430796e-05,0
완도,마카,0.011361746,0
완도,사차인치,2.430796e-05,0
완도,브라질넛,2.430796e-05,0
완도,캐슈넛,2.4779743e-05,0
완도,마카다미아,7.9638376e-05,0
완도,사탕수수,2.3451537e-05,0
완도,스테비아,0.0001498084,0
완도,모링가,3.1832864e-05,0
완도,아사이베리,2.430796e-05,0
완도,마키베리,0.9999814,1
완도,카무카무,2.430796e-05,0
완도,인디안구스베리(암라),2.9863028e-05,0
완도,고투콜라(병풀),2.9366376e-05,0
완도,홀리바질,2.4192166e-05,0
완도,버터플라이피,2.430796e-05,0
완도,히비스커스(로젤),2.4779743e-05,0
완도,카바카바,2.430796e-05,0
완도,크라통,2.430796e-05,0
완도,판단,2.430796e-05,0
완도,피멘토,2.4192166e-05,0
완도,하바네로,2.4192166e-05,0
완도,캐롤라이나 리퍼,2.4192166e-05,0
완도,차요테 덩굴 싹,3.7841837e-05,0
완도,스피룰리나,2.3496825e-05,0
완도,기네아생강,2.430796e-05,0
완도,타마린드,2.3906701e-05,0
울릉도,애플망고,3.4730863e-05,0
울릉도,파파야,3.4536362e-05,0
울릉도,용과,4.3032473e-05,0
울릉도,패션후르츠(백향과),0.00011525252,0
울릉도,아보카도,7.699779e-05,0
울릉도,구아바,4.2019998e-05,0
울릉도,리치,8.026928e-05,0
울릉도,람부탄,3.6003814e-05,0
울릉도,망고스틴,3.6003814e-05,0
울릉도,두리안,3.5055433e-05,0
울릉도,스타후르츠,3.6003814e-05,0
울릉도,잭후르츠,3.5055433e-05,0
울릉도,사포딜라,4.573729e-05,0
울릉도,롱간(용안),0.00011164233,0
울릉도,체리모야,0.00018473576,0
울릉도,아세로라,4.380032e-05,0
울릉도,아키,3.4536362e-05,0
울릉도,페이조아,0.0016953003,0
울릉도,자부티카바,0.00019773611,0
울릉도,피타야(노란용과),4.3032473e-05,0
울릉도,노니,3.4536362e-05,0
울릉도,블랙사포테,4.2019998e-05,0
울릉도,화이트사포테,0.00026100935,0
울릉도,살락,3.6003814e-05,0
울릉도,마르멜로(퀸스),0.026777364,0
울릉도,산수유가공용 무화과,0.00038174036,0
울릉도,카람볼라 바이올렛,3.6003814e-05,0
울릉도,플룸코트,0.016457528,0
울릉도,핑거라임,0.00011525252,0
울릉도,부다스핸드,4.380541e-05,0
울릉도,오크라,3.4730863e-05,0
울릉도,공심채,3.4536362e-05,0
울릉도,여주,3.4216602e-05,0
울릉도,차요테,5.4695887e-05,0
울릉도,아티초크,0.0016773144,0
울릉도,카사바,3.5670466e-05,0
울릉도,얌(대마),3.6003814e-05,0
울릉도,타로,3.6003814e-05,0
울릉도,자색마,4.380032e-05,0
울릉도,아라카차,8.4956904e-05,0
울릉도,제이콘(야콘),0.00018224145,0
울릉도,줄기상추(궁채),0.012806882,0
울릉도,골든비트,0.022210417,0
울릉도,로마네스코,0.0011478099,0
울릉도,아스파라거스 콩,3.5670466e-05,0
울릉도,윙드빈(사각콩),3.6003814e-05,0
울릉도,워터체스트넛,3.5055433e-05,0
울릉도,고수,0.015576854,0
울릉도,레몬그라스,4.380032e-05,0
울릉도,갈랑갈,3.6003814e-05,0
울릉도,타이바질,3.4216602e-05,0
울릉도,커리잎,3.6003814e-05,0
울릉도,몰로키아,3.4536362e-05,0
울릉도,아이스플랜트,0.00024911042,0
울릉도,핑거루트,3.6003814e-05,0
울릉도,강황,3.6003814e-05,0
울릉도,차조기(자소엽),0.00017481466,0
울릉도,파카야,3.4536362e-05,0
울릉도,스네이크고드,3.4536362e-05,0
울릉도,비터토마토,3.5670466e-05,0
울릉도,퀴노아,0.9998031,1
울릉도,아마란스,0.00014479872,0
울릉도,테프,5.047274e-05,0
울릉도,카카오,3.4536362e-05,0
울릉도,커피나무,5.4695887e-05,0
울릉도,바닐라,3.6003814e-05,0
울릉도,블랙페퍼(후추),3.6003814e-05,0
울릉도,육두구,3.6003814e-05,0
울릉도,정향,3.4536362e-05,0
울릉도,육계(계피),3.6003814e-05,0
울릉도,사프란,0.99998045,1
울릉도,카다멈,3.6003814e-05,0
울릉도,올스파이스,3.4536362e-05,0
울릉도,과라나,3.6003814e-05,0
울릉도,마카,0.9999695,1
울릉도,사차인치,3.6003814e-05,0
울릉도,브라질넛,3.6003814e-05,0
울릉도,캐슈넛,3.5670466e-05,0
울릉도,마카다미아,0.00011525252,0
울릉도,사탕수수,3.5055433e-05,0
울릉도,스테비아,0.00020325482,0
울릉도,모링가,4.3032473e-05,0
울릉도,아사이베리,3.6003814e-05,0
울릉도,마키베리,0.99165475,1
울릉도,카무카무,3.6003814e-05,0
울릉도,인디안구스베리(암라),4.2651536e-05,0
울릉도,고투콜라(병풀),4.201511e-05,0
울릉도,홀리바질,3.4216602e-05,0
울릉도,버터플라이피,3.6003814e-05,0
울릉도,히비스커스(로젤),3.5670466e-05,0
울릉도,카바카바,3.6003814e-05,0
울릉도,크라통,3.6003814e-05,0
울릉도,판단,3.6003814e-05,0
울릉도,피멘토,3.4216602e-05,0
울릉도,하바네로,3.4216602e-05,0
울릉도,캐롤라이나 리퍼,3.4216602e-05,0
울릉도,차요테 덩굴 싹,5.4695887e-05,0
울릉도,스피룰리나,3.5123092e-05,0
울릉도,기네아생강,3.6003814e-05,0
울릉도,타마린드,3.4730863e-05,0
울산,애플망고,5.348031e-06,0
울산,파파야,5.10884e-06,0
울산,용과,8.231007e-06,0
울산,패션후르츠(백향과),6.7325986e-06,0
울산,아보카도,5.10884e-06,0
울산,구아바,5.061537e-06,0
울산,리치,5.4364423e-06,0
울산,람부탄,5.4364423e-06,0
울산,망고스틴,5.4364423e-06,0
울산,두리안,5.398011e-06,0
울산,스타후르츠,5.4364423e-06,0
울산,잭후르츠,5.398011e-06,0
울산,사포딜라,5.348031e-06,0
울산,롱간(용안),6.731815e-06,0
울산,체리모야,6.7932697e-06,0
울산,아세로라,5.4364423e-06,0
울산,아키,5.10884e-06,0
울산,페이조아,3.9180428e-05,0
울산,자부티카바,7.2038965e-06,0
울산,피타야(노란용과),8.231007e-06,0
울산,노니,5.10884e-06,0
울산,블랙사포테,5.061537e-06,0
울산,화이트사포테,1.3707239e-05,0
울산,살락,5.4364423e-06,0
울산,마르멜로(퀸스),0.99987245,1
울산,산수유가공용 무화과,1.1770559e-05,0
울산,카람볼라 바이올렛,5.4364423e-06,0
울산,플룸코트,0.0018572649,0
울산,핑거라임,6.7325986e-06,0
울산,부다스핸드,5.3861063e-06,0
울산,오크라,5.348031e-06,0
울산,공심채,5.10884e-06,0
울산,여주,5.061537e-06,0
울산,차요테,5.5537885e-06,0
울산,아티초크,6.0820646e-05,0
울산,카사바,5.3861063e-06,0
울산,얌(대마),5.4364423e-06,0
울산,타로,5.4364423e-06,0
울산,자색마,5.4364423e-06,0
울산,아라카차,5.545617e-06,0
울산,제이콘(야콘),6.9988237e-06,0
울산,줄기상추(궁채),0.00025933128,0
울산,골든비트,0.055164866,0
울산,로마네스코,0.00020271231,0
울산,아스파라거스 콩,5.3861063e-06,0
울산,윙드빈(사각콩),5.4364423e-06,0
울산,워터체스트넛,5.398011e-06,0
울산,고수,0.00030531487,0
울산,레몬그라스,5.4364423e-06,0
울산,갈랑갈,5.4364423e-06,0
울산,타이바질,5.061537e-06,0
울산,커리잎,5.4364423e-06,0
울산,몰로키아,5.10884e-06,0
울산,아이스플랜트,1.1914928e-05,0
울산,핑거루트,5.4364423e-06,0
울산,강황,5.4364423e-06,0
울산,차조기(자소엽),6.577072e-06,0
울산,파카야,5.10884e-06,0
울산,스네이크고드,5.10884e-06,0
울산,비터토마토,5.3861063e-06,0
울산,퀴노아,0.9998921,1
울산,아마란스,1.1071987e-05,0
울산,테프,8.231007e-06,0
울산,카카오,5.10884e-06,0
울산,커피나무,5.5537885e-06,0
울산,바닐라,5.4364423e-06,0
울산,블랙페퍼(후추),5.4364423e-06,0
울산,육두구,5.4364423e-06,0
울산,정향,5.10884e-06,0
울산,육계(계피),5.4364423e-06,0
울산,사프란,0.99995816,1
울산,카다멈,5.4364423e-06,0
울산,올스파이스,5.10884e-06,0
울산,과라나,5.4364423e-06,0
울산,마카,0.12499711,0
울산,사차인치,5.4364423e-06,0
울산,브라질넛,5.4364423e-06,0
울산,캐슈넛,5.3861063e-06,0
울산,마카다미아,6.7325986e-06,0
울산,사탕수수,5.398011e-06,0
울산,스테비아,6.988726e-06,0
울산,모링가,8.231007e-06,0
울산,아사이베리,5.4364423e-06,0
울산,마키베리,0.99983716,1
울산,카무카무,5.4364423e-06,0
울산,인디안구스베리(암라),5.348031e-06,0
울산,고투콜라(병풀),5.10884e-06,0
울산,홀리바질,5.061537e-06,0
울산,버터플라이피,5.4364423e-06,0
울산,히비스커스(로젤),5.3861063e-06,0
울산,카바카바,5.4364423e-06,0
울산,크라통,5.4364423e-06,0
울산,판단,5.4364423e-06,0
울산,피멘토,5.061537e-06,0
울산,하바네로,5.061537e-06,0
울산,캐롤라이나 리퍼,5.061537e-06,0
울산,차요테 덩굴 싹,5.5537885e-06,0
울산,스피룰리나,5.7008087e-06,0
울산,기네아생강,5.4364423e-06,0
울산,타마린드,5.348031e-06,0
울진,애플망고,7.2106386e-06,0
울진,파파야,6.8881427e-06,0
울진,용과,9.93033e-06,0
울진,패션후르츠(백향과),7.1143418e-06,0
울진,아보카도,6.8881427e-06,0
울진,구아바,6.824366e-06,0
울진,리치,7.180829e-06,0
울진,람부탄,7.180829e-06,0
울진,망고스틴,7.180829e-06,0
울진,두리안,7.2780254e-06,0
울진,스타후르츠,7.180829e-06,0
울진,잭후르츠,7.2780254e-06,0
울진,사포딜라,7.2106386e-06,0
울진,롱간(용안),7.180829e-06,0
울진,체리모야,8.645924e-06,0
울진,아세로라,7.180829e-06,0
울진,아키,6.8881427e-06,0
울진,페이조아,5.5290107e-05,0
울진,자부티카바,9.2222745e-06,0
울진,피타야(노란용과),9.93033e-06,0
울진,노니,6.8881427e-06,0
울진,블랙사포테,6.824366e-06,0
울진,화이트사포테,1.2321594e-05,0
울진,살락,7.180829e-06,0
울진,마르멜로(퀸스),0.0020705054,0
울진,산수유가공용 무화과,1.1398459e-05,0
울진,카람볼라 바이올렛,7.180829e-06,0
울진,플룸코트,0.0010556052,0
울진,핑거라임,7.1143418e-06,0
울진,부다스핸드,7.1143418e-06,0
울진,오크라,7.2106386e-06,0
울진,공심채,6.8881427e-06,0
울진,여주,6.824366e-06,0
울진,차요테,8.270168e-06,0
울진,아티초크,2.6806272e-05,0
울진,카사바,7.1143418e-06,0
울진,얌(대마),7.180829e-06,0
울진,타로,7.180829e-06,0
울진,자색마,7.180829e-06,0
울진,아라카차,9.135309e-06,0
울진,제이콘(야콘),8.193595e-06,0
울진,줄기상추(궁채),8.075803e-06,0
울진,골든비트,1.6046577e-05,0
울진,로마네스코,1.2480539e-05,0
울진,아스파라거스 콩,7.1143418e-06,0
울진,윙드빈(사각콩),7.180829e-06,0
울진,워터체스트넛,7.2780254e-06,0
울진,고수,1.1751324e-05,0
울진,레몬그라스,7.180829e-06,0
울진,갈랑갈,7.180829e-06,0
울진,타이바질,6.824366e-06,0
울진,커리잎,7.180829e-06,0
울진,몰로키아,6.8881427e-06,0
울진,아이스플랜트,1.2580919e-05,0
울진,핑거루트,7.180829e-06,0
울진,강황,7.180829e-06,0
울진,차조기(자소엽),7.85963e-06,0
울진,파카야,6.8881427e-06,0
울진,스네이크고드,6.8881427e-06,0
울진,비터토마토,7.1143418e-06,0
울진,퀴노아,0.008789223,0
울진,아마란스,1.0492404e-05,0
울진,테프,9.93033e-06,0
울진,카카오,6.8881427e-06,0
울진,커피나무,8.270168e-06,0
울진,바닐라,7.180829e-06,0
울진,블랙페퍼(후추),7.180829e-06,0
울진,육두구,7.180829e-06,0
울진,정향,6.8881427e-06,0
울진,육계(계피),7.180829e-06,0
울진,사프란,0.9999734,1
울진,카다멈,7.180829e-06,0
울진,올스파이스,6.8881427e-06,0
울진,과라나,7.180829e-06,0
울진,마카,0.99994254,1
울진,사차인치,7.180829e-06,0
울진,브라질넛,7.180829e-06,0
울진,캐슈넛,7.1143418e-06,0
울진,마카다미아,7.1143418e-06,0
울진,사탕수수,7.2780254e-06,0
울진,스테비아,8.84741e-06,0
울진,모링가,9.93033e-06,0
울진,아사이베리,7.180829e-06,0
울진,마키베리,0.00013061675,0
울진,카무카무,7.180829e-06,0
울진,인디안구스베리(암라),7.2106386e-06,0
울진,고투콜라(병풀),6.8881427e-06,0
울진,홀리바질,6.824366e-06,0
울진,버터플라이피,7.180829e-06,0
울진,히비스커스(로젤),7.1143418e-06,0
울진,카바카바,7.180829e-06,0
울진,크라통,7.180829e-06,0
울진,판단,7.180829e-06,0
울진,피멘토,6.824366e-06,0
울진,하바네로,6.824366e-06,0
울진,캐롤라이나 리퍼,6.824366e-06,0
울진,차요테 덩굴 싹,8.270168e-06,0
울진,스피룰리나,7.686281e-06,0
울진,기네아생강,7.180829e-06,0
울진,타마린드,7.2106386e-06,0
원주,애플망고,7.423333e-06,0
원주,파파야,7.525097e-06,0
원주,용과,9.71043e-06,0
원주,패션후르츠(백향과),7.7722125e-06,0
원주,아보카도,7.525097e-06,0
원주,구아바,7.4554223e-06,0
원주,리치,7.8448475e-06,0
원주,람부탄,7.8448475e-06,0
원주,망고스틴,7.8448475e-06,0
원주,두리안,7.492708e-06,0
원주,스타후르츠,7.8448475e-06,0
원주,잭후르츠,7.492708e-06,0
원주,사포딜라,7.423333e-06,0
원주,롱간(용안),7.8448475e-06,0
원주,체리모야,8.3332425e-06,0
원주,아세로라,7.8448475e-06,0
원주,아키,7.525097e-06,0
원주,페이조아,1.9372255e-05,0
원주,자부티카바,7.8448475e-06,0
원주,피타야(노란용과),9.71043e-06,0
원주,노니,7.525097e-06,0
원주,블랙사포테,7.4554223e-06,0
원주,화이트사포테,9.71043e-06,0
원주,살락,7.8448475e-06,0
원주,마르멜로(퀸스),0.00047912434,0
원주,산수유가공용 무화과,7.4554223e-06,0
원주,카람볼라 바이올렛,7.8448475e-06,0
원주,플룸코트,0.00023742081,0
원주,핑거라임,7.7722125e-06,0
원주,부다스핸드,7.7722125e-06,0
원주,오크라,7.423333e-06,0
원주,공심채,7.525097e-06,0
원주,여주,7.4554223e-06,0
원주,차요테,8.653002e-06,0
원주,아티초크,9.990391e-06,0
원주,카사바,7.7722125e-06,0
원주,얌(대마),7.8448475e-06,0
원주,타로,7.8448475e-06,0
원주,자색마,7.8448475e-06,0
원주,아라카차,9.079288e-06,0
원주,제이콘(야콘),8.572884e-06,0
원주,줄기상추(궁채),1.0300667e-05,0
원주,골든비트,1.043818e-05,0
원주,로마네스코,8.5951915e-06,0
원주,아스파라거스 콩,7.7722125e-06,0
원주,윙드빈(사각콩),7.8448475e-06,0
원주,워터체스트넛,7.492708e-06,0
원주,고수,1.3416251e-05,0
원주,레몬그라스,7.8448475e-06,0
원주,갈랑갈,7.8448475e-06,0
원주,타이바질,7.4554223e-06,0
원주,커리잎,7.8448475e-06,0
원주,몰로키아,7.525097e-06,0
원주,아이스플랜트,1.0853758e-05,0
원주,핑거루트,7.8448475e-06,0
원주,강황,7.8448475e-06,0
원주,차조기(자소엽),8.22346e-06,0
원주,파카야,7.525097e-06,0
원주,스네이크고드,7.525097e-06,0
원주,비터토마토,7.7722125e-06,0
원주,퀴노아,5.9598508e-05,0
원주,아마란스,9.668635e-06,0
원주,테프,9.71043e-06,0
원주,카카오,7.525097e-06,0
원주,커피나무,8.653002e-06,0
원주,바닐라,7.8448475e-06,0
원주,블랙페퍼(후추),7.8448475e-06,0
원주,육두구,7.8448475e-06,0
원주,정향,7.525097e-06,0
원주,육계(계피),7.8448475e-06,0
원주,사프란,0.99976164,1
원주,카다멈,7.8448475e-06,0
원주,올스파이스,7.525097e-06,0
원주,과라나,7.8448475e-06,0
원주,마카,0.99992526,1
원주,사차인치,7.8448475e-06,0
원주,브라질넛,7.8448475e-06,0
원주,캐슈넛,7.7722125e-06,0
원주,마카다미아,7.7722125e-06,0
원주,사탕수수,7.492708e-06,0
원주,스테비아,7.4554223e-06,0
원주,모링가,9.71043e-06,0
원주,아사이베리,7.8448475e-06,0
원주,마키베리,5.717707e-05,0
원주,카무카무,7.8448475e-06,0
원주,인디안구스베리(암라),7.423333e-06,0
원주,고투콜라(병풀),7.525097e-06,0
원주,홀리바질,7.4554223e-06,0
원주,버터플라이피,7.8448475e-06,0
원주,히비스커스(로젤),7.7722125e-06,0
원주,카바카바,7.8448475e-06,0
원주,크라통,7.8448475e-06,0
원주,판단,7.8448475e-06,0
원주,피멘토,7.4554223e-06,0
원주,하바네로,7.4554223e-06,0
원주,캐롤라이나 리퍼,7.4554223e-06,0
원주,차요테 덩굴 싹,8.653002e-06,0
원주,스피룰리나,7.913005e-06,0
원주,기네아생강,7.8448475e-06,0
원주,타마린드,7.423333e-06,0
의령군,애플망고,8.448052e-06,0
의령군,파파야,8.481836e-06,0
의령군,용과,1.0670835e-05,0
의령군,패션후르츠(백향과),9.013858e-06,0
의령군,아보카도,8.481836e-06,0
의령군,구아바,8.64646e-06,0
의령군,리치,8.842239e-06,0
의령군,람부탄,8.842239e-06,0
의령군,망고스틴,8.842239e-06,0
의령군,두리안,8.287206e-06,0
의령군,스타후르츠,8.842239e-06,0
의령군,잭후르츠,8.287206e-06,0
의령군,사포딜라,8.448052e-06,0
의령군,롱간(용안),8.842239e-06,0
의령군,체리모야,9.921989e-06,0
의령군,아세로라,8.842239e-06,0
의령군,아키,8.481836e-06,0
의령군,페이조아,4.3076485e-05,0
의령군,자부티카바,8.842239e-06,0
의령군,피타야(노란용과),1.0670835e-05,0
의령군,노니,8.481836e-06,0
의령군,블랙사포테,8.64646e-06,0
의령군,화이트사포테,1.0670835e-05,0
의령군,살락,8.842239e-06,0
의령군,마르멜로(퀸스),0.0011997353,0
의령군,산수유가공용 무화과,8.944003e-06,0
의령군,카람볼라 바이올렛,8.842239e-06,0
의령군,플룸코트,0.00076768297,0
의령군,핑거라임,9.013858e-06,0
의령군,부다스핸드,9.013858e-06,0
의령군,오크라,8.448052e-06,0
의령군,공심채,8.481836e-06,0
의령군,여주,8.64646e-06,0
의령군,차요테,1.0384951e-05,0
의령군,아티초크,1.1472935e-05,0
의령군,카사바,9.013858e-06,0
의령군,얌(대마),8.842239e-06,0
의령군,타로,8.842239e-06,0
의령군,자색마,8.842239e-06,0
의령군,아라카차,1.0547824e-05,0
의령군,제이콘(야콘),1.0586512e-05,0
의령군,줄기상추(궁채),2.1268957e-05,0
의령군,골든비트,2.798587e-05,0
의령군,로마네스코,7.69898e-06,0
의령군,아스파라거스 콩,9.013858e-06,0
의령군,윙드빈(사각콩),8.842239e-06,0
의령군,워터체스트넛,8.287206e-06,0
의령군,고수,2.5388541e-05,0
의령군,레몬그라스,8.842239e-06,0
의령군,갈랑갈,8.842239e-06,0
의령군,타이바질,8.64646e-06,0
의령군,커리잎,8.842239e-06,0
의령군,몰로키아,8.481836e-06,0
의령군,아이스플랜트,1.22449965e-05,0
의령군,핑거루트,8.842239e-06,0
의령군,강황,8.842239e-06,0
의령군,차조기(자소엽),1.0155014e-05,0
의령군,파카야,8.481836e-06,0
의령군,스네이크고드,8.481836e-06,0
의령군,비터토마토,9.013858e-06,0
의령군,퀴노아,0.0015731414,0
의령군,아마란스,1.0425973e-05,0
의령군,테프,1.0670835e-05,0
의령군,카카오,8.481836e-06,0
의령군,커피나무,1.0384951e-05,0
의령군,바닐라,8.842239e-06,0
의령군,블랙페퍼(후추),8.842239e-06,0
의령군,육두구,8.842239e-06,0
의령군,정향,8.481836e-06,0
의령군,육계(계피),8.842239e-06,0
의령군,사프란,0.9999503,1
의령군,카다멈,8.842239e-06,0
의령군,올스파이스,8.481836e-06,0
의령군,과라나,8.842239e-06,0
의령군,마카,0.9995264,1
의령군,사차인치,8.842239e-06,0
의령군,브라질넛,8.842239e-06,0
의령군,캐슈넛,9.013858e-06,0
의령군,마카다미아,9.013858e-06,0
의령군,사탕수수,8.287206e-06,0
의령군,스테비아,8.64646e-06,0
의령군,모링가,1.0670835e-05,0
의령군,아사이베리,8.842239e-06,0
의령군,마키베리,0.004717635,0
의령군,카무카무,8.842239e-06,0
의령군,인디안구스베리(암라),8.448052e-06,0
의령군,고투콜라(병풀),8.481836e-06,0
의령군,홀리바질,8.64646e-06,0
의령군,버터플라이피,8.842239e-06,0
의령군,히비스커스(로젤),9.013858e-06,0
의령군,카바카바,8.842239e-06,0
의령군,크라통,8.842239e-06,0
의령군,판단,8.842239e-06,0
의령군,피멘토,8.64646e-06,0
의령군,하바네로,8.64646e-06,0
의령군,캐롤라이나 리퍼,8.64646e-06,0
의령군,차요테 덩굴 싹,1.0384951e-05,0
의령군,스피룰리나,8.752069e-06,0
의령군,기네아생강,8.842239e-06,0
의령군,타마린드,8.448052e-06,0
의성,애플망고,8.397839e-06,0
의성,파파야,8.431423e-06,0
의성,용과,1.0607411e-05,0
의성,패션후르츠(백향과),8.960284e-06,0
의성,아보카도,8.431423e-06,0
의성,구아바,8.595069e-06,0
의성,리치,8.789684e-06,0
의성,람부탄,8.789684e-06,0
의성,망고스틴,8.789684e-06,0
의성,두리안,8.237949e-06,0
의성,스타후르츠,8.789684e-06,0
의성,잭후르츠,8.237949e-06,0
의성,사포딜라,8.397839e-06,0
의성,롱간(용안),8.789684e-06,0
의성,체리모야,9.655827e-06,0
의성,아세로라,8.789684e-06,0
의성,아키,8.431423e-06,0
의성,페이조아,1.2322828e-05,0
의성,자부티카바,8.789684e-06,0
의성,피타야(노란용과),1.0607411e-05,0
의성,노니,8.431423e-06,0
의성,블랙사포테,8.595069e-06,0
의성,화이트사포테,1.0607411e-05,0
의성,살락,8.789684e-06,0
의성,마르멜로(퀸스),0.00021836841,0
의성,산수유가공용 무화과,8.595069e-06,0
의성,카람볼라 바이올렛,8.789684e-06,0
의성,플룸코트,0.00017974859,0
의성,핑거라임,8.960284e-06,0
의성,부다스핸드,8.960284e-06,0
의성,오크라,8.397839e-06,0
의성,공심채,8.431423e-06,0
의성,여주,8.595069e-06,0
의성,차요테,1.0390349e-05,0
의성,아티초크,1.0904305e-05,0
의성,카사바,8.960284e-06,0
의성,얌(대마),8.789684e-06,0
의성,타로,8.789684e-06,0
의성,자색마,8.789684e-06,0
의성,아라카차,1.0553307e-05,0
의성,제이콘(야콘),1.0592015e-05,0
의성,줄기상추(궁채),1.2493591e-05,0
의성,골든비트,1.1873277e-05,0
의성,로마네스코,9.709662e-06,0
의성,아스파라거스 콩,8.960284e-06,0
의성,윙드빈(사각콩),8.789684e-06,0
의성,워터체스트넛,8.237949e-06,0
의성,고수,1.5418671e-05,0
의성,레몬그라스,8.789684e-06,0
의성,갈랑갈,8.789684e-06,0
의성,타이바질,8.595069e-06,0
의성,커리잎,8.789684e-06,0
의성,몰로키아,8.431423e-06,0
의성,아이스플랜트,1.1916519e-05,0
의성,핑거루트,8.789684e-06,0
의성,강황,8.789684e-06,0
의성,차조기(자소엽),1.0160293e-05,0
의성,파카야,8.431423e-06,0
의성,스네이크고드,8.431423e-06,0
의성,비터토마토,8.960284e-06,0
의성,퀴노아,1.47685705e-05,0
의성,아마란스,1.0364006e-05,0
의성,테프,1.0607411e-05,0
의성,카카오,8.431423e-06,0
의성,커피나무,1.0390349e-05,0
의성,바닐라,8.789684e-06,0
의성,블랙페퍼(후추),8.789684e-06,0
의성,육두구,8.789684e-06,0
의성,정향,8.431423e-06,0
의성,육계(계피),8.789684e-06,0
의성,사프란,0.07149006,0
의성,카다멈,8.789684e-06,0
의성,올스파이스,8.431423e-06,0
의성,과라나,8.789684e-06,0
의성,마카,0.99922466,1
의성,사차인치,8.789684e-06,0
의성,브라질넛,8.789684e-06,0
의성,캐슈넛,8.960284e-06,0
의성,마카다미아,8.960284e-06,0
의성,사탕수수,8.237949e-06,0
의성,스테비아,8.595069e-06,0
의성,모링가,1.0607411e-05,0
의성,아사이베리,8.789684e-06,0
의성,마키베리,1.7157587e-05,0
의성,카무카무,8.789684e-06,0
의성,인디안구스베리(암라),8.397839e-06,0
의성,고투콜라(병풀),8.431423e-06,0
의성,홀리바질,8.595069e-06,0
의성,버터플라이피,8.789684e-06,0
의성,히비스커스(로젤),8.960284e-06,0
의성,카바카바,8.789684e-06,0
의성,크라통,8.789684e-06,0
의성,판단,8.789684e-06,0
의성,피멘토,8.595069e-06,0
의성,하바네로,8.595069e-06,0
의성,캐롤라이나 리퍼,8.595069e-06,0
의성,차요테 덩굴 싹,1.0390349e-05,0
의성,스피룰리나,8.700051e-06,0
의성,기네아생강,8.789684e-06,0
의성,타마린드,8.397839e-06,0
이천,애플망고,7.866288e-06,0
이천,파파야,7.974125e-06,0
이천,용과,1.006862e-05,0
이천,패션후르츠(백향과),8.235986e-06,0
이천,아보카도,7.974125e-06,0
이천,구아바,7.900292e-06,0
이천,리치,8.312954e-06,0
이천,람부탄,8.312954e-06,0
이천,망고스틴,8.312954e-06,0
이천,두리안,7.939803e-06,0
이천,스타후르츠,8.312954e-06,0
이천,잭후르츠,7.939803e-06,0
이천,사포딜라,7.866288e-06,0
이천,롱간(용안),8.312954e-06,0
이천,체리모야,9.417106e-06,0
이천,아세로라,8.312954e-06,0
이천,아키,7.974125e-06,0
이천,페이조아,1.703519e-05,0
이천,자부티카바,8.312954e-06,0
이천,피타야(노란용과),1.006862e-05,0
이천,노니,7.974125e-06,0
이천,블랙사포테,7.900292e-06,0
이천,화이트사포테,1.006862e-05,0
이천,살락,8.312954e-06,0
이천,마르멜로(퀸스),0.00057932123,0
이천,산수유가공용 무화과,7.900292e-06,0
이천,카람볼라 바이올렛,8.312954e-06,0
이천,플룸코트,0.00034571183,0
이천,핑거라임,8.235986e-06,0
이천,부다스핸드,8.235986e-06,0
이천,오크라,7.866288e-06,0
이천,공심채,7.974125e-06,0
이천,여주,7.900292e-06,0
이천,차요테,9.396008e-06,0
이천,아티초크,1.0634718e-05,0
이천,카사바,8.235986e-06,0
이천,얌(대마),8.312954e-06,0
이천,타로,8.312954e-06,0
이천,자색마,8.312954e-06,0
이천,아라카차,9.2749915e-06,0
이천,제이콘(야콘),9.30901e-06,0
이천,줄기상추(궁채),1.0955317e-05,0
이천,골든비트,1.1553438e-05,0
이천,로마네스코,8.78046e-06,0
이천,아스파라거스 콩,8.235986e-06,0
이천,윙드빈(사각콩),8.312954e-06,0
이천,워터체스트넛,7.939803e-06,0
이천,고수,1.3962121e-05,0
이천,레몬그라스,8.312954e-06,0
이천,갈랑갈,8.312954e-06,0
이천,타이바질,7.900292e-06,0
이천,커리잎,8.312954e-06,0
이천,몰로키아,7.974125e-06,0
이천,아이스플랜트,1.2001737e-05,0
이천,핑거루트,8.312954e-06,0
이천,강황,8.312954e-06,0
이천,차조기(자소엽),8.929583e-06,0
이천,파카야,7.974125e-06,0
이천,스네이크고드,7.974125e-06,0
이천,비터토마토,8.235986e-06,0
이천,퀴노아,1.5491834e-05,0
이천,아마란스,1.0025284e-05,0
이천,테프,1.006862e-05,0
이천,카카오,7.974125e-06,0
이천,커피나무,9.396008e-06,0
이천,바닐라,8.312954e-06,0
이천,블랙페퍼(후추),8.312954e-06,0
이천,육두구,8.312954e-06,0
이천,정향,7.974125e-06,0
이천,육계(계피),8.312954e-06,0
이천,사프란,0.060701225,0
이천,카다멈,8.312954e-06,0
이천,올스파이스,7.974125e-06,0
이천,과라나,8.312954e-06,0
이천,마카,0.99993896,1
이천,사차인치,8.312954e-06,0
이천,브라질넛,8.312954e-06,0
이천,캐슈넛,8.235986e-06,0
이천,마카다미아,8.235986e-06,0
이천,사탕수수,7.939803e-06,0
이천,스테비아,7.900292e-06,0
이천,모링가,1.006862e-05,0
이천,아사이베리,8.312954e-06,0
이천,마키베리,2.2201613e-05,0
이천,카무카무,8.312954e-06,0
이천,인디안구스베리(암라),7.866288e-06,0
이천,고투콜라(병풀),7.974125e-06,0
이천,홀리바질,7.900292e-06,0
이천,버터플라이피,8.312954e-06,0
이천,히비스커스(로젤),8.235986e-06,0
이천,카바카바,8.312954e-06,0
이천,크라통,8.312954e-06,0
이천,판단,8.312954e-06,0
이천,피멘토,7.900292e-06,0
이천,하바네로,7.900292e-06,0
이천,캐롤라이나 리퍼,7.900292e-06,0
이천,차요테 덩굴 싹,9.396008e-06,0
이천,스피룰리나,8.385179e-06,0
이천,기네아생강,8.312954e-06,0
이천,타마린드,7.866288e-06,0
인제,애플망고,8.757605e-06,0
인제,파파야,8.87766e-06,0
인제,용과,1.1209476e-05,0
인제,패션후르츠(백향과),9.169191e-06,0
인제,아보카도,8.87766e-06,0
인제,구아바,8.795462e-06,0
인제,리치,9.254882e-06,0
인제,람부탄,9.254882e-06,0
인제,망고스틴,9.254882e-06,0
인제,두리안,8.839449e-06,0
인제,스타후르츠,9.254882e-06,0
인제,잭후르츠,8.839449e-06,0
인제,사포딜라,8.757605e-06,0
인제,롱간(용안),9.254882e-06,0
인제,체리모야,1.0231215e-05,0
인제,아세로라,9.254882e-06,0
인제,아키,8.87766e-06,0
인제,페이조아,1.3519966e-05,0
인제,자부티카바,9.254882e-06,0
인제,피타야(노란용과),1.1209476e-05,0
인제,노니,8.87766e-06,0
인제,블랙사포테,8.795462e-06,0
인제,화이트사포테,1.1209476e-05,0
인제,살락,9.254882e-06,0
인제,마르멜로(퀸스),0.00015331207,0
인제,산수유가공용 무화과,8.795462e-06,0
인제,카람볼라 바이올렛,9.254882e-06,0
인제,플룸코트,8.5129395e-05,0
인제,핑거라임,9.169191e-06,0
인제,부다스핸드,9.169191e-06,0
인제,오크라,8.757605e-06,0
인제,공심채,8.87766e-06,0
인제,여주,8.795462e-06,0
인제,차요테,1.0208292e-05,0
인제,아티초크,1.1554077e-05,0
인제,카사바,9.169191e-06,0
인제,얌(대마),9.254882e-06,0
인제,타로,9.254882e-06,0
인제,자색마,9.254882e-06,0
인제,아라카차,1.0076815e-05,0
인제,제이콘(야콘),1.0113775e-05,0
인제,줄기상추(궁채),1.1929493e-05,0
인제,골든비트,1.2580787e-05,0
인제,로마네스코,9.539532e-06,0
인제,아스파라거스 콩,9.169191e-06,0
인제,윙드빈(사각콩),9.254882e-06,0
인제,워터체스트넛,8.839449e-06,0
인제,고수,1.5203665e-05,0
인제,레몬그라스,9.254882e-06,0
인제,갈랑갈,9.254882e-06,0
인제,타이바질,8.795462e-06,0
인제,커리잎,9.254882e-06,0
인제,몰로키아,8.87766e-06,0
인제,아이스플랜트,1.3039283e-05,0
인제,핑거루트,9.254882e-06,0
인제,강황,9.254882e-06,0
인제,차조기(자소엽),9.7015445e-06,0
인제,파카야,8.87766e-06,0
인제,스네이크고드,8.87766e-06,0
인제,비터토마토,9.169191e-06,0
인제,퀴노아,2.1263928e-05,0
인제,아마란스,1.1161229e-05,0
인제,테프,1.1209476e-05,0
인제,카카오,8.87766e-06,0
인제,커피나무,1.0208292e-05,0
인제,바닐라,9.254882e-06,0
인제,블랙페퍼(후추),9.254882e-06,0
인제,육두구,9.254882e-06,0
인제,정향,8.87766e-06,0
인제,육계(계피),9.254882e-06,0
인제,사프란,0.00012318896,0
인제,카다멈,9.254882e-06,0
인제,올스파이스,8.87766e-06,0
인제,과라나,9.254882e-06,0
인제,마카,0.99975187,1
인제,사차인치,9.254882e-06,0
인제,브라질넛,9.254882e-06,0
인제,캐슈넛,9.169191e-06,0
인제,마카다미아,9.169191e-06,0
인제,사탕수수,8.839449e-06,0
인제,스테비아,8.795462e-06,0
인제,모링가,1.1209476e-05,0
인제,아사이베리,9.254882e-06,0
인제,마키베리,1.4525321e-05,0
인제,카무카무,9.254882e-06,0
인제,인디안구스베리(암라),8.757605e-06,0
인제,고투콜라(병풀),8.87766e-06,0
인제,홀리바질,8.795462e-06,0
인제,버터플라이피,9.254882e-06,0
인제,히비스커스(로젤),9.169191e-06,0
인제,카바카바,9.254882e-06,0
인제,크라통,9.254882e-06,0
인제,판단,9.254882e-06,0
인제,피멘토,8.795462e-06,0
인제,하바네로,8.795462e-06,0
인제,캐롤라이나 리퍼,8.795462e-06,0
인제,차요테 덩굴 싹,1.0208292e-05,0
인제,스피룰리나,9.33529e-06,0
인제,기네아생강,9.254882e-06,0
인제,타마린드,8.757605e-06,0
인천,애플망고,8.045009e-06,0
인천,파파야,8.155294e-06,0
인천,용과,1.0507554e-05,0
인천,패션후르츠(백향과),8.423105e-06,0
인천,아보카도,8.155294e-06,0
인천,구아바,8.079785e-06,0
인천,리치,8.501823e-06,0
인천,람부탄,8.501823e-06,0
인천,망고스틴,8.501823e-06,0
인천,두리안,8.120193e-06,0
인천,스타후르츠,8.501823e-06,0
인천,잭후르츠,8.120193e-06,0
인천,사포딜라,8.045009e-06,0
인천,롱간(용안),8.501823e-06,0
인천,체리모야,9.6463755e-06,0
인천,아세로라,8.501823e-06,0
인천,아키,8.155294e-06,0
인천,페이조아,2.5333953e-05,0
인천,자부티카바,8.501823e-06,0
인천,피타야(노란용과),1.0507554e-05,0
인천,노니,8.155294e-06,0
인천,블랙사포테,8.079785e-06,0
인천,화이트사포테,1.0507554e-05,0
인천,살락,8.501823e-06,0
인천,마르멜로(퀸스),0.0009669537,0
인천,산수유가공용 무화과,1.0203474e-05,0
인천,카람볼라 바이올렛,8.501823e-06,0
인천,플룸코트,0.0004882656,0
인천,핑거라임,8.423105e-06,0
인천,부다스핸드,8.423105e-06,0
인천,오크라,8.045009e-06,0
인천,공심채,8.155294e-06,0
인천,여주,8.079785e-06,0
인천,차요테,9.791556e-06,0
인천,아티초크,1.3998717e-05,0
인천,카사바,8.423105e-06,0
인천,얌(대마),8.501823e-06,0
인천,타로,8.501823e-06,0
인천,자색마,8.501823e-06,0
인천,아라카차,9.665446e-06,0
인천,제이콘(야콘),9.700897e-06,0
인천,줄기상추(궁채),1.1442482e-05,0
인천,골든비트,1.1861642e-05,0
인천,로마네스코,9.150096e-06,0
인천,아스파라거스 콩,8.423105e-06,0
인천,윙드빈(사각콩),8.501823e-06,0
인천,워터체스트넛,8.120193e-06,0
인천,고수,1.4880639e-05,0
인천,레몬그라스,8.501823e-06,0
인천,갈랑갈,8.501823e-06,0
인천,타이바질,8.079785e-06,0
인천,커리잎,8.501823e-06,0
인천,몰로키아,8.155294e-06,0
인천,아이스플랜트,1.2544858e-05,0
인천,핑거루트,8.501823e-06,0
인천,강황,8.501823e-06,0
인천,차조기(자소엽),9.305496e-06,0
인천,파카야,8.155294e-06,0
인천,스네이크고드,8.155294e-06,0
인천,비터토마토,8.423105e-06,0
인천,퀴노아,7.44503e-05,0
인천,아마란스,1.0462328e-05,0
인천,테프,1.0507554e-05,0
인천,카카오,8.155294e-06,0
인천,커피나무,9.791556e-06,0
인천,바닐라,8.501823e-06,0
인천,블랙페퍼(후추),8.501823e-06,0
인천,육두구,8.501823e-06,0
인천,정향,8.155294e-06,0
인천,육계(계피),8.501823e-06,0
인천,사프란,0.9999393,1
인천,카다멈,8.501823e-06,0
인천,올스파이스,8.155294e-06,0
인천,과라나,8.501823e-06,0
인천,마카,0.9999577,1
인천,사차인치,8.501823e-06,0
인천,브라질넛,8.501823e-06,0
인천,캐슈넛,8.423105e-06,0
인천,마카다미아,8.423105e-06,0
인천,사탕수수,8.120193e-06,0
인천,스테비아,8.079785e-06,0
인천,모링가,1.0507554e-05,0
인천,아사이베리,8.501823e-06,0
인천,마키베리,9.887572e-05,0
인천,카무카무,8.501823e-06,0
인천,인디안구스베리(암라),8.045009e-06,0
인천,고투콜라(병풀),8.155294e-06,0
인천,홀리바질,8.079785e-06,0
인천,버터플라이피,8.501823e-06,0
인천,히비스커스(로젤),8.423105e-06,0
인천,카바카바,8.501823e-06,0
인천,크라통,8.501823e-06,0
인천,판단,8.501823e-06,0
인천,피멘토,8.079785e-06,0
인천,하바네로,8.079785e-06,0
인천,캐롤라이나 리퍼,8.079785e-06,0
인천,차요테 덩굴 싹,9.791556e-06,0
인천,스피룰리나,8.575688e-06,0
인천,기네아생강,8.501823e-06,0
인천,타마린드,8.045009e-06,0
임실,애플망고,9.361403e-06,0
임실,파파야,9.489734e-06,0
임실,용과,1.1603369e-05,0
임실,패션후르츠(백향과),9.801366e-06,0
임실,아보카도,9.489734e-06,0
임실,구아바,9.40187e-06,0
임실,리치,9.892964e-06,0
임실,람부탄,9.892964e-06,0
임실,망고스틴,9.892964e-06,0
임실,두리안,9.448889e-06,0
임실,스타후르츠,9.892964e-06,0
임실,잭후르츠,9.448889e-06,0
임실,사포딜라,9.361403e-06,0
임실,롱간(용안),9.892964e-06,0
임실,체리모야,1.1346986e-05,0
임실,아세로라,9.892964e-06,0
임실,아키,9.489734e-06,0
임실,페이조아,2.6638081e-05,0
임실,자부티카바,9.892964e-06,0
임실,피타야(노란용과),1.1603369e-05,0
임실,노니,9.489734e-06,0
임실,블랙사포테,9.40187e-06,0
임실,화이트사포테,1.1603369e-05,0
임실,살락,9.892964e-06,0
임실,마르멜로(퀸스),0.0010189717,0
임실,산수유가공용 무화과,9.550746e-06,0
임실,카람볼라 바이올렛,9.892964e-06,0
임실,플룸코트,0.00059356925,0
임실,핑거라임,9.801366e-06,0
임실,부다스핸드,9.801366e-06,0
임실,오크라,9.361403e-06,0
임실,공심채,9.489734e-06,0
임실,여주,9.40187e-06,0
임실,차요테,1.1517761e-05,0
임실,아티초크,1.2641161e-05,0
임실,카사바,9.801366e-06,0
임실,얌(대마),9.892964e-06,0
임실,타로,9.892964e-06,0
임실,자색마,9.892964e-06,0
임실,아라카차,1.1369418e-05,0
임실,제이콘(야콘),1.141112e-05,0
임실,줄기상추(궁채),1.3120099e-05,0
임실,골든비트,1.3600714e-05,0
임실,로마네스코,1.0967358e-05,0
임실,아스파라거스 콩,9.801366e-06,0
임실,윙드빈(사각콩),9.892964e-06,0
임실,워터체스트넛,9.448889e-06,0
임실,고수,1.6192229e-05,0
임실,레몬그라스,9.892964e-06,0
임실,갈랑갈,9.892964e-06,0
임실,타이바질,9.40187e-06,0
임실,커리잎,9.892964e-06,0
임실,몰로키아,9.489734e-06,0
임실,아이스플랜트,1.4003938e-05,0
임실,핑거루트,9.892964e-06,0
임실,강황,9.892964e-06,0
임실,차조기(자소엽),1.0946012e-05,0
임실,파카야,9.489734e-06,0
임실,스네이크고드,9.489734e-06,0
임실,비터토마토,9.801366e-06,0
임실,퀴노아,1.758298e-05,0
임실,아마란스,1.1553427e-05,0
임실,테프,1.1603369e-05,0
임실,카카오,9.489734e-06,0
임실,커피나무,1.1517761e-05,0
임실,바닐라,9.892964e-06,0
임실,블랙페퍼(후추),9.892964e-06,0
임실,육두구,9.892964e-06,0
임실,정향,9.489734e-06,0
임실,육계(계피),9.892964e-06,0
임실,사프란,0.18261448,0
임실,카다멈,9.892964e-06,0
임실,올스파이스,9.489734e-06,0
임실,과라나,9.892964e-06,0
임실,마카,0.99985635,1
임실,사차인치,9.892964e-06,0
임실,브라질넛,9.892964e-06,0
임실,캐슈넛,9.801366e-06,0
임실,마카다미아,9.801366e-06,0
임실,사탕수수,9.448889e-06,0
임실,스테비아,9.40187e-06,0
임실,모링가,1.1603369e-05,0
임실,아사이베리,9.892964e-06,0
임실,마키베리,6.0734114e-05,0
임실,카무카무,9.892964e-06,0
임실,인디안구스베리(암라),9.361403e-06,0
임실,고투콜라(병풀),9.489734e-06,0
임실,홀리바질,9.40187e-06,0
임실,버터플라이피,9.892964e-06,0
임실,히비스커스(로젤),9.801366e-06,0
임실,카바카바,9.892964e-06,0
임실,크라통,9.892964e-06,0
임실,판단,9.892964e-06,0
임실,피멘토,9.40187e-06,0
임실,하바네로,9.40187e-06,0
임실,캐롤라이나 리퍼,9.40187e-06,0
임실,차요테 덩굴 싹,1.1517761e-05,0
임실,스피룰리나,9.978917e-06,0
임실,기네아생강,9.892964e-06,0
임실,타마린드,9.361403e-06,0
장수,애플망고,2.021264e-05,0
장수,파파야,2.0911262e-05,0
장수,용과,2.4077568e-05,0
장수,패션후르츠(백향과),2.1597954e-05,0
장수,아보카도,2.0911262e-05,0
장수,구아바,2.0717647e-05,0
장수,리치,2.1799795e-05,0
장수,람부탄,2.1799795e-05,0
장수,망고스틴,2.1799795e-05,0
장수,두리안,2.0401534e-05,0
장수,스타후르츠,2.1799795e-05,0
장수,잭후르츠,2.0401534e-05,0
장수,사포딜라,2.021264e-05,0
장수,롱간(용안),2.1799795e-05,0
장수,체리모야,2.3210665e-05,0
장수,아세로라,2.1799795e-05,0
장수,아키,2.0911262e-05,0
장수,페이조아,6.7891924e-05,0
장수,자부티카바,2.1799795e-05,0
장수,피타야(노란용과),2.4077568e-05,0
장수,노니,2.0911262e-05,0
장수,블랙사포테,2.0717647e-05,0
장수,화이트사포테,2.4077568e-05,0
장수,살락,2.1799795e-05,0
장수,마르멜로(퀸스),0.0044745826,0
장수,산수유가공용 무화과,2.1045704e-05,0
장수,카람볼라 바이올렛,2.1799795e-05,0
장수,플룸코트,0.0028638777,0
장수,핑거라임,2.1597954e-05,0
장수,부다스핸드,2.1597954e-05,0
장수,오크라,2.021264e-05,0
장수,공심채,2.0911262e-05,0
장수,여주,2.0717647e-05,0
장수,차요테,2.4044688e-05,0
장수,아티초크,2.6788079e-05,0
장수,카사바,2.1597954e-05,0
장수,얌(대마),2.1799795e-05,0
장수,타로,2.1799795e-05,0
장수,자색마,2.1799795e-05,0
장수,아라카차,2.5569123e-05,0
장수,제이콘(야콘),2.3822062e-05,0
장수,줄기상추(궁채),2.8375005e-05,0
장수,골든비트,2.8821474e-05,0
장수,로마네스코,2.4664952e-05,0
장수,아스파라거스 콩,2.1597954e-05,0
장수,윙드빈(사각콩),2.1799795e-05,0
장수,워터체스트넛,2.0401534e-05,0
장수,고수,3.2976728e-05,0
장수,레몬그라스,2.1799795e-05,0
장수,갈랑갈,2.1799795e-05,0
장수,타이바질,2.0717647e-05,0
장수,커리잎,2.1799795e-05,0
장수,몰로키아,2.0911262e-05,0
장수,아이스플랜트,2.6974909e-05,0
장수,핑거루트,2.1799795e-05,0
장수,강황,2.1799795e-05,0
장수,차조기(자소엽),2.2851107e-05,0
장수,파카야,2.0911262e-05,0
장수,스네이크고드,2.0911262e-05,0
장수,비터토마토,2.1597954e-05,0
장수,퀴노아,4.0944684e-05,0
장수,아마란스,2.3490664e-05,0
장수,테프,2.4077568e-05,0
장수,카카오,2.0911262e-05,0
장수,커피나무,2.4044688e-05,0
장수,바닐라,2.1799795e-05,0
장수,블랙페퍼(후추),2.1799795e-05,0
장수,육두구,2.1799795e-05,0
장수,정향,2.0911262e-05,0
장수,육계(계피),2.1799795e-05,0
장수,사프란,0.00067643635,0
장수,카다멈,2.1799795e-05,0
장수,올스파이스,2.0911262e-05,0
장수,과라나,2.1799795e-05,0
장수,마카,0.99984837,1
장수,사차인치,2.1799795e-05,0
장수,브라질넛,2.1799795e-05,0
장수,캐슈넛,2.1597954e-05,0
장수,마카다미아,2.1597954e-05,0
장수,사탕수수,2.0401534e-05,0
장수,스테비아,2.0717647e-05,0
장수,모링가,2.4077568e-05,0
장수,아사이베리,2.1799795e-05,0
장수,마키베리,7.4586096e-05,0
장수,카무카무,2.1799795e-05,0
장수,인디안구스베리(암라),2.021264e-05,0
장수,고투콜라(병풀),2.0911262e-05,0
장수,홀리바질,2.0717647e-05,0
장수,버터플라이피,2.1799795e-05,0
장수,히비스커스(로젤),2.1597954e-05,0
장수,카바카바,2.1799795e-05,0
장수,크라통,2.1799795e-05,0
장수,판단,2.1799795e-05,0
장수,피멘토,2.0717647e-05,0
장수,하바네로,2.0717647e-05,0
장수,캐롤라이나 리퍼,2.0717647e-05,0
장수,차요테 덩굴 싹,2.4044688e-05,0
장수,스피룰리나,2.1545928e-05,0
장수,기네아생강,2.1799795e-05,0
장수,타마린드,2.021264e-05,0
장흥,애플망고,1.3316063e-05,0
장흥,파파야,1.286911e-05,0
장흥,용과,1.6966158e-05,0
장흥,패션후르츠(백향과),1.367632e-05,0
장흥,아보카도,1.286911e-05,0
장흥,구아바,1.3118886e-05,0
장흥,리치,1.3415932e-05,0
장흥,람부탄,1.3415932e-05,0
장흥,망고스틴,1.3415932e-05,0
장흥,두리안,1.3062532e-05,0
장흥,스타후르츠,1.3415932e-05,0
장흥,잭후르츠,1.3062532e-05,0
장흥,사포딜라,1.3316063e-05,0
장흥,롱간(용안),1.3415932e-05,0
장흥,체리모야,1.5291185e-05,0
장흥,아세로라,1.3415932e-05,0
장흥,아키,1.286911e-05,0
장흥,페이조아,0.00069167797,0
장흥,자부티카바,1.38775995e-05,0
장흥,피타야(노란용과),1.6966158e-05,0
장흥,노니,1.286911e-05,0
장흥,블랙사포테,1.3118886e-05,0
장흥,화이트사포테,1.7549994e-05,0
장흥,살락,1.3415932e-05,0
장흥,마르멜로(퀸스),0.99432135,1
장흥,산수유가공용 무화과,4.3601613e-05,0
장흥,카람볼라 바이올렛,1.3415932e-05,0
장흥,플룸코트,0.009147031,0
장흥,핑거라임,1.367632e-05,0
장흥,부다스핸드,1.367632e-05,0
장흥,오크라,1.3316063e-05,0
장흥,공심채,1.286911e-05,0
장흥,여주,1.3118886e-05,0
장흥,차요테,1.47975e-05,0
장흥,아티초크,9.4115465e-05,0
장흥,카사바,1.367632e-05,0
장흥,얌(대마),1.3415932e-05,0
장흥,타로,1.3415932e-05,0
장흥,자색마,1.3415932e-05,0
장흥,아라카차,1.8598106e-05,0
장흥,제이콘(야콘),1.5084704e-05,0
장흥,줄기상추(궁채),1.6549784e-05,0
장흥,골든비트,2.4404655e-05,0
장흥,로마네스코,3.0811072e-05,0
장흥,아스파라거스 콩,1.367632e-05,0
장흥,윙드빈(사각콩),1.3415932e-05,0
장흥,워터체스트넛,1.3062532e-05,0
장흥,고수,1.7156899e-05,0
장흥,레몬그라스,1.3415932e-05,0
장흥,갈랑갈,1.3415932e-05,0
장흥,타이바질,1.3118886e-05,0
장흥,커리잎,1.3415932e-05,0
장흥,몰로키아,1.286911e-05,0
장흥,아이스플랜트,1.9775516e-05,0
장흥,핑거루트,1.3415932e-05,0
장흥,강황,1.3415932e-05,0
장흥,차조기(자소엽),1.4469866e-05,0
장흥,파카야,1.286911e-05,0
장흥,스네이크고드,1.286911e-05,0
장흥,비터토마토,1.367632e-05,0
장흥,퀴노아,0.19579943,0
장흥,아마란스,1.7221158e-05,0
장흥,테프,1.6966158e-05,0
장흥,카카오,1.286911e-05,0
장흥,커피나무,1.47975e-05,0
장흥,바닐라,1.3415932e-05,0
장흥,블랙페퍼(후추),1.3415932e-05,0
장흥,육두구,1.3415932e-05,0
장흥,정향,1.286911e-05,0
장흥,육계(계피),1.3415932e-05,0
장흥,사프란,0.9999784,1
장흥,카다멈,1.3415932e-05,0
장흥,올스파이스,1.286911e-05,0
장흥,과라나,1.3415932e-05,0
장흥,마카,0.9999187,1
장흥,사차인치,1.3415932e-05,0
장흥,브라질넛,1.3415932e-05,0
장흥,캐슈넛,1.367632e-05,0
장흥,마카다미아,1.367632e-05,0
장흥,사탕수수,1.3062532e-05,0
장흥,스테비아,1.3570332e-05,0
장흥,모링가,1.6966158e-05,0
장흥,아사이베리,1.3415932e-05,0
장흥,마키베리,0.99942905,1
장흥,카무카무,1.3415932e-05,0
장흥,인디안구스베리(암라),1.3316063e-05,0
장흥,고투콜라(병풀),1.286911e-05,0
장흥,홀리바질,1.3118886e-05,0
장흥,버터플라이피,1.3415932e-05,0
장흥,히비스커스(로젤),1.367632e-05,0
장흥,카바카바,1.3415932e-05,0
장흥,크라통,1.3415932e-05,0
장흥,판단,1.3415932e-05,0
장흥,피멘토,1.3118886e-05,0
장흥,하바네로,1.3118886e-05,0
장흥,캐롤라이나 리퍼,1.3118886e-05,0
장흥,차요테 덩굴 싹,1.47975e-05,0
장흥,스피룰리나,1.3795274e-05,0
장흥,기네아생강,1.3415932e-05,0
장흥,타마린드,1.3316063e-05,0
전주,애플망고,7.555515e-06,0
전주,파파야,7.01462e-06,0
전주,용과,1.0010256e-05,0
전주,패션후르츠(백향과),7.4546124e-06,0
전주,아보카도,7.01462e-06,0
전주,구아바,7.150767e-06,0
전주,리치,7.3126803e-06,0
전주,람부탄,7.3126803e-06,0
전주,망고스틴,7.3126803e-06,0
전주,두리안,7.4116615e-06,0
전주,스타후르츠,7.3126803e-06,0
전주,잭후르츠,7.4116615e-06,0
전주,사포딜라,7.555515e-06,0
전주,롱간(용안),7.3126803e-06,0
전주,체리모야,9.158058e-06,0
전주,아세로라,7.3126803e-06,0
전주,아키,7.01462e-06,0
전주,페이조아,0.00010900631,0
전주,자부티카바,7.564325e-06,0
전주,피타야(노란용과),1.0010256e-05,0
전주,노니,7.01462e-06,0
전주,블랙사포테,7.150767e-06,0
전주,화이트사포테,1.0354729e-05,0
전주,살락,7.3126803e-06,0
전주,마르멜로(퀸스),0.99970406,1
전주,산수유가공용 무화과,1.7781724e-05,0
전주,카람볼라 바이올렛,7.3126803e-06,0
전주,플룸코트,0.0027144637,0
전주,핑거라임,7.4546124e-06,0
전주,부다스핸드,7.4546124e-06,0
전주,오크라,7.555515e-06,0
전주,공심채,7.01462e-06,0
전주,여주,7.150767e-06,0
전주,차요테,8.5136935e-06,0
전주,아티초크,3.7525777e-05,0
전주,카사바,7.4546124e-06,0
전주,얌(대마),7.3126803e-06,0
전주,타로,7.3126803e-06,0
전주,자색마,7.3126803e-06,0
전주,아라카차,1.0626405e-05,0
전주,제이콘(야콘),8.678935e-06,0
전주,줄기상추(궁채),3.8672202e-05,0
전주,골든비트,5.9099166e-05,0
전주,로마네스코,1.0251422e-05,0
전주,아스파라거스 콩,7.4546124e-06,0
전주,윙드빈(사각콩),7.3126803e-06,0
전주,워터체스트넛,7.4116615e-06,0
전주,고수,4.2444077e-05,0
전주,레몬그라스,7.3126803e-06,0
전주,갈랑갈,7.3126803e-06,0
전주,타이바질,7.150767e-06,0
전주,커리잎,7.3126803e-06,0
전주,몰로키아,7.01462e-06,0
전주,아이스플랜트,1.2820223e-05,0
전주,핑거루트,7.3126803e-06,0
전주,강황,7.3126803e-06,0
전주,차조기(자소엽),8.325188e-06,0
전주,파카야,7.01462e-06,0
전주,스네이크고드,7.01462e-06,0
전주,비터토마토,7.4546124e-06,0
전주,퀴노아,0.998013,1
전주,아마란스,1.0576854e-05,0
전주,테프,1.0010256e-05,0
전주,카카오,7.01462e-06,0
전주,커피나무,8.5136935e-06,0
전주,바닐라,7.3126803e-06,0
전주,블랙페퍼(후추),7.3126803e-06,0
전주,육두구,7.3126803e-06,0
전주,정향,7.01462e-06,0
전주,육계(계피),7.3126803e-06,0
전주,사프란,0.99998367,1
전주,카다멈,7.3126803e-06,0
전주,올스파이스,7.01462e-06,0
전주,과라나,7.3126803e-06,0
전주,마카,0.9995653,1
전주,사차인치,7.3126803e-06,0
전주,브라질넛,7.3126803e-06,0
전주,캐슈넛,7.4546124e-06,0
전주,마카다미아,7.4546124e-06,0
전주,사탕수수,7.4116615e-06,0
전주,스테비아,7.3968404e-06,0
전주,모링가,1.0010256e-05,0
전주,아사이베리,7.3126803e-06,0
전주,마키베리,0.9996729,1
전주,카무카무,7.3126803e-06,0
전주,인디안구스베리(암라),7.555515e-06,0
전주,고투콜라(병풀),7.01462e-06,0
전주,홀리바질,7.150767e-06,0
전주,버터플라이피,7.3126803e-06,0
전주,히비스커스(로젤),7.4546124e-06,0
전주,카바카바,7.3126803e-06,0
전주,크라통,7.3126803e-06,0
전주,판단,7.3126803e-06,0
전주,피멘토,7.150767e-06,0
전주,하바네로,7.150767e-06,0
전주,캐롤라이나 리퍼,7.150767e-06,0
전주,차요테 덩굴 싹,8.5136935e-06,0
전주,스피룰리나,7.827412e-06,0
전주,기네아생강,7.3126803e-06,0
전주,타마린드,7.555515e-06,0
정선군,애플망고,8.996554e-06,0
정선군,파파야,8.863413e-06,0
정선군,용과,1.15153225e-05,0
정선군,패션후르츠(백향과),9.41937e-06,0
정선군,아보카도,8.863413e-06,0
정선군,구아바,9.035444e-06,0
정선군,리치,9.2400305e-06,0
정선군,람부탄,9.2400305e-06,0
정선군,망고스틴,9.2400305e-06,0
정선군,두리안,8.825265e-06,0
정선군,스타후르츠,9.2400305e-06,0
정선군,잭후르츠,8.825265e-06,0
정선군,사포딜라,8.996554e-06,0
정선군,롱간(용안),9.2400305e-06,0
정선군,체리모야,1.00992975e-05,0
정선군,아세로라,9.2400305e-06,0
정선군,아키,8.863413e-06,0
정선군,페이조아,1.4349555e-05,0
정선군,자부티카바,9.2400305e-06,0
정선군,피타야(노란용과),1.15153225e-05,0
정선군,노니,8.863413e-06,0
정선군,블랙사포테,9.035444e-06,0
정선군,화이트사포테,1.15153225e-05,0
정선군,살락,9.2400305e-06,0
정선군,마르멜로(퀸스),0.00031947638,0
정선군,산수유가공용 무화과,9.035444e-06,0
정선군,카람볼라 바이올렛,9.2400305e-06,0
정선군,플룸코트,0.00020824751,0
정선군,핑거라임,9.41937e-06,0
정선군,부다스핸드,9.41937e-06,0
정선군,오크라,8.996554e-06,0
정선군,공심채,8.863413e-06,0
정선군,여주,9.035444e-06,0
정선군,차요테,1.019191e-05,0
정선군,아티초크,1.1405104e-05,0
정선군,카사바,9.41937e-06,0
정선군,얌(대마),9.2400305e-06,0
정선군,타로,9.2400305e-06,0
정선군,자색마,9.2400305e-06,0
정선군,아라카차,1.0351757e-05,0
정선군,제이콘(야콘),1.03897255e-05,0
정선군,줄기상추(궁채),1.1759317e-05,0
정선군,골든비트,1.1916303e-05,0
정선군,로마네스코,9.524223e-06,0
정선군,아스파라거스 콩,9.41937e-06,0
정선군,윙드빈(사각콩),9.2400305e-06,0
정선군,워터체스트넛,8.825265e-06,0
정선군,고수,1.4986783e-05,0
정선군,레몬그라스,9.2400305e-06,0
정선군,갈랑갈,9.2400305e-06,0
정선군,타이바질,9.035444e-06,0
정선군,커리잎,9.2400305e-06,0
정선군,몰로키아,8.863413e-06,0
정선군,아이스플랜트,1.287116e-05,0
정선군,핑거루트,9.2400305e-06,0
정선군,강황,9.2400305e-06,0
정선군,차조기(자소엽),9.9662475e-06,0
정선군,파카야,8.863413e-06,0
정선군,스네이크고드,8.863413e-06,0
정선군,비터토마토,9.41937e-06,0
정선군,퀴노아,1.9484052e-05,0
정선군,아마란스,1.146576e-05,0
정선군,테프,1.15153225e-05,0
정선군,카카오,8.863413e-06,0
정선군,커피나무,1.019191e-05,0
정선군,바닐라,9.2400305e-06,0
정선군,블랙페퍼(후추),9.2400305e-06,0
정선군,육두구,9.2400305e-06,0
정선군,정향,8.863413e-06,0
정선군,육계(계피),9.2400305e-06,0
정선군,사프란,0.00017904419,0
정선군,카다멈,9.2400305e-06,0
정선군,올스파이스,8.863413e-06,0
정선군,과라나,9.2400305e-06,0
정선군,마카,0.9998925,1
정선군,사차인치,9.2400305e-06,0
정선군,브라질넛,9.2400305e-06,0
정선군,캐슈넛,9.41937e-06,0
정선군,마카다미아,9.41937e-06,0
정선군,사탕수수,8.825265e-06,0
정선군,스테비아,9.035444e-06,0
정선군,모링가,1.15153225e-05,0
정선군,아사이베리,9.2400305e-06,0
정선군,마키베리,1.4318128e-05,0
정선군,카무카무,9.2400305e-06,0
정선군,인디안구스베리(암라),8.996554e-06,0
정선군,고투콜라(병풀),8.863413e-06,0
정선군,홀리바질,9.035444e-06,0
정선군,버터플라이피,9.2400305e-06,0
정선군,히비스커스(로젤),9.41937e-06,0
정선군,카바카바,9.2400305e-06,0
정선군,크라통,9.2400305e-06,0
정선군,판단,9.2400305e-06,0
정선군,피멘토,9.035444e-06,0
정선군,하바네로,9.035444e-06,0
정선군,캐롤라이나 리퍼,9.035444e-06,0
정선군,차요테 덩굴 싹,1.019191e-05,0
정선군,스피룰리나,9.32031e-06,0
정선군,기네아생강,9.2400305e-06,0
정선군,타마린드,8.996554e-06,0
정읍,애플망고,8.422953e-06,0
정읍,파파야,8.117824e-06,0
정읍,용과,1.0212878e-05,0
정읍,패션후르츠(백향과),8.627014e-06,0
정읍,아보카도,8.117824e-06,0
정읍,구아바,8.275383e-06,0
정읍,리치,8.46276e-06,0
정읍,람부탄,8.46276e-06,0
정읍,망고스틴,8.46276e-06,0
정읍,두리안,8.262584e-06,0
정읍,스타후르츠,8.46276e-06,0
정읍,잭후르츠,8.262584e-06,0
정읍,사포딜라,8.422953e-06,0
정읍,롱간(용안),8.46276e-06,0
정읍,체리모야,9.924129e-06,0
정읍,아세로라,8.46276e-06,0
정읍,아키,8.117824e-06,0
정읍,페이조아,4.6942896e-05,0
정읍,자부티카바,8.46276e-06,0
정읍,피타야(노란용과),1.0212878e-05,0
정읍,노니,8.117824e-06,0
정읍,블랙사포테,8.275383e-06,0
정읍,화이트사포테,1.0212878e-05,0
정읍,살락,8.46276e-06,0
정읍,마르멜로(퀸스),0.0017640062,0
정읍,산수유가공용 무화과,1.654819e-05,0
정읍,카람볼라 바이올렛,8.46276e-06,0
정읍,플룸코트,0.0011606623,0
정읍,핑거라임,8.627014e-06,0
정읍,부다스핸드,8.627014e-06,0
정읍,오크라,8.422953e-06,0
정읍,공심채,8.117824e-06,0
정읍,여주,8.275383e-06,0
정읍,차요테,1.0251208e-05,0
정읍,아티초크,3.109278e-05,0
정읍,카사바,8.627014e-06,0
정읍,얌(대마),8.46276e-06,0
정읍,타로,8.46276e-06,0
정읍,자색마,8.46276e-06,0
정읍,아라카차,1.0411984e-05,0
정읍,제이콘(야콘),1.0450173e-05,0
정읍,줄기상추(궁채),1.3105919e-05,0
정읍,골든비트,1.6722332e-05,0
정읍,로마네스코,7.885516e-06,0
정읍,아스파라거스 콩,8.627014e-06,0
정읍,윙드빈(사각콩),8.46276e-06,0
정읍,워터체스트넛,8.262584e-06,0
정읍,고수,1.5644428e-05,0
정읍,레몬그라스,8.46276e-06,0
정읍,갈랑갈,8.46276e-06,0
정읍,타이바질,8.275383e-06,0
정읍,커리잎,8.46276e-06,0
정읍,몰로키아,8.117824e-06,0
정읍,아이스플랜트,1.2247635e-05,0
정읍,핑거루트,8.46276e-06,0
정읍,강황,8.46276e-06,0
정읍,차조기(자소엽),1.0024232e-05,0
정읍,파카야,8.117824e-06,0
정읍,스네이크고드,8.117824e-06,0
정읍,비터토마토,8.627014e-06,0
정읍,퀴노아,0.0005400314,0
정읍,아마란스,1.0394998e-05,0
정읍,테프,1.0212878e-05,0
정읍,카카오,8.117824e-06,0
정읍,커피나무,1.0251208e-05,0
정읍,바닐라,8.46276e-06,0
정읍,블랙페퍼(후추),8.46276e-06,0
정읍,육두구,8.46276e-06,0
정읍,정향,8.117824e-06,0
정읍,육계(계피),8.46276e-06,0
정읍,사프란,0.9999678,1
정읍,카다멈,8.46276e-06,0
정읍,올스파이스,8.117824e-06,0
정읍,과라나,8.46276e-06,0
정읍,마카,0.9999287,1
정읍,사차인치,8.46276e-06,0
정읍,브라질넛,8.46276e-06,0
정읍,캐슈넛,8.627014e-06,0
정읍,마카다미아,8.627014e-06,0
정읍,사탕수수,8.262584e-06,0
정읍,스테비아,8.275383e-06,0
정읍,모링가,1.0212878e-05,0
정읍,아사이베리,8.46276e-06,0
정읍,마키베리,0.004305242,0
정읍,카무카무,8.46276e-06,0
정읍,인디안구스베리(암라),8.422953e-06,0
정읍,고투콜라(병풀),8.117824e-06,0
정읍,홀리바질,8.275383e-06,0
정읍,버터플라이피,8.46276e-06,0
정읍,히비스커스(로젤),8.627014e-06,0
정읍,카바카바,8.46276e-06,0
정읍,크라통,8.46276e-06,0
정읍,판단,8.46276e-06,0
정읍,피멘토,8.275383e-06,0
정읍,하바네로,8.275383e-06,0
정읍,캐롤라이나 리퍼,8.275383e-06,0
정읍,차요테 덩굴 싹,1.0251208e-05,0
정읍,스피룰리나,8.726067e-06,0
정읍,기네아생강,8.46276e-06,0
정읍,타마린드,8.422953e-06,0
제주,애플망고,1.8642535e-05,0
제주,파파야,1.8342771e-05,0
제주,용과,4.2632382e-05,0
제주,패션후르츠(백향과),7.657857e-05,0
제주,아보카도,4.084469e-05,0
제주,구아바,3.6487756e-05,0
제주,리치,3.907923e-05,0
제주,람부탄,1.8788282e-05,0
제주,망고스틴,1.8788282e-05,0
제주,두리안,1.8816756e-05,0
제주,스타후르츠,1.8788282e-05,0
제주,잭후르츠,2.1312246e-05,0
제주,사포딜라,4.1188036e-05,0
제주,롱간(용안),7.0005626e-05,0
제주,체리모야,0.9988494,1
제주,아세로라,3.5375102e-05,0
제주,아키,1.8342771e-05,0
제주,페이조아,0.21035446,0
제주,자부티카바,6.8928646e-05,0
제주,피타야(노란용과),4.2632382e-05,0
제주,노니,1.8342771e-05,0
제주,블랙사포테,3.9062386e-05,0
제주,화이트사포테,0.00013522455,0
제주,살락,1.8788282e-05,0
제주,마르멜로(퀸스),0.99998534,1
제주,산수유가공용 무화과,8.4660016e-05,0
제주,카람볼라 바이올렛,1.8788282e-05,0
제주,플룸코트,0.99997914,1
제주,핑거라임,7.657857e-05,0
제주,부다스핸드,3.737396e-05,0
제주,오크라,1.8642535e-05,0
제주,공심채,1.8342771e-05,0
제주,여주,1.8172937e-05,0
제주,차요테,0.02340054,0
제주,아티초크,0.9999664,1
제주,카사바,1.8614324e-05,0
제주,얌(대마),1.8788282e-05,0
제주,타로,1.8788282e-05,0
제주,자색마,3.5375102e-05,0
제주,아라카차,0.9998797,1
제주,제이콘(야콘),0.99864274,1
제주,줄기상추(궁채),0.99997616,1
제주,골든비트,0.999979,1
제주,로마네스코,0.999948,1
제주,아스파라거스 콩,1.8614324e-05,0
제주,윙드빈(사각콩),1.8788282e-05,0
제주,워터체스트넛,2.4576902e-05,0
제주,고수,0.99997914,1
제주,레몬그라스,3.5375102e-05,0
제주,갈랑갈,1.8788282e-05,0
제주,타이바질,1.8172937e-05,0
제주,커리잎,1.8788282e-05,0
제주,몰로키아,1.8342771e-05,0
제주,아이스플랜트,0.9993343,1
제주,핑거루트,1.8788282e-05,0
제주,강황,2.453971e-05,0
제주,차조기(자소엽),0.99880564,1
제주,파카야,1.8342771e-05,0
제주,스네이크고드,1.8342771e-05,0
제주,비터토마토,1.8614324e-05,0
제주,퀴노아,0.9999815,1
제주,아마란스,0.00012295846,0
제주,테프,6.5735134e-05,0
제주,카카오,1.8342771e-05,0
제주,커피나무,0.02340054,0
제주,바닐라,1.8788282e-05,0
제주,블랙페퍼(후추),1.8788282e-05,0
제주,육두구,1.8788282e-05,0
제주,정향,1.8342771e-05,0
제주,육계(계피),1.8788282e-05,0
제주,사프란,0.9999696,1
제주,카다멈,1.8788282e-05,0
제주,올스파이스,1.8342771e-05,0
제주,과라나,1.8788282e-05,0
제주,마카,0.0021155272,0
제주,사차인치,1.8788282e-05,0
제주,브라질넛,1.8788282e-05,0
제주,캐슈넛,1.8614324e-05,0
제주,마카다미아,7.657857e-05,0
제주,사탕수수,1.8816756e-05,0
제주,스테비아,7.880654e-05,0
제주,모링가,3.583402e-05,0
제주,아사이베리,1.8788282e-05,0
제주,마키베리,0.99998116,1
제주,카무카무,1.8788282e-05,0
제주,인디안구스베리(암라),3.6813926e-05,0
제주,고투콜라(병풀),3.6973233e-05,0
제주,홀리바질,1.8172937e-05,0
제주,버터플라이피,1.8788282e-05,0
제주,히비스커스(로젤),2.5926382e-05,0
제주,카바카바,1.8788282e-05,0
제주,크라통,1.8788282e-05,0
제주,판단,1.8788282e-05,0
제주,피멘토,2.5311614e-05,0
제주,하바네로,2.5311614e-05,0
제주,캐롤라이나 리퍼,2.5311614e-05,0
제주,차요테 덩굴 싹,0.02340054,0
제주,스피룰리나,1.8853076e-05,0
제주,기네아생강,1.8788282e-05,0
제주,타마린드,2.2516544e-05,0
제천,애플망고,1.1010778e-05,0
제천,파파야,1.1161718e-05,0
제천,용과,1.4093461e-05,0
제천,패션후르츠(백향과),1.15282555e-05,0
제천,아보카도,1.1161718e-05,0
제천,구아바,1.1058373e-05,0
제천,리치,1.1635992e-05,0
제천,람부탄,1.1635992e-05,0
제천,망고스틴,1.1635992e-05,0
제천,두리안,1.1113677e-05,0
제천,스타후르츠,1.1635992e-05,0
제천,잭후르츠,1.1113677e-05,0
제천,사포딜라,1.1010778e-05,0
제천,롱간(용안),1.1635992e-05,0
제천,체리모야,1.3202462e-05,0
제천,아세로라,1.1635992e-05,0
제천,아키,1.1161718e-05,0
제천,페이조아,1.7597104e-05,0
제천,자부티카바,1.1635992e-05,0
제천,피타야(노란용과),1.4093461e-05,0
제천,노니,1.1161718e-05,0
제천,블랙사포테,1.1058373e-05,0
제천,화이트사포테,1.4093461e-05,0
제천,살락,1.1635992e-05,0
제천,마르멜로(퀸스),0.00026364747,0
제천,산수유가공용 무화과,1.1058373e-05,0
제천,카람볼라 바이올렛,1.1635992e-05,0
제천,플룸코트,0.00014041785,0
제천,핑거라임,1.15282555e-05,0
제천,부다스핸드,1.15282555e-05,0
제천,오크라,1.1010778e-05,0
제천,공심채,1.1161718e-05,0
제천,여주,1.1058373e-05,0
제천,차요테,1.34011625e-05,0
제천,아티초크,1.4909504e-05,0
제천,카사바,1.15282555e-05,0
제천,얌(대마),1.1635992e-05,0
제천,타로,1.1635992e-05,0
제천,자색마,1.1635992e-05,0
제천,아라카차,1.3228563e-05,0
제천,제이콘(야콘),1.3277083e-05,0
제천,줄기상추(궁채),1.5660698e-05,0
제천,골든비트,1.6234379e-05,0
제천,로마네스코,1.2523234e-05,0
제천,아스파라거스 콩,1.15282555e-05,0
제천,윙드빈(사각콩),1.1635992e-05,0
제천,워터체스트넛,1.1113677e-05,0
제천,고수,1.99589e-05,0
제천,레몬그라스,1.1635992e-05,0
제천,갈랑갈,1.1635992e-05,0
제천,타이바질,1.1058373e-05,0
제천,커리잎,1.1635992e-05,0
제천,몰로키아,1.1161718e-05,0
제천,아이스플랜트,1.6826007e-05,0
제천,핑거루트,1.1635992e-05,0
제천,강황,1.1635992e-05,0
제천,차조기(자소엽),1.2735921e-05,0
제천,파카야,1.1161718e-05,0
제천,스네이크고드,1.1161718e-05,0
제천,비터토마토,1.15282555e-05,0
제천,퀴노아,2.8689272e-05,0
제천,아마란스,1.4032801e-05,0
제천,테프,1.4093461e-05,0
제천,카카오,1.1161718e-05,0
제천,커피나무,1.34011625e-05,0
제천,바닐라,1.1635992e-05,0
제천,블랙페퍼(후추),1.1635992e-05,0
제천,육두구,1.1635992e-05,0
제천,정향,1.1161718e-05,0
제천,육계(계피),1.1635992e-05,0
제천,사프란,8.110171e-05,0
제천,카다멈,1.1635992e-05,0
제천,올스파이스,1.1161718e-05,0
제천,과라나,1.1635992e-05,0
제천,마카,0.99953747,1
제천,사차인치,1.1635992e-05,0
제천,브라질넛,1.1635992e-05,0
제천,캐슈넛,1.15282555e-05,0
제천,마카다미아,1.15282555e-05,0
제천,사탕수수,1.1113677e-05,0
제천,스테비아,1.1058373e-05,0
제천,모링가,1.4093461e-05,0
제천,아사이베리,1.1635992e-05,0
제천,마키베리,1.9645817e-05,0
제천,카무카무,1.1635992e-05,0
제천,인디안구스베리(암라),1.1010778e-05,0
제천,고투콜라(병풀),1.1161718e-05,0
제천,홀리바질,1.1058373e-05,0
제천,버터플라이피,1.1635992e-05,0
제천,히비스커스(로젤),1.15282555e-05,0
제천,카바카바,1.1635992e-05,0
제천,크라통,1.1635992e-05,0
제천,판단,1.1635992e-05,0
제천,피멘토,1.1058373e-05,0
제천,하바네로,1.1058373e-05,0
제천,캐롤라이나 리퍼,1.1058373e-05,0
제천,차요테 덩굴 싹,1.34011625e-05,0
제천,스피룰리나,1.1737088e-05,0
제천,기네아생강,1.1635992e-05,0
제천,타마린드,1.1010778e-05,0
진도(첨찰산),애플망고,1.18122325e-05,0
진도(첨찰산),파파야,1.1283933e-05,0
진도(첨찰산),용과,1.5377083e-05,0
진도(첨찰산),패션후르츠(백향과),1.1654483e-05,0
진도(첨찰산),아보카도,1.1283933e-05,0
진도(첨찰산),구아바,1.1179456e-05,0
진도(첨찰산),리치,1.17634e-05,0
진도(첨찰산),람부탄,1.17634e-05,0
진도(첨찰산),망고스틴,1.17634e-05,0
진도(첨찰산),두리안,1.1922623e-05,0
진도(첨찰산),스타후르츠,1.17634e-05,0
진도(첨찰산),잭후르츠,1.1922623e-05,0
진도(첨찰산),사포딜라,1.18122325e-05,0
진도(첨찰산),롱간(용안),1.17634e-05,0
진도(첨찰산),체리모야,1.4163444e-05,0
진도(첨찰산),아세로라,1.17634e-05,0
진도(첨찰산),아키,1.1283933e-05,0
진도(첨찰산),페이조아,0.00010501347,0
진도(첨찰산),자부티카바,1.564513e-05,0
진도(첨찰산),피타야(노란용과),1.5377083e-05,0
진도(첨찰산),노니,1.1283933e-05,0
진도(첨찰산),블랙사포테,1.1179456e-05,0
진도(첨찰산),화이트사포테,2.0132113e-05,0
진도(첨찰산),살락,1.17634e-05,0
진도(첨찰산),마르멜로(퀸스),0.0019696644,0
진도(첨찰산),산수유가공용 무화과,1.6483897e-05,0
진도(첨찰산),카람볼라 바이올렛,1.17634e-05,0
진도(첨찰산),플룸코트,0.0011217176,0
진도(첨찰산),핑거라임,1.1654483e-05,0
진도(첨찰산),부다스핸드,1.1654483e-05,0
진도(첨찰산),오크라,1.18122325e-05,0
진도(첨찰산),공심채,1.1283933e-05,0
진도(첨찰산),여주,1.1179456e-05,0
진도(첨찰산),차요테,1.3547897e-05,0
진도(첨찰산),아티초크,3.4630324e-05,0
진도(첨찰산),카사바,1.1654483e-05,0
진도(첨찰산),얌(대마),1.17634e-05,0
진도(첨찰산),타로,1.17634e-05,0
진도(첨찰산),자색마,1.17634e-05,0
진도(첨찰산),아라카차,1.4965131e-05,0
진도(첨찰산),제이콘(야콘),1.3422458e-05,0
진도(첨찰산),줄기상추(궁채),1.6662716e-05,0
진도(첨찰산),골든비트,2.7781623e-05,0
진도(첨찰산),로마네스코,1.9042898e-05,0
진도(첨찰산),아스파라거스 콩,1.1654483e-05,0
진도(첨찰산),윙드빈(사각콩),1.17634e-05,0
진도(첨찰산),워터체스트넛,1.1922623e-05,0
진도(첨찰산),고수,2.2919134e-05,0
진도(첨찰산),레몬그라스,1.17634e-05,0
진도(첨찰산),갈랑갈,1.17634e-05,0
진도(첨찰산),타이바질,1.1179456e-05,0
진도(첨찰산),커리잎,1.17634e-05,0
진도(첨찰산),몰로키아,1.1283933e-05,0
진도(첨찰산),아이스플랜트,1.948147e-05,0
진도(첨찰산),핑거루트,1.17634e-05,0
진도(첨찰산),강황,1.17634e-05,0
진도(첨찰산),차조기(자소엽),1.2875371e-05,0
진도(첨찰산),파카야,1.1283933e-05,0
진도(첨찰산),스네이크고드,1.1283933e-05,0
진도(첨찰산),비터토마토,1.1654483e-05,0
진도(첨찰산),퀴노아,0.00013132211,0
진도(첨찰산),아마란스,1.624745e-05,0
진도(첨찰산),테프,1.5377083e-05,0
진도(첨찰산),카카오,1.1283933e-05,0
진도(첨찰산),커피나무,1.3547897e-05,0
진도(첨찰산),바닐라,1.17634e-05,0
진도(첨찰산),블랙페퍼(후추),1.17634e-05,0
진도(첨찰산),육두구,1.17634e-05,0
진도(첨찰산),정향,1.1283933e-05,0
진도(첨찰산),육계(계피),1.17634e-05,0
진도(첨찰산),사프란,0.9989712,1
진도(첨찰산),카다멈,1.17634e-05,0
진도(첨찰산),올스파이스,1.1283933e-05,0
진도(첨찰산),과라나,1.17634e-05,0
진도(첨찰산),마카,0.9999467,1
진도(첨찰산),사차인치,1.17634e-05,0
진도(첨찰산),브라질넛,1.17634e-05,0
진도(첨찰산),캐슈넛,1.1654483e-05,0
진도(첨찰산),마카다미아,1.1654483e-05,0
진도(첨찰산),사탕수수,1.1922623e-05,0
진도(첨찰산),스테비아,1.4868498e-05,0
진도(첨찰산),모링가,1.5377083e-05,0
진도(첨찰산),아사이베리,1.17634e-05,0
진도(첨찰산),마키베리,0.000174733,0
진도(첨찰산),카무카무,1.17634e-05,0
진도(첨찰산),인디안구스베리(암라),1.18122325e-05,0
진도(첨찰산),고투콜라(병풀),1.1283933e-05,0
진도(첨찰산),홀리바질,1.1179456e-05,0
진도(첨찰산),버터플라이피,1.17634e-05,0
진도(첨찰산),히비스커스(로젤),1.1654483e-05,0
진도(첨찰산),카바카바,1.17634e-05,0
진도(첨찰산),크라통,1.17634e-05,0
진도(첨찰산),판단,1.17634e-05,0
진도(첨찰산),피멘토,1.1179456e-05,0
진도(첨찰산),하바네로,1.1179456e-05,0
진도(첨찰산),캐롤라이나 리퍼,1.1179456e-05,0
진도(첨찰산),차요테 덩굴 싹,1.3547897e-05,0
진도(첨찰산),스피룰리나,1.2591422e-05,0
진도(첨찰산),기네아생강,1.17634e-05,0
진도(첨찰산),타마린드,1.18122325e-05,0
진도군,애플망고,9.073809e-06,0
진도군,파파야,8.667984e-06,0
진도군,용과,1.2042219e-05,0
진도군,패션후르츠(백향과),1.7223423e-05,0
진도군,아보카도,1.0636818e-05,0
진도군,구아바,8.587727e-06,0
진도군,리치,1.1088789e-05,0
진도군,람부탄,9.036296e-06,0
진도군,망고스틴,9.036296e-06,0
진도군,두리안,9.158608e-06,0
진도군,스타후르츠,9.036296e-06,0
진도군,잭후르츠,9.158608e-06,0
진도군,사포딜라,9.073809e-06,0
진도군,롱간(용안),1.6302238e-05,0
진도군,체리모야,2.360472e-05,0
진도군,아세로라,9.036296e-06,0
진도군,아키,8.667984e-06,0
진도군,페이조아,0.00015922147,0
진도군,자부티카바,1.9248577e-05,0
진도군,피타야(노란용과),1.2042219e-05,0
진도군,노니,8.667984e-06,0
진도군,블랙사포테,8.587727e-06,0
진도군,화이트사포테,2.9117604e-05,0
진도군,살락,9.036296e-06,0
진도군,마르멜로(퀸스),0.99972624,1
진도군,산수유가공용 무화과,3.572756e-05,0
진도군,카람볼라 바이올렛,9.036296e-06,0
진도군,플룸코트,0.005307317,0
진도군,핑거라임,1.7223423e-05,0
진도군,부다스핸드,8.95263e-06,0
진도군,오크라,9.073809e-06,0
진도군,공심채,8.667984e-06,0
진도군,여주,8.587727e-06,0
진도군,차요테,1.0520389e-05,0
진도군,아티초크,8.048981e-05,0
진도군,카사바,8.95263e-06,0
진도군,얌(대마),9.036296e-06,0
진도군,타로,9.036296e-06,0
진도군,자색마,9.036296e-06,0
진도군,아라카차,1.31956895e-05,0
진도군,제이콘(야콘),2.2369806e-05,0
진도군,줄기상추(궁채),0.00036585043,0
진도군,골든비트,0.0028030907,0
진도군,로마네스코,6.681489e-05,0
진도군,아스파라거스 콩,8.95263e-06,0
진도군,윙드빈(사각콩),9.036296e-06,0
진도군,워터체스트넛,9.158608e-06,0
진도군,고수,0.0004551009,0
진도군,레몬그라스,9.036296e-06,0
진도군,갈랑갈,9.036296e-06,0
진도군,타이바질,8.587727e-06,0
진도군,커리잎,9.036296e-06,0
진도군,몰로키아,8.667984e-06,0
진도군,아이스플랜트,3.756412e-05,0
진도군,핑거루트,9.036296e-06,0
진도군,강황,9.036296e-06,0
진도군,차조기(자소엽),2.145804e-05,0
진도군,파카야,8.667984e-06,0
진도군,스네이크고드,8.667984e-06,0
진도군,비터토마토,8.95263e-06,0
진도군,퀴노아,0.99975485,1
진도군,아마란스,2.5905894e-05,0
진도군,테프,1.2042219e-05,0
진도군,카카오,8.667984e-06,0
진도군,커피나무,1.0520389e-05,0
진도군,바닐라,9.036296e-06,0
진도군,블랙페퍼(후추),9.036296e-06,0
진도군,육두구,9.036296e-06,0
진도군,정향,8.667984e-06,0
진도군,육계(계피),9.036296e-06,0
진도군,사프란,0.99997425,1
진도군,카다멈,9.036296e-06,0
진도군,올스파이스,8.667984e-06,0
진도군,과라나,9.036296e-06,0
진도군,마카,0.99958855,1
진도군,사차인치,9.036296e-06,0
진도군,브라질넛,9.036296e-06,0
진도군,캐슈넛,8.95263e-06,0
진도군,마카다미아,1.7223423e-05,0
진도군,사탕수수,9.158608e-06,0
진도군,스테비아,1.9507384e-05,0
진도군,모링가,1.2042219e-05,0
진도군,아사이베리,9.036296e-06,0
진도군,마키베리,0.99979407,1
진도군,카무카무,9.036296e-06,0
진도군,인디안구스베리(암라),9.073809e-06,0
진도군,고투콜라(병풀),8.667984e-06,0
진도군,홀리바질,8.587727e-06,0
진도군,버터플라이피,9.036296e-06,0
진도군,히비스커스(로젤),8.95263e-06,0
진도군,카바카바,9.036296e-06,0
진도군,크라통,9.036296e-06,0
진도군,판단,9.036296e-06,0
진도군,피멘토,8.587727e-06,0
진도군,하바네로,8.587727e-06,0
진도군,캐롤라이나 리퍼,8.587727e-06,0
진도군,차요테 덩굴 싹,1.0520389e-05,0
진도군,스피룰리나,9.6723525e-06,0
진도군,기네아생강,9.036296e-06,0
진도군,타마린드,9.073809e-06,0
진주,애플망고,1.2576674e-05,0
진주,파파야,1.2645466e-05,0
진주,용과,1.6007021e-05,0
진주,패션후르츠(백향과),1.3438647e-05,0
진주,아보카도,1.2645466e-05,0
진주,구아바,1.28909005e-05,0
진주,리치,1.3182785e-05,0
진주,람부탄,1.3182785e-05,0
진주,망고스틴,1.3182785e-05,0
진주,두리안,1.2337221e-05,0
진주,스타후르츠,1.3182785e-05,0
진주,잭후르츠,1.2337221e-05,0
진주,사포딜라,1.2576674e-05,0
진주,롱간(용안),1.3182785e-05,0
진주,체리모야,1.4442127e-05,0
진주,아세로라,1.3182785e-05,0
진주,아키,1.2645466e-05,0
진주,페이조아,0.00014081808,0
진주,자부티카바,1.3182785e-05,0
진주,피타야(노란용과),1.6007021e-05,0
진주,노니,1.2645466e-05,0
진주,블랙사포테,1.28909005e-05,0
진주,화이트사포테,1.6007021e-05,0
진주,살락,1.3182785e-05,0
진주,마르멜로(퀸스),0.008726485,0
진주,산수유가공용 무화과,1.7189474e-05,0
진주,카람볼라 바이올렛,1.3182785e-05,0
진주,플룸코트,0.0035886595,0
진주,핑거라임,1.3438647e-05,0
진주,부다스핸드,1.3438647e-05,0
진주,오크라,1.2576674e-05,0
진주,공심채,1.2645466e-05,0
진주,여주,1.28909005e-05,0
진주,차요테,1.4540344e-05,0
진주,아티초크,2.18228e-05,0
진주,카사바,1.3438647e-05,0
진주,얌(대마),1.3182785e-05,0
진주,타로,1.3182785e-05,0
진주,자색마,1.3182785e-05,0
진주,아라카차,1.4768389e-05,0
진주,제이콘(야콘),1.4822555e-05,0
진주,줄기상추(궁채),1.6621736e-05,0
진주,골든비트,2.1759293e-05,0
진주,로마네스코,1.3845503e-05,0
진주,아스파라거스 콩,1.3438647e-05,0
진주,윙드빈(사각콩),1.3182785e-05,0
진주,워터체스트넛,1.2337221e-05,0
진주,고수,1.9586665e-05,0
진주,레몬그라스,1.3182785e-05,0
진주,갈랑갈,1.3182785e-05,0
진주,타이바질,1.28909005e-05,0
진주,커리잎,1.3182785e-05,0
진주,몰로키아,1.2645466e-05,0
진주,아이스플랜트,1.793322e-05,0
진주,핑거루트,1.3182785e-05,0
진주,강황,1.3182785e-05,0
진주,차조기(자소엽),1.4218403e-05,0
진주,파카야,1.2645466e-05,0
진주,스네이크고드,1.2645466e-05,0
진주,비터토마토,1.3438647e-05,0
진주,퀴노아,0.00039049497,0
진주,아마란스,1.5616835e-05,0
진주,테프,1.6007021e-05,0
진주,카카오,1.2645466e-05,0
진주,커피나무,1.4540344e-05,0
진주,바닐라,1.3182785e-05,0
진주,블랙페퍼(후추),1.3182785e-05,0
진주,육두구,1.3182785e-05,0
진주,정향,1.2645466e-05,0
진주,육계(계피),1.3182785e-05,0
진주,사프란,0.999977,1
진주,카다멈,1.3182785e-05,0
진주,올스파이스,1.2645466e-05,0
진주,과라나,1.3182785e-05,0
진주,마카,0.9998665,1
진주,사차인치,1.3182785e-05,0
진주,브라질넛,1.3182785e-05,0
진주,캐슈넛,1.3438647e-05,0
진주,마카다미아,1.3438647e-05,0
진주,사탕수수,1.2337221e-05,0
진주,스테비아,1.28909005e-05,0
진주,모링가,1.6007021e-05,0
진주,아사이베리,1.3182785e-05,0
진주,마키베리,0.005564777,0
진주,카무카무,1.3182785e-05,0
진주,인디안구스베리(암라),1.2576674e-05,0
진주,고투콜라(병풀),1.2645466e-05,0
진주,홀리바질,1.28909005e-05,0
진주,버터플라이피,1.3182785e-05,0
진주,히비스커스(로젤),1.3438647e-05,0
진주,카바카바,1.3182785e-05,0
진주,크라통,1.3182785e-05,0
진주,판단,1.3182785e-05,0
진주,피멘토,1.28909005e-05,0
진주,하바네로,1.28909005e-05,0
진주,캐롤라이나 리퍼,1.28909005e-05,0
진주,차요테 덩굴 싹,1.4540344e-05,0
진주,스피룰리나,1.3029265e-05,0
진주,기네아생강,1.3182785e-05,0
진주,타마린드,1.2576674e-05,0
창원,애플망고,1.1942355e-05,0
창원,파파야,1.1559212e-05,0
창원,용과,1.66603e-05,0
창원,패션후르츠(백향과),1.5281943e-05,0
창원,아보카도,1.1559212e-05,0
창원,구아바,1.176552e-05,0
창원,리치,1.2300438e-05,0
창원,람부탄,1.2300438e-05,0
창원,망고스틴,1.2300438e-05,0
창원,두리안,1.1732947e-05,0
창원,스타후르츠,1.2300438e-05,0
창원,잭후르츠,1.1732947e-05,0
창원,사포딜라,1.1942355e-05,0
창원,롱간(용안),1.4873233e-05,0
창원,체리모야,1.705678e-05,0
창원,아세로라,1.2300438e-05,0
창원,아키,1.1559212e-05,0
창원,페이조아,0.00035980798,0
창원,자부티카바,2.268866e-05,0
창원,피타야(노란용과),1.66603e-05,0
창원,노니,1.1559212e-05,0
창원,블랙사포테,1.176552e-05,0
창원,화이트사포테,4.0151932e-05,0
창원,살락,1.2300438e-05,0
창원,마르멜로(퀸스),0.9999548,1
창원,산수유가공용 무화과,5.6275425e-05,0
창원,카람볼라 바이올렛,1.2300438e-05,0
창원,플룸코트,0.016359976,0
창원,핑거라임,1.5281943e-05,0
창원,부다스핸드,1.2519975e-05,0
창원,오크라,1.1942355e-05,0
창원,공심채,1.1559212e-05,0
창원,여주,1.176552e-05,0
창원,차요테,1.4144384e-05,0
창원,아티초크,0.00039856287,0
창원,카사바,1.2519975e-05,0
창원,얌(대마),1.2300438e-05,0
창원,타로,1.2300438e-05,0
창원,자색마,1.2300438e-05,0
창원,아라카차,1.8737019e-05,0
창원,제이콘(야콘),1.7881765e-05,0
창원,줄기상추(궁채),0.000120785124,0
창원,골든비트,0.035868302,0
창원,로마네스코,0.00027987137,0
창원,아스파라거스 콩,1.2519975e-05,0
창원,윙드빈(사각콩),1.2300438e-05,0
창원,워터체스트넛,1.1732947e-05,0
창원,고수,0.00013176176,0
창원,레몬그라스,1.2300438e-05,0
창원,갈랑갈,1.2300438e-05,0
창원,타이바질,1.176552e-05,0
창원,커리잎,1.2300438e-05,0
창원,몰로키아,1.1559212e-05,0
창원,아이스플랜트,2.637899e-05,0
창원,핑거루트,1.2300438e-05,0
창원,강황,1.2300438e-05,0
창원,차조기(자소엽),1.6804213e-05,0
창원,파카야,1.1559212e-05,0
창원,스네이크고드,1.1559212e-05,0
창원,비터토마토,1.2519975e-05,0
창원,퀴노아,0.9999167,1
창원,아마란스,2.1022795e-05,0
창원,테프,1.66603e-05,0
창원,카카오,1.1559212e-05,0
창원,커피나무,1.4144384e-05,0
창원,바닐라,1.2300438e-05,0
창원,블랙페퍼(후추),1.2300438e-05,0
창원,육두구,1.2300438e-05,0
창원,정향,1.1559212e-05,0
창원,육계(계피),1.2300438e-05,0
창원,사프란,0.9999733,1
창원,카다멈,1.2300438e-05,0
창원,올스파이스,1.1559212e-05,0
창원,과라나,1.2300438e-05,0
창원,마카,0.0040352023,0
창원,사차인치,1.2300438e-05,0
창원,브라질넛,1.2300438e-05,0
창원,캐슈넛,1.2519975e-05,0
창원,마카다미아,1.5281943e-05,0
창원,사탕수수,1.1732947e-05,0
창원,스테비아,2.3142566e-05,0
창원,모링가,1.66603e-05,0
창원,아사이베리,1.2300438e-05,0
창원,마키베리,0.99992466,1
창원,카무카무,1.2300438e-05,0
창원,인디안구스베리(암라),1.1942355e-05,0
창원,고투콜라(병풀),1.1559212e-05,0
창원,홀리바질,1.176552e-05,0
창원,버터플라이피,1.2300438e-05,0
창원,히비스커스(로젤),1.2519975e-05,0
창원,카바카바,1.2300438e-05,0
창원,크라통,1.2300438e-05,0
창원,판단,1.2300438e-05,0
창원,피멘토,1.176552e-05,0
창원,하바네로,1.176552e-05,0
창원,캐롤라이나 리퍼,1.176552e-05,0
창원,차요테 덩굴 싹,1.4144384e-05,0
창원,스피룰리나,1.2391095e-05,0
창원,기네아생강,1.2300438e-05,0
창원,타마린드,1.1942355e-05,0
천안,애플망고,8.545556e-06,0
천안,파파야,8.662703e-06,0
천안,용과,1.093806e-05,0
천안,패션후르츠(백향과),8.947176e-06,0
천안,아보카도,8.662703e-06,0
천안,구아바,8.582496e-06,0
천안,리치,9.030791e-06,0
천안,람부탄,9.030791e-06,0
천안,망고스틴,9.030791e-06,0
천안,두리안,8.625418e-06,0
천안,스타후르츠,9.030791e-06,0
천안,잭후르츠,8.625418e-06,0
천안,사포딜라,8.545556e-06,0
천안,롱간(용안),9.030791e-06,0
천안,체리모야,9.983485e-06,0
천안,아세로라,9.030791e-06,0
천안,아키,8.662703e-06,0
천안,페이조아,1.8636882e-05,0
천안,자부티카바,9.030791e-06,0
천안,피타야(노란용과),1.093806e-05,0
천안,노니,8.662703e-06,0
천안,블랙사포테,8.582496e-06,0
천안,화이트사포테,1.093806e-05,0
천안,살락,9.030791e-06,0
천안,마르멜로(퀸스),0.0005870068,0
천안,산수유가공용 무화과,8.582496e-06,0
천안,카람볼라 바이올렛,9.030791e-06,0
천안,플룸코트,0.0003749157,0
천안,핑거라임,8.947176e-06,0
천안,부다스핸드,8.947176e-06,0
천안,오크라,8.545556e-06,0
천안,공심채,8.662703e-06,0
천안,여주,8.582496e-06,0
천안,차요테,9.961117e-06,0
천안,아티초크,1.1274316e-05,0
천안,카사바,8.947176e-06,0
천안,얌(대마),9.030791e-06,0
천안,타로,9.030791e-06,0
천안,자색마,9.030791e-06,0
천안,아라카차,9.832823e-06,0
천안,제이콘(야콘),9.868888e-06,0
천안,줄기상추(궁채),1.1640632e-05,0
천안,골든비트,1.22761685e-05,0
천안,로마네스코,9.308549e-06,0
천안,아스파라거스 콩,8.947176e-06,0
천안,윙드빈(사각콩),9.030791e-06,0
천안,워터체스트넛,8.625418e-06,0
천안,고수,1.4835525e-05,0
천안,레몬그라스,9.030791e-06,0
천안,갈랑갈,9.030791e-06,0
천안,타이바질,8.582496e-06,0
천안,커리잎,9.030791e-06,0
천안,몰로키아,8.662703e-06,0
천안,아이스플랜트,1.2723562e-05,0
천안,핑거루트,9.030791e-06,0
천안,강황,9.030791e-06,0
천안,차조기(자소엽),9.46664e-06,0
천안,파카야,8.662703e-06,0
천안,스네이크고드,8.662703e-06,0
천안,비터토마토,8.947176e-06,0
천안,퀴노아,1.6099259e-05,0
천안,아마란스,1.0890981e-05,0
천안,테프,1.093806e-05,0
천안,카카오,8.662703e-06,0
천안,커피나무,9.961117e-06,0
천안,바닐라,9.030791e-06,0
천안,블랙페퍼(후추),9.030791e-06,0
천안,육두구,9.030791e-06,0
천안,정향,8.662703e-06,0
천안,육계(계피),9.030791e-06,0
천안,사프란,0.06414508,0
천안,카다멈,9.030791e-06,0
천안,올스파이스,8.662703e-06,0
천안,과라나,9.030791e-06,0
천안,마카,0.9999316,1
천안,사차인치,9.030791e-06,0
천안,브라질넛,9.030791e-06,0
천안,캐슈넛,8.947176e-06,0
천안,마카다미아,8.947176e-06,0
천안,사탕수수,8.625418e-06,0
천안,스테비아,8.582496e-06,0
천안,모링가,1.093806e-05,0
천안,아사이베리,9.030791e-06,0
천안,마키베리,4.3793883e-05,0
천안,카무카무,9.030791e-06,0
천안,인디안구스베리(암라),8.545556e-06,0
천안,고투콜라(병풀),8.662703e-06,0
천안,홀리바질,8.582496e-06,0
천안,버터플라이피,9.030791e-06,0
천안,히비스커스(로젤),8.947176e-06,0
천안,카바카바,9.030791e-06,0
천안,크라통,9.030791e-06,0
천안,판단,9.030791e-06,0
천안,피멘토,8.582496e-06,0
천안,하바네로,8.582496e-06,0
천안,캐롤라이나 리퍼,8.582496e-06,0
천안,차요테 덩굴 싹,9.961117e-06,0
천안,스피룰리나,9.109253e-06,0
천안,기네아생강,9.030791e-06,0
천안,타마린드,8.545556e-06,0
철원,애플망고,1.1159293e-05,0
철원,파파야,1.13122705e-05,0
철원,용과,1.3726574e-05,0
철원,패션후르츠(백향과),1.1683751e-05,0
철원,아보카도,1.13122705e-05,0
철원,구아바,1.1207531e-05,0
철원,리치,1.179294e-05,0
철원,람부탄,1.179294e-05,0
철원,망고스틴,1.179294e-05,0
철원,두리안,1.1263581e-05,0
철원,스타후르츠,1.179294e-05,0
철원,잭후르츠,1.1263581e-05,0
철원,사포딜라,1.1159293e-05,0
철원,롱간(용안),1.179294e-05,0
철원,체리모야,1.3526209e-05,0
철원,아세로라,1.179294e-05,0
철원,아키,1.13122705e-05,0
철원,페이조아,1.3921607e-05,0
철원,자부티카바,1.179294e-05,0
철원,피타야(노란용과),1.3726574e-05,0
철원,노니,1.13122705e-05,0
철원,블랙사포테,1.1207531e-05,0
철원,화이트사포테,1.3726574e-05,0
철원,살락,1.179294e-05,0
철원,마르멜로(퀸스),0.00024087886,0
철원,산수유가공용 무화과,1.1384999e-05,0
철원,카람볼라 바이올렛,1.179294e-05,0
철원,플룸코트,0.00011230755,0
철원,핑거라임,1.1683751e-05,0
철원,부다스핸드,1.1683751e-05,0
철원,오크라,1.1159293e-05,0
철원,공심채,1.13122705e-05,0
철원,여주,1.1207531e-05,0
철원,차요테,1.3729781e-05,0
철원,아티초크,1.5516971e-05,0
철원,카사바,1.1683751e-05,0
철원,얌(대마),1.179294e-05,0
철원,타로,1.179294e-05,0
철원,자색마,1.179294e-05,0
철원,아라카차,1.3552949e-05,0
철원,제이콘(야콘),1.3602659e-05,0
철원,줄기상추(궁채),1.6311895e-05,0
철원,골든비트,1.690943e-05,0
철원,로마네스코,1.30736735e-05,0
철원,아스파라거스 콩,1.1683751e-05,0
철원,윙드빈(사각콩),1.179294e-05,0
철원,워터체스트넛,1.1263581e-05,0
철원,고수,1.9978172e-05,0
철원,레몬그라스,1.179294e-05,0
철원,갈랑갈,1.179294e-05,0
철원,타이바질,1.1207531e-05,0
철원,커리잎,1.179294e-05,0
철원,몰로키아,1.13122705e-05,0
철원,아이스플랜트,1.656638e-05,0
철원,핑거루트,1.179294e-05,0
철원,강황,1.179294e-05,0
철원,차조기(자소엽),1.3048227e-05,0
철원,파카야,1.13122705e-05,0
철원,스네이크고드,1.13122705e-05,0
철원,비터토마토,1.1683751e-05,0
철원,퀴노아,2.6328475e-05,0
철원,아마란스,1.36674935e-05,0
철원,테프,1.3726574e-05,0
철원,카카오,1.13122705e-05,0
철원,커피나무,1.3729781e-05,0
철원,바닐라,1.179294e-05,0
철원,블랙페퍼(후추),1.179294e-05,0
철원,육두구,1.179294e-05,0
철원,정향,1.13122705e-05,0
철원,육계(계피),1.179294e-05,0
철원,사프란,4.127619e-05,0
철원,카다멈,1.179294e-05,0
철원,올스파이스,1.13122705e-05,0
철원,과라나,1.179294e-05,0
철원,마카,0.99815804,1
철원,사차인치,1.179294e-05,0
철원,브라질넛,1.179294e-05,0
철원,캐슈넛,1.1683751e-05,0
철원,마카다미아,1.1683751e-05,0
철원,사탕수수,1.1263581e-05,0
철원,스테비아,1.1207531e-05,0
철원,모링가,1.3726574e-05,0
철원,아사이베리,1.179294e-05,0
철원,마키베리,2.0930336e-05,0
철원,카무카무,1.179294e-05,0
철원,인디안구스베리(암라),1.1159293e-05,0
철원,고투콜라(병풀),1.13122705e-05,0
철원,홀리바질,1.1207531e-05,0
철원,버터플라이피,1.179294e-05,0
철원,히비스커스(로젤),1.1683751e-05,0
철원,카바카바,1.179294e-05,0
철원,크라통,1.179294e-05,0
철원,판단,1.179294e-05,0
철원,피멘토,1.1207531e-05,0
철원,하바네로,1.1207531e-05,0
철원,캐롤라이나 리퍼,1.1207531e-05,0
철원,차요테 덩굴 싹,1.3729781e-05,0
철원,스피룰리나,1.18954e-05,0
철원,기네아생강,1.179294e-05,0
철원,타마린드,1.1159293e-05,0
청송군,애플망고,9.397083e-06,0
청송군,파파야,9.434662e-06,0
청송군,용과,1.1869564e-05,0
청송군,패션후르츠(백향과),1.0026451e-05,0
청송군,아보카도,9.434662e-06,0
청송군,구아바,9.61778e-06,0
청송군,리치,9.835552e-06,0
청송군,람부탄,9.835552e-06,0
청송군,망고스틴,9.835552e-06,0
청송군,두리안,9.218167e-06,0
청송군,스타후르츠,9.835552e-06,0
청송군,잭후르츠,9.218167e-06,0
청송군,사포딜라,9.397083e-06,0
청송군,롱간(용안),9.835552e-06,0
청송군,체리모야,1.0804754e-05,0
청송군,아세로라,9.835552e-06,0
청송군,아키,9.434662e-06,0
청송군,페이조아,1.4076685e-05,0
청송군,자부티카바,9.835552e-06,0
청송군,피타야(노란용과),1.1869564e-05,0
청송군,노니,9.434662e-06,0
청송군,블랙사포테,9.61778e-06,0
청송군,화이트사포테,1.1869564e-05,0
청송군,살락,9.835552e-06,0
청송군,마르멜로(퀸스),0.00022393759,0
청송군,산수유가공용 무화과,9.61778e-06,0
청송군,카람볼라 바이올렛,9.835552e-06,0
청송군,플룸코트,0.00018670439,0
청송군,핑거라임,1.0026451e-05,0
청송군,부다스핸드,1.0026451e-05,0
청송군,오크라,9.397083e-06,0
청송군,공심채,9.434662e-06,0
청송군,여주,9.61778e-06,0
청송군,차요테,1.1626675e-05,0
청송군,아티초크,1.2201772e-05,0
청송군,카사바,1.0026451e-05,0
청송군,얌(대마),9.835552e-06,0
청송군,타로,9.835552e-06,0
청송군,자색마,9.835552e-06,0
청송군,아라카차,1.1809022e-05,0
청송군,제이콘(야콘),1.1852336e-05,0
청송군,줄기상추(궁채),1.39801605e-05,0
청송군,골든비트,1.3286038e-05,0
청송군,로마네스코,1.0864995e-05,0
청송군,아스파라거스 콩,1.0026451e-05,0
청송군,윙드빈(사각콩),9.835552e-06,0
청송군,워터체스트넛,9.218167e-06,0
청송군,고수,1.7253278e-05,0
청송군,레몬그라스,9.835552e-06,0
청송군,갈랑갈,9.835552e-06,0
청송군,타이바질,9.61778e-06,0
청송군,커리잎,9.835552e-06,0
청송군,몰로키아,9.434662e-06,0
청송군,아이스플랜트,1.3334437e-05,0
청송군,핑거루트,9.835552e-06,0
청송군,강황,9.835552e-06,0
청송군,차조기(자소엽),1.1369245e-05,0
청송군,파카야,9.434662e-06,0
청송군,스네이크고드,9.434662e-06,0
청송군,비터토마토,1.0026451e-05,0
청송군,퀴노아,1.989685e-05,0
청송군,아마란스,1.1597196e-05,0
청송군,테프,1.1869564e-05,0
청송군,카카오,9.434662e-06,0
청송군,커피나무,1.1626675e-05,0
청송군,바닐라,9.835552e-06,0
청송군,블랙페퍼(후추),9.835552e-06,0
청송군,육두구,9.835552e-06,0
청송군,정향,9.434662e-06,0
청송군,육계(계피),9.835552e-06,0
청송군,사프란,0.00017488001,0
청송군,카다멈,9.835552e-06,0
청송군,올스파이스,9.434662e-06,0
청송군,과라나,9.835552e-06,0
청송군,마카,0.9998053,1
청송군,사차인치,9.835552e-06,0
청송군,브라질넛,9.835552e-06,0
청송군,캐슈넛,1.0026451e-05,0
청송군,마카다미아,1.0026451e-05,0
청송군,사탕수수,9.218167e-06,0
청송군,스테비아,9.61778e-06,0
청송군,모링가,1.1869564e-05,0
청송군,아사이베리,9.835552e-06,0
청송군,마키베리,1.8195065e-05,0
청송군,카무카무,9.835552e-06,0
청송군,인디안구스베리(암라),9.397083e-06,0
청송군,고투콜라(병풀),9.434662e-06,0
청송군,홀리바질,9.61778e-06,0
청송군,버터플라이피,9.835552e-06,0
청송군,히비스커스(로젤),1.0026451e-05,0
청송군,카바카바,9.835552e-06,0
청송군,크라통,9.835552e-06,0
청송군,판단,9.835552e-06,0
청송군,피멘토,9.61778e-06,0
청송군,하바네로,9.61778e-06,0
청송군,캐롤라이나 리퍼,9.61778e-06,0
청송군,차요테 덩굴 싹,1.1626675e-05,0
청송군,스피룰리나,9.735253e-06,0
청송군,기네아생강,9.835552e-06,0
청송군,타마린드,9.397083e-06,0
청주,애플망고,6.315243e-06,0
청주,파파야,6.231326e-06,0
청주,용과,8.659251e-06,0
청주,패션후르츠(백향과),6.612045e-06,0
청주,아보카도,6.231326e-06,0
청주,구아바,6.3425423e-06,0
청주,리치,6.4961027e-06,0
청주,람부탄,6.4961027e-06,0
청주,망고스틴,6.4961027e-06,0
청주,두리안,6.2045056e-06,0
청주,스타후르츠,6.4961027e-06,0
청주,잭후르츠,6.2045056e-06,0
청주,사포딜라,6.315243e-06,0
청주,롱간(용안),6.4961027e-06,0
청주,체리모야,6.7857136e-06,0
청주,아세로라,6.4961027e-06,0
청주,아키,6.231326e-06,0
청주,페이조아,2.794315e-05,0
청주,자부티카바,6.4961027e-06,0
청주,피타야(노란용과),8.659251e-06,0
청주,노니,6.231326e-06,0
청주,블랙사포테,6.3425423e-06,0
청주,화이트사포테,8.659251e-06,0
청주,살락,6.4961027e-06,0
청주,마르멜로(퀸스),0.99818975,1
청주,산수유가공용 무화과,8.532022e-06,0
청주,카람볼라 바이올렛,6.4961027e-06,0
청주,플룸코트,0.0012097787,0
청주,핑거라임,6.612045e-06,0
청주,부다스핸드,6.612045e-06,0
청주,오크라,6.315243e-06,0
청주,공심채,6.231326e-06,0
청주,여주,6.3425423e-06,0
청주,차요테,6.858443e-06,0
청주,아티초크,9.3273875e-06,0
청주,카사바,6.612045e-06,0
청주,얌(대마),6.4961027e-06,0
청주,타로,6.4961027e-06,0
청주,자색마,6.4961027e-06,0
청주,아라카차,8.119032e-06,0
청주,제이콘(야콘),6.9808525e-06,0
청주,줄기상추(궁채),3.4664587e-05,0
청주,골든비트,4.708084e-05,0
청주,로마네스코,8.9691575e-06,0
청주,아스파라거스 콩,6.612045e-06,0
청주,윙드빈(사각콩),6.4961027e-06,0
청주,워터체스트넛,6.2045056e-06,0
청주,고수,4.0396928e-05,0
청주,레몬그라스,6.4961027e-06,0
청주,갈랑갈,6.4961027e-06,0
청주,타이바질,6.3425423e-06,0
청주,커리잎,6.4961027e-06,0
청주,몰로키아,6.231326e-06,0
청주,아이스플랜트,9.678866e-06,0
청주,핑거루트,6.4961027e-06,0
청주,강황,6.4961027e-06,0
청주,차조기(자소엽),6.6963175e-06,0
청주,파카야,6.231326e-06,0
청주,스네이크고드,6.231326e-06,0
청주,비터토마토,6.612045e-06,0
청주,퀴노아,0.0057081315,0
청주,아마란스,8.62198e-06,0
청주,테프,8.659251e-06,0
청주,카카오,6.231326e-06,0
청주,커피나무,6.858443e-06,0
청주,바닐라,6.4961027e-06,0
청주,블랙페퍼(후추),6.4961027e-06,0
청주,육두구,6.4961027e-06,0
청주,정향,6.231326e-06,0
청주,육계(계피),6.4961027e-06,0
청주,사프란,0.9999572,1
청주,카다멈,6.4961027e-06,0
청주,올스파이스,6.231326e-06,0
청주,과라나,6.4961027e-06,0
청주,마카,0.99888986,1
청주,사차인치,6.4961027e-06,0
청주,브라질넛,6.4961027e-06,0
청주,캐슈넛,6.612045e-06,0
청주,마카다미아,6.612045e-06,0
청주,사탕수수,6.2045056e-06,0
청주,스테비아,6.3425423e-06,0
청주,모링가,8.659251e-06,0
청주,아사이베리,6.4961027e-06,0
청주,마키베리,0.108798906,0
청주,카무카무,6.4961027e-06,0
청주,인디안구스베리(암라),6.315243e-06,0
청주,고투콜라(병풀),6.231326e-06,0
청주,홀리바질,6.3425423e-06,0
청주,버터플라이피,6.4961027e-06,0
청주,히비스커스(로젤),6.612045e-06,0
청주,카바카바,6.4961027e-06,0
청주,크라통,6.4961027e-06,0
청주,판단,6.4961027e-06,0
청주,피멘토,6.3425423e-06,0
청주,하바네로,6.3425423e-06,0
청주,캐롤라이나 리퍼,6.3425423e-06,0
청주,차요테 덩굴 싹,6.858443e-06,0
청주,스피룰리나,6.5525423e-06,0
청주,기네아생강,6.4961027e-06,0
청주,타마린드,6.315243e-06,0
추풍령,애플망고,8.901304e-06,0
추풍령,파파야,9.023328e-06,0
추풍령,용과,1.1643752e-05,0
추풍령,패션후르츠(백향과),9.319643e-06,0
추풍령,아보카도,9.023328e-06,0
추풍령,구아바,8.939782e-06,0
추풍령,리치,9.40674e-06,0
추풍령,람부탄,9.40674e-06,0
추풍령,망고스틴,9.40674e-06,0
추풍령,두리안,8.98449e-06,0
추풍령,스타후르츠,9.40674e-06,0
추풍령,잭후르츠,8.98449e-06,0
추풍령,사포딜라,8.901304e-06,0
추풍령,롱간(용안),9.40674e-06,0
추풍령,체리모야,1.0673114e-05,0
추풍령,아세로라,9.40674e-06,0
추풍령,아키,9.023328e-06,0
추풍령,페이조아,2.4996583e-05,0
추풍령,자부티카바,9.40674e-06,0
추풍령,피타야(노란용과),1.1643752e-05,0
추풍령,노니,9.023328e-06,0
추풍령,블랙사포테,8.939782e-06,0
추풍령,화이트사포테,1.1643752e-05,0
추풍령,살락,9.40674e-06,0
추풍령,마르멜로(퀸스),0.0006349301,0
추풍령,산수유가공용 무화과,8.939782e-06,0
추풍령,카람볼라 바이올렛,9.40674e-06,0
추풍령,플룸코트,0.00036457475,0
추풍령,핑거라임,9.319643e-06,0
추풍령,부다스핸드,9.319643e-06,0
추풍령,오크라,8.901304e-06,0
추풍령,공심채,9.023328e-06,0
추풍령,여주,8.939782e-06,0
추풍령,차요테,1.0833747e-05,0
추풍령,아티초크,1.2037719e-05,0
추풍령,카사바,9.319643e-06,0
추풍령,얌(대마),9.40674e-06,0
추풍령,타로,9.40674e-06,0
추풍령,자색마,9.40674e-06,0
추풍령,아라카차,1.0694215e-05,0
추풍령,제이콘(야콘),1.0733439e-05,0
추풍령,줄기상추(궁채),1.2132825e-05,0
추풍령,골든비트,1.2577273e-05,0
추풍령,로마네스코,1.0124013e-05,0
추풍령,아스파라거스 콩,9.319643e-06,0
추풍령,윙드빈(사각콩),9.40674e-06,0
추풍령,워터체스트넛,8.98449e-06,0
추풍령,고수,1.5802563e-05,0
추풍령,레몬그라스,9.40674e-06,0
추풍령,갈랑갈,9.40674e-06,0
추풍령,타이바질,8.939782e-06,0
추풍령,커리잎,9.40674e-06,0
추풍령,몰로키아,9.023328e-06,0
추풍령,아이스플랜트,1.3901348e-05,0
추풍령,핑거루트,9.40674e-06,0
추풍령,강황,9.40674e-06,0
추풍령,차조기(자소엽),1.0295952e-05,0
추풍령,파카야,9.023328e-06,0
추풍령,스네이크고드,9.023328e-06,0
추풍령,비터토마토,9.319643e-06,0
추풍령,퀴노아,1.881656e-05,0
추풍령,아마란스,1.15936355e-05,0
추풍령,테프,1.1643752e-05,0
추풍령,카카오,9.023328e-06,0
추풍령,커피나무,1.0833747e-05,0
추풍령,바닐라,9.40674e-06,0
추풍령,블랙페퍼(후추),9.40674e-06,0
추풍령,육두구,9.40674e-06,0
추풍령,정향,9.023328e-06,0
추풍령,육계(계피),9.40674e-06,0
추풍령,사프란,0.9956404,1
추풍령,카다멈,9.40674e-06,0
추풍령,올스파이스,9.023328e-06,0
추풍령,과라나,9.40674e-06,0
추풍령,마카,0.99995744,1
추풍령,사차인치,9.40674e-06,0
추풍령,브라질넛,9.40674e-06,0
추풍령,캐슈넛,9.319643e-06,0
추풍령,마카다미아,9.319643e-06,0
추풍령,사탕수수,8.98449e-06,0
추풍령,스테비아,8.939782e-06,0
추풍령,모링가,1.1643752e-05,0
추풍령,아사이베리,9.40674e-06,0
추풍령,마키베리,7.5882395e-05,0
추풍령,카무카무,9.40674e-06,0
추풍령,인디안구스베리(암라),8.901304e-06,0
추풍령,고투콜라(병풀),9.023328e-06,0
추풍령,홀리바질,8.939782e-06,0
추풍령,버터플라이피,9.40674e-06,0
추풍령,히비스커스(로젤),9.319643e-06,0
추풍령,카바카바,9.40674e-06,0
추풍령,크라통,9.40674e-06,0
추풍령,판단,9.40674e-06,0
추풍령,피멘토,8.939782e-06,0
추풍령,하바네로,8.939782e-06,0
추풍령,캐롤라이나 리퍼,8.939782e-06,0
추풍령,차요테 덩굴 싹,1.0833747e-05,0
추풍령,스피룰리나,9.488467e-06,0
추풍령,기네아생강,9.40674e-06,0
추풍령,타마린드,8.901304e-06,0
춘천,애플망고,7.936169e-06,0
춘천,파파야,8.044963e-06,0
춘천,용과,1.0158065e-05,0
춘천,패션후르츠(백향과),8.30915e-06,0
춘천,아보카도,8.044963e-06,0
춘천,구아바,7.970475e-06,0
춘천,리치,8.386803e-06,0
춘천,람부탄,8.386803e-06,0
춘천,망고스틴,8.386803e-06,0
춘천,두리안,8.010336e-06,0
춘천,스타후르츠,8.386803e-06,0
춘천,잭후르츠,8.010336e-06,0
춘천,사포딜라,7.936169e-06,0
춘천,롱간(용안),8.386803e-06,0
춘천,체리모야,9.500764e-06,0
춘천,아세로라,8.386803e-06,0
춘천,아키,8.044963e-06,0
춘천,페이조아,1.5104583e-05,0
춘천,자부티카바,8.386803e-06,0
춘천,피타야(노란용과),1.0158065e-05,0
춘천,노니,8.044963e-06,0
춘천,블랙사포테,7.970475e-06,0
춘천,화이트사포테,1.0158065e-05,0
춘천,살락,8.386803e-06,0
춘천,마르멜로(퀸스),0.0004649094,0
춘천,산수유가공용 무화과,7.970475e-06,0
춘천,카람볼라 바이올렛,8.386803e-06,0
춘천,플룸코트,0.00028803578,0
춘천,핑거라임,8.30915e-06,0
춘천,부다스핸드,8.30915e-06,0
춘천,오크라,7.936169e-06,0
춘천,공심채,8.044963e-06,0
춘천,여주,7.970475e-06,0
춘천,차요테,9.479478e-06,0
춘천,아티초크,1.0729192e-05,0
춘천,카사바,8.30915e-06,0
춘천,얌(대마),8.386803e-06,0
춘천,타로,8.386803e-06,0
춘천,자색마,8.386803e-06,0
춘천,아라카차,9.357386e-06,0
춘천,제이콘(야콘),9.391707e-06,0
춘천,줄기상추(궁채),1.1052639e-05,0
춘천,골든비트,1.1656073e-05,0
춘천,로마네스코,8.858462e-06,0
춘천,아스파라거스 콩,8.30915e-06,0
춘천,윙드빈(사각콩),8.386803e-06,0
춘천,워터체스트넛,8.010336e-06,0
춘천,고수,1.4086151e-05,0
춘천,레몬그라스,8.386803e-06,0
춘천,갈랑갈,8.386803e-06,0
춘천,타이바질,7.970475e-06,0
춘천,커리잎,8.386803e-06,0
춘천,몰로키아,8.044963e-06,0
춘천,아이스플랜트,1.2108354e-05,0
춘천,핑거루트,8.386803e-06,0
춘천,강황,8.386803e-06,0
춘천,차조기(자소엽),9.008908e-06,0
춘천,파카야,8.044963e-06,0
춘천,스네이크고드,8.044963e-06,0
춘천,비터토마토,8.30915e-06,0
춘천,퀴노아,1.6216985e-05,0
춘천,아마란스,1.0114343e-05,0
춘천,테프,1.0158065e-05,0
춘천,카카오,8.044963e-06,0
춘천,커피나무,9.479478e-06,0
춘천,바닐라,8.386803e-06,0
춘천,블랙페퍼(후추),8.386803e-06,0
춘천,육두구,8.386803e-06,0
춘천,정향,8.044963e-06,0
춘천,육계(계피),8.386803e-06,0
춘천,사프란,0.0029384883,0
춘천,카다멈,8.386803e-06,0
춘천,올스파이스,8.044963e-06,0
춘천,과라나,8.386803e-06,0
춘천,마카,0.9999038,1
춘천,사차인치,8.386803e-06,0
춘천,브라질넛,8.386803e-06,0
춘천,캐슈넛,8.30915e-06,0
춘천,마카다미아,8.30915e-06,0
춘천,사탕수수,8.010336e-06,0
춘천,스테비아,7.970475e-06,0
춘천,모링가,1.0158065e-05,0
춘천,아사이베리,8.386803e-06,0
춘천,마키베리,1.37724155e-05,0
춘천,카무카무,8.386803e-06,0
춘천,인디안구스베리(암라),7.936169e-06,0
춘천,고투콜라(병풀),8.044963e-06,0
춘천,홀리바질,7.970475e-06,0
춘천,버터플라이피,8.386803e-06,0
춘천,히비스커스(로젤),8.30915e-06,0
춘천,카바카바,8.386803e-06,0
춘천,크라통,8.386803e-06,0
춘천,판단,8.386803e-06,0
춘천,피멘토,7.970475e-06,0
춘천,하바네로,7.970475e-06,0
춘천,캐롤라이나 리퍼,7.970475e-06,0
춘천,차요테 덩굴 싹,9.479478e-06,0
춘천,스피룰리나,8.4596695e-06,0
춘천,기네아생강,8.386803e-06,0
춘천,타마린드,7.936169e-06,0
충주,애플망고,7.800883e-06,0
충주,파파야,7.907823e-06,0
충주,용과,9.984904e-06,0
충주,패션후르츠(백향과),8.167507e-06,0
충주,아보카도,7.907823e-06,0
충주,구아바,7.834605e-06,0
충주,리치,8.2438355e-06,0
충주,람부탄,8.2438355e-06,0
충주,망고스틴,8.2438355e-06,0
충주,두리안,7.873787e-06,0
충주,스타후르츠,8.2438355e-06,0
충주,잭후르츠,7.873787e-06,0
충주,사포딜라,7.800883e-06,0
충주,롱간(용안),8.2438355e-06,0
충주,체리모야,8.757071e-06,0
충주,아세로라,8.2438355e-06,0
충주,아키,7.907823e-06,0
충주,페이조아,1.6456315e-05,0
충주,자부티카바,8.2438355e-06,0
충주,피타야(노란용과),9.984904e-06,0
충주,노니,7.907823e-06,0
충주,블랙사포테,7.834605e-06,0
충주,화이트사포테,9.984904e-06,0
충주,살락,8.2438355e-06,0
충주,마르멜로(퀸스),0.00046784352,0
충주,산수유가공용 무화과,7.834605e-06,0
충주,카람볼라 바이올렛,8.2438355e-06,0
충주,플룸코트,0.00029653244,0
충주,핑거라임,8.167507e-06,0
충주,부다스핸드,8.167507e-06,0
충주,오크라,7.800883e-06,0
충주,공심채,7.907823e-06,0
충주,여주,7.834605e-06,0
충주,차요테,9.093092e-06,0
충주,아티초크,9.889332e-06,0
충주,카사바,8.167507e-06,0
충주,얌(대마),8.2438355e-06,0
충주,타로,8.2438355e-06,0
충주,자색마,8.2438355e-06,0
충주,아라카차,8.975978e-06,0
충주,제이콘(야콘),9.0089e-06,0
충주,줄기상추(궁채),1.0626253e-05,0
충주,골든비트,1.07681135e-05,0
충주,로마네스코,8.497389e-06,0
충주,아스파라거스 콩,8.167507e-06,0
충주,윙드빈(사각콩),8.2438355e-06,0
충주,워터체스트넛,7.873787e-06,0
충주,고수,1.3542743e-05,0
충주,레몬그라스,8.2438355e-06,0
충주,갈랑갈,8.2438355e-06,0
충주,타이바질,7.834605e-06,0
충주,커리잎,8.2438355e-06,0
충주,몰로키아,7.907823e-06,0
충주,아이스플랜트,1.1160548e-05,0
충주,핑거루트,8.2438355e-06,0
충주,강황,8.2438355e-06,0
충주,차조기(자소엽),8.641704e-06,0
충주,파카야,7.907823e-06,0
충주,스네이크고드,7.907823e-06,0
충주,비터토마토,8.167507e-06,0
충주,퀴노아,1.4438822e-05,0
충주,아마란스,9.941928e-06,0
충주,테프,9.984904e-06,0
충주,카카오,7.907823e-06,0
충주,커피나무,9.093092e-06,0
충주,바닐라,8.2438355e-06,0
충주,블랙페퍼(후추),8.2438355e-06,0
충주,육두구,8.2438355e-06,0
충주,정향,7.907823e-06,0
충주,육계(계피),8.2438355e-06,0
충주,사프란,0.058084942,0
충주,카다멈,8.2438355e-06,0
충주,올스파이스,7.907823e-06,0
충주,과라나,8.2438355e-06,0
충주,마카,0.99993265,1
충주,사차인치,8.2438355e-06,0
충주,브라질넛,8.2438355e-06,0
충주,캐슈넛,8.167507e-06,0
충주,마카다미아,8.167507e-06,0
충주,사탕수수,7.873787e-06,0
충주,스테비아,7.834605e-06,0
충주,모링가,9.984904e-06,0
충주,아사이베리,8.2438355e-06,0
충주,마키베리,2.621303e-05,0
충주,카무카무,8.2438355e-06,0
충주,인디안구스베리(암라),7.800883e-06,0
충주,고투콜라(병풀),7.907823e-06,0
충주,홀리바질,7.834605e-06,0
충주,버터플라이피,8.2438355e-06,0
충주,히비스커스(로젤),8.167507e-06,0
충주,카바카바,8.2438355e-06,0
충주,크라통,8.2438355e-06,0
충주,판단,8.2438355e-06,0
충주,피멘토,7.834605e-06,0
충주,하바네로,7.834605e-06,0
충주,캐롤라이나 리퍼,7.834605e-06,0
충주,차요테 덩굴 싹,9.093092e-06,0
충주,스피룰리나,8.31546e-06,0
충주,기네아생강,8.2438355e-06,0
충주,타마린드,7.800883e-06,0
태백,애플망고,1.2698191e-05,0
태백,파파야,1.2872265e-05,0
태백,용과,1.6253292e-05,0
태백,패션후르츠(백향과),1.32949735e-05,0
태백,아보카도,1.2872265e-05,0
태백,구아바,1.2753081e-05,0
태백,리치,1.34192205e-05,0
태백,람부탄,1.34192205e-05,0
태백,망고스틴,1.34192205e-05,0
태백,두리안,1.281686e-05,0
태백,스타후르츠,1.34192205e-05,0
태백,잭후르츠,1.281686e-05,0
태백,사포딜라,1.2698191e-05,0
태백,롱간(용안),1.34192205e-05,0
태백,체리모야,1.5225748e-05,0
태백,아세로라,1.34192205e-05,0
태백,아키,1.2872265e-05,0
태백,페이조아,2.4768027e-05,0
태백,자부티카바,1.34192205e-05,0
태백,피타야(노란용과),1.6253292e-05,0
태백,노니,1.2872265e-05,0
태백,블랙사포테,1.2753081e-05,0
태백,화이트사포테,1.6253292e-05,0
태백,살락,1.34192205e-05,0
태백,마르멜로(퀸스),0.00034711094,0
태백,산수유가공용 무화과,1.2753081e-05,0
태백,카람볼라 바이올렛,1.34192205e-05,0
태백,플룸코트,0.00019614804,0
태백,핑거라임,1.32949735e-05,0
태백,부다스핸드,1.32949735e-05,0
태백,오크라,1.2698191e-05,0
태백,공심채,1.2872265e-05,0
태백,여주,1.2753081e-05,0
태백,차요테,1.54549e-05,0
태백,아티초크,1.7194392e-05,0
태백,카사바,1.32949735e-05,0
태백,얌(대마),1.34192205e-05,0
태백,타로,1.34192205e-05,0
태백,자색마,1.34192205e-05,0
태백,아라카차,1.52558505e-05,0
태백,제이콘(야콘),1.5311805e-05,0
태백,줄기상추(궁채),1.8060706e-05,0
태백,골든비트,1.87223e-05,0
태백,로마네스코,1.4442431e-05,0
태백,아스파라거스 콩,1.32949735e-05,0
태백,윙드빈(사각콩),1.34192205e-05,0
태백,워터체스트넛,1.281686e-05,0
태백,고수,2.3017612e-05,0
태백,레몬그라스,1.34192205e-05,0
태백,갈랑갈,1.34192205e-05,0
태백,타이바질,1.2753081e-05,0
태백,커리잎,1.34192205e-05,0
태백,몰로키아,1.2872265e-05,0
태백,아이스플랜트,1.9404595e-05,0
태백,핑거루트,1.34192205e-05,0
태백,강황,1.34192205e-05,0
태백,차조기(자소엽),1.468771e-05,0
태백,파카야,1.2872265e-05,0
태백,스네이크고드,1.2872265e-05,0
태백,비터토마토,1.32949735e-05,0
태백,퀴노아,3.2301534e-05,0
태백,아마란스,1.6183338e-05,0
태백,테프,1.6253292e-05,0
태백,카카오,1.2872265e-05,0
태백,커피나무,1.54549e-05,0
태백,바닐라,1.34192205e-05,0
태백,블랙페퍼(후추),1.34192205e-05,0
태백,육두구,1.34192205e-05,0
태백,정향,1.2872265e-05,0
태백,육계(계피),1.34192205e-05,0
태백,사프란,0.00035512683,0
태백,카다멈,1.34192205e-05,0
태백,올스파이스,1.2872265e-05,0
태백,과라나,1.34192205e-05,0
태백,마카,0.9966516,1
태백,사차인치,1.34192205e-05,0
태백,브라질넛,1.34192205e-05,0
태백,캐슈넛,1.32949735e-05,0
태백,마카다미아,1.32949735e-05,0
태백,사탕수수,1.281686e-05,0
태백,스테비아,1.2753081e-05,0
태백,모링가,1.6253292e-05,0
태백,아사이베리,1.34192205e-05,0
태백,마키베리,2.3759963e-05,0
태백,카무카무,1.34192205e-05,0
태백,인디안구스베리(암라),1.2698191e-05,0
태백,고투콜라(병풀),1.2872265e-05,0
태백,홀리바질,1.2753081e-05,0
태백,버터플라이피,1.34192205e-05,0
태백,히비스커스(로젤),1.32949735e-05,0
태백,카바카바,1.34192205e-05,0
태백,크라통,1.34192205e-05,0
태백,판단,1.34192205e-05,0
태백,피멘토,1.2753081e-05,0
태백,하바네로,1.2753081e-05,0
태백,캐롤라이나 리퍼,1.2753081e-05,0
태백,차요테 덩굴 싹,1.54549e-05,0
태백,스피룰리나,1.353581e-05,0
태백,기네아생강,1.34192205e-05,0
태백,타마린드,1.2698191e-05,0
통영,애플망고,2.883544e-05,0
통영,파파야,2.9533765e-05,0
통영,용과,3.8427952e-05,0
통영,패션후르츠(백향과),0.00010676634,0
통영,아보카도,7.259088e-05,0
통영,구아바,3.4849938e-05,0
통영,리치,7.435388e-05,0
통영,람부탄,3.0251073e-05,0
통영,망고스틴,3.0251073e-05,0
통영,두리안,2.9104916e-05,0
통영,스타후르츠,3.0251073e-05,0
통영,잭후르츠,2.9104916e-05,0
통영,사포딜라,3.682864e-05,0
통영,롱간(용안),0.000101056576,0
통영,체리모야,0.00022040053,0
통영,아세로라,3.569221e-05,0
통영,아키,2.9533765e-05,0
통영,페이조아,0.0009968281,0
통영,자부티카바,0.00017803926,0
통영,피타야(노란용과),3.8427952e-05,0
통영,노니,2.9533765e-05,0
통영,블랙사포테,3.4849938e-05,0
통영,화이트사포테,0.00025442624,0
통영,살락,3.0251073e-05,0
통영,마르멜로(퀸스),0.99998295,1
통영,산수유가공용 무화과,0.000314593,0
통영,카람볼라 바이올렛,3.0251073e-05,0
통영,플룸코트,0.9998797,1
통영,핑거라임,0.00010676634,0
통영,부다스핸드,3.5696365e-05,0
통영,오크라,2.883544e-05,0
통영,공심채,2.9533765e-05,0
통영,여주,2.9260316e-05,0
통영,차요테,4.7972087e-05,0
통영,아티초크,0.99963844,1
통영,카사바,2.9970986e-05,0
통영,얌(대마),3.0251073e-05,0
통영,타로,3.0251073e-05,0
통영,자색마,3.569221e-05,0
통영,아라카차,0.00050013635,0
통영,제이콘(야콘),0.00022907778,0
통영,줄기상추(궁채),0.99994624,1
통영,골든비트,0.9999691,1
통영,로마네스코,0.9986083,1
통영,아스파라거스 콩,2.9970986e-05,0
통영,윙드빈(사각콩),3.0251073e-05,0
통영,워터체스트넛,2.9104916e-05,0
통영,고수,0.99994814,1
통영,레몬그라스,3.569221e-05,0
통영,갈랑갈,3.0251073e-05,0
통영,타이바질,2.9260316e-05,0
통영,커리잎,3.0251073e-05,0
통영,몰로키아,2.9533765e-05,0
통영,아이스플랜트,0.00032299306,0
통영,핑거루트,3.0251073e-05,0
통영,강황,3.0251073e-05,0
통영,차조기(자소엽),0.00022364697,0
통영,파카야,2.9533765e-05,0
통영,스네이크고드,2.9533765e-05,0
통영,비터토마토,2.9970986e-05,0
통영,퀴노아,0.99997854,1
통영,아마란스,0.0001440523,0
통영,테프,4.5494384e-05,0
통영,카카오,2.9533765e-05,0
통영,커피나무,4.7972087e-05,0
통영,바닐라,3.0251073e-05,0
통영,블랙페퍼(후추),3.0251073e-05,0
통영,육두구,3.0251073e-05,0
통영,정향,2.9533765e-05,0
통영,육계(계피),3.0251073e-05,0
통영,사프란,0.99998474,1
통영,카다멈,3.0251073e-05,0
통영,올스파이스,2.9533765e-05,0
통영,과라나,3.0251073e-05,0
통영,마카,0.0135564795,0
통영,사차인치,3.0251073e-05,0
통영,브라질넛,3.0251073e-05,0
통영,캐슈넛,2.9970986e-05,0
통영,마카다미아,0.00010676634,0
통영,사탕수수,2.9104916e-05,0
통영,스테비아,0.00018363848,0
통영,모링가,3.8427952e-05,0
통영,아사이베리,3.0251073e-05,0
통영,마키베리,0.99998605,1
통영,카무카무,3.0251073e-05,0
통영,인디안구스베리(암라),3.43439e-05,0
통영,고투콜라(병풀),3.4845885e-05,0
통영,홀리바질,2.9260316e-05,0
통영,버터플라이피,3.0251073e-05,0
통영,히비스커스(로젤),2.9970986e-05,0
통영,카바카바,3.0251073e-05,0
통영,크라통,3.0251073e-05,0
통영,판단,3.0251073e-05,0
통영,피멘토,2.9260316e-05,0
통영,하바네로,2.9260316e-05,0
통영,캐롤라이나 리퍼,2.9260316e-05,0
통영,차요테 덩굴 싹,4.7972087e-05,0
통영,스피룰리나,2.916109e-05,0
통영,기네아생강,3.0251073e-05,0
통영,타마린드,2.883544e-05,0
파주,애플망고,1.2013439e-05,0
파주,파파야,1.2178127e-05,0
파주,용과,1.5356274e-05,0
파주,패션후르츠(백향과),1.2578041e-05,0
파주,아보카도,1.2178127e-05,0
파주,구아바,1.2065371e-05,0
파주,리치,1.2695587e-05,0
파주,람부탄,1.2695587e-05,0
파주,망고스틴,1.2695587e-05,0
파주,두리안,1.212571e-05,0
파주,스타후르츠,1.2695587e-05,0
파주,잭후르츠,1.212571e-05,0
파주,사포딜라,1.2013439e-05,0
파주,롱간(용안),1.2695587e-05,0
파주,체리모야,1.4034889e-05,0
파주,아세로라,1.2695587e-05,0
파주,아키,1.2178127e-05,0
파주,페이조아,1.5156573e-05,0
파주,자부티카바,1.2695587e-05,0
파주,피타야(노란용과),1.5356274e-05,0
파주,노니,1.2178127e-05,0
파주,블랙사포테,1.2065371e-05,0
파주,화이트사포테,1.5356274e-05,0
파주,살락,1.2695587e-05,0
파주,마르멜로(퀸스),0.00023968183,0
파주,산수유가공용 무화과,1.2065371e-05,0
파주,카람볼라 바이올렛,1.2695587e-05,0
파주,플룸코트,0.00013780592,0
파주,핑거라임,1.2578041e-05,0
파주,부다스핸드,1.2578041e-05,0
파주,오크라,1.2013439e-05,0
파주,공심채,1.2178127e-05,0
파주,여주,1.2065371e-05,0
파주,차요테,1.4003444e-05,0
파주,아티초크,1.5391888e-05,0
파주,카사바,1.2578041e-05,0
파주,얌(대마),1.2695587e-05,0
파주,타로,1.2695587e-05,0
파주,자색마,1.2695587e-05,0
파주,아라카차,1.3823088e-05,0
파주,제이콘(야콘),1.3873788e-05,0
파주,줄기상추(궁채),1.5690299e-05,0
파주,골든비트,1.6546912e-05,0
파주,로마네스코,1.308606e-05,0
파주,아스파라거스 콩,1.2578041e-05,0
파주,윙드빈(사각콩),1.2695587e-05,0
파주,워터체스트넛,1.212571e-05,0
파주,고수,1.9969902e-05,0
파주,레몬그라스,1.2695587e-05,0
파주,갈랑갈,1.2695587e-05,0
파주,타이바질,1.2065371e-05,0
파주,커리잎,1.2695587e-05,0
파주,몰로키아,1.2178127e-05,0
파주,아이스플랜트,1.7862965e-05,0
파주,핑거루트,1.2695587e-05,0
파주,강황,1.2695587e-05,0
파주,차조기(자소엽),1.3308306e-05,0
파주,파카야,1.2178127e-05,0
파주,스네이크고드,1.2178127e-05,0
파주,비터토마토,1.2578041e-05,0
파주,퀴노아,2.7120126e-05,0
파주,아마란스,1.529018e-05,0
파주,테프,1.5356274e-05,0
파주,카카오,1.2178127e-05,0
파주,커피나무,1.4003444e-05,0
파주,바닐라,1.2695587e-05,0
파주,블랙페퍼(후추),1.2695587e-05,0
파주,육두구,1.2695587e-05,0
파주,정향,1.2178127e-05,0
파주,육계(계피),1.2695587e-05,0
파주,사프란,3.889456e-05,0
파주,카다멈,1.2695587e-05,0
파주,올스파이스,1.2178127e-05,0
파주,과라나,1.2695587e-05,0
파주,마카,0.9973507,1
파주,사차인치,1.2695587e-05,0
파주,브라질넛,1.2695587e-05,0
파주,캐슈넛,1.2578041e-05,0
파주,마카다미아,1.2578041e-05,0
파주,사탕수수,1.212571e-05,0
파주,스테비아,1.2065371e-05,0
파주,모링가,1.5356274e-05,0
파주,아사이베리,1.2695587e-05,0
파주,마키베리,1.9682968e-05,0
파주,카무카무,1.2695587e-05,0
파주,인디안구스베리(암라),1.2013439e-05,0
파주,고투콜라(병풀),1.2178127e-05,0
파주,홀리바질,1.2065371e-05,0
파주,버터플라이피,1.2695587e-05,0
파주,히비스커스(로젤),1.2578041e-05,0
파주,카바카바,1.2695587e-05,0
파주,크라통,1.2695587e-05,0
파주,판단,1.2695587e-05,0
파주,피멘토,1.2065371e-05,0
파주,하바네로,1.2065371e-05,0
파주,캐롤라이나 리퍼,1.2065371e-05,0
파주,차요테 덩굴 싹,1.4003444e-05,0
파주,스피룰리나,1.2805902e-05,0
파주,기네아생강,1.2695587e-05,0
파주,타마린드,1.2013439e-05,0
포항,애플망고,8.685626e-06,0
포항,파파야,8.545963e-06,0
포항,용과,1.3768633e-05,0
포항,패션후르츠(백향과),1.2946365e-05,0
포항,아보카도,8.8400475e-06,0
포항,구아바,8.466836e-06,0
포항,리치,9.054757e-06,0
포항,람부탄,8.75353e-06,0
포항,망고스틴,8.75353e-06,0
포항,두리안,8.766797e-06,0
포항,스타후르츠,8.75353e-06,0
포항,잭후르츠,8.766797e-06,0
포항,사포딜라,8.685626e-06,0
포항,롱간(용안),1.3067354e-05,0
포항,체리모야,1.8749208e-05,0
포항,아세로라,8.75353e-06,0
포항,아키,8.545963e-06,0
포항,페이조아,4.1727137e-05,0
포항,자부티카바,1.0120344e-05,0
포항,피타야(노란용과),1.3768633e-05,0
포항,노니,8.545963e-06,0
포항,블랙사포테,8.466836e-06,0
포항,화이트사포테,1.9348918e-05,0
포항,살락,8.75353e-06,0
포항,마르멜로(퀸스),0.9999325,1
포항,산수유가공용 무화과,1.552412e-05,0
포항,카람볼라 바이올렛,8.75353e-06,0
포항,플룸코트,0.9983891,1
포항,핑거라임,1.2946365e-05,0
포항,부다스핸드,8.672482e-06,0
포항,오크라,8.685626e-06,0
포항,공심채,8.545963e-06,0
포항,여주,8.466836e-06,0
포항,차요테,1.0074124e-05,0
포항,아티초크,0.12268476,0
포항,카사바,8.672482e-06,0
포항,얌(대마),8.75353e-06,0
포항,타로,8.75353e-06,0
포항,자색마,8.75353e-06,0
포항,아라카차,2.0595788e-05,0
포항,제이콘(야콘),1.9150968e-05,0
포항,줄기상추(궁채),0.9978206,1
포항,골든비트,0.99945277,1
포항,로마네스코,0.08788846,0
포항,아스파라거스 콩,8.672482e-06,0
포항,윙드빈(사각콩),8.75353e-06,0
포항,워터체스트넛,8.766797e-06,0
포항,고수,0.99797434,1
포항,레몬그라스,8.75353e-06,0
포항,갈랑갈,8.75353e-06,0
포항,타이바질,8.466836e-06,0
포항,커리잎,8.75353e-06,0
포항,몰로키아,8.545963e-06,0
포항,아이스플랜트,3.2884556e-05,0
포항,핑거루트,8.75353e-06,0
포항,강황,8.75353e-06,0
포항,차조기(자소엽),1.8696857e-05,0
포항,파카야,8.545963e-06,0
포항,스네이크고드,8.545963e-06,0
포항,비터토마토,8.672482e-06,0
포항,퀴노아,0.9998988,1
포항,아마란스,2.1474725e-05,0
포항,테프,1.3768633e-05,0
포항,카카오,8.545963e-06,0
포항,커피나무,1.0074124e-05,0
포항,바닐라,8.75353e-06,0
포항,블랙페퍼(후추),8.75353e-06,0
포항,육두구,8.75353e-06,0
포항,정향,8.545963e-06,0
포항,육계(계피),8.75353e-06,0
포항,사프란,0.99995923,1
포항,카다멈,8.75353e-06,0
포항,올스파이스,8.545963e-06,0
포항,과라나,8.75353e-06,0
포항,마카,0.00041982956,0
포항,사차인치,8.75353e-06,0
포항,브라질넛,8.75353e-06,0
포항,캐슈넛,8.672482e-06,0
포항,마카다미아,1.2946365e-05,0
포항,사탕수수,8.766797e-06,0
포항,스테비아,9.788886e-06,0
포항,모링가,1.3768633e-05,0
포항,아사이베리,8.75353e-06,0
포항,마키베리,0.9999231,1
포항,카무카무,8.75353e-06,0
포항,인디안구스베리(암라),8.685626e-06,0
포항,고투콜라(병풀),8.545963e-06,0
포항,홀리바질,8.466836e-06,0
포항,버터플라이피,8.75353e-06,0
포항,히비스커스(로젤),8.672482e-06,0
포항,카바카바,8.75353e-06,0
포항,크라통,8.75353e-06,0
포항,판단,8.75353e-06,0
포항,피멘토,8.466836e-06,0
포항,하바네로,8.466836e-06,0
포항,캐롤라이나 리퍼,8.466836e-06,0
포항,차요테 덩굴 싹,1.0074124e-05,0
포항,스피룰리나,9.258562e-06,0
포항,기네아생강,8.75353e-06,0
포항,타마린드,8.685626e-06,0
함양군,애플망고,8.029434e-06,0
함양군,파파야,7.910606e-06,0
함양군,용과,1.0277441e-05,0
함양군,패션후르츠(백향과),8.406798e-06,0
함양군,아보카도,7.910606e-06,0
함양군,구아바,8.064143e-06,0
함양군,리치,8.246737e-06,0
함양군,람부탄,8.246737e-06,0
함양군,망고스틴,8.246737e-06,0
함양군,두리안,7.876558e-06,0
함양군,스타후르츠,8.246737e-06,0
함양군,잭후르츠,7.876558e-06,0
함양군,사포딜라,8.029434e-06,0
함양군,롱간(용안),8.246737e-06,0
함양군,체리모야,9.380518e-06,0
함양군,아세로라,8.246737e-06,0
함양군,아키,7.910606e-06,0
함양군,페이조아,4.131991e-05,0
함양군,자부티카바,8.246737e-06,0
함양군,피타야(노란용과),1.0277441e-05,0
함양군,노니,7.910606e-06,0
함양군,블랙사포테,8.064143e-06,0
함양군,화이트사포테,1.0277441e-05,0
함양군,살락,8.246737e-06,0
함양군,마르멜로(퀸스),0.0016678458,0
함양군,산수유가공용 무화과,8.341647e-06,0
함양군,카람볼라 바이올렛,8.246737e-06,0
함양군,플룸코트,0.00074671814,0
함양군,핑거라임,8.406798e-06,0
함양군,부다스핸드,8.406798e-06,0
함양군,오크라,8.029434e-06,0
함양군,공심채,7.910606e-06,0
함양군,여주,8.064143e-06,0
함양군,차요테,9.096292e-06,0
함양군,아티초크,1.0846825e-05,0
함양군,카사바,8.406798e-06,0
함양군,얌(대마),8.246737e-06,0
함양군,타로,8.246737e-06,0
함양군,자색마,8.246737e-06,0
함양군,아라카차,9.2389555e-06,0
함양군,제이콘(야콘),9.272842e-06,0
함양군,줄기상추(궁채),9.003317e-06,0
함양군,골든비트,9.494867e-06,0
함양군,로마네스코,8.50038e-06,0
함양군,아스파라거스 콩,8.406798e-06,0
함양군,윙드빈(사각콩),8.246737e-06,0
함양군,워터체스트넛,7.876558e-06,0
함양군,고수,1.1474379e-05,0
함양군,레몬그라스,8.246737e-06,0
함양군,갈랑갈,8.246737e-06,0
함양군,타이바질,8.064143e-06,0
함양군,커리잎,8.246737e-06,0
함양군,몰로키아,7.910606e-06,0
함양군,아이스플랜트,1.1955106e-05,0
함양군,핑거루트,8.246737e-06,0
함양군,강황,8.246737e-06,0
함양군,차조기(자소엽),8.894888e-06,0
함양군,파카야,7.910606e-06,0
함양군,스네이크고드,7.910606e-06,0
함양군,비터토마토,8.406798e-06,0
함양군,퀴노아,0.00013782248,0
함양군,아마란스,1.0233206e-05,0
함양군,테프,1.0277441e-05,0
함양군,카카오,7.910606e-06,0
함양군,커피나무,9.096292e-06,0
함양군,바닐라,8.246737e-06,0
함양군,블랙페퍼(후추),8.246737e-06,0
함양군,육두구,8.246737e-06,0
함양군,정향,7.910606e-06,0
함양군,육계(계피),8.246737e-06,0
함양군,사프란,0.9999708,1
함양군,카다멈,8.246737e-06,0
함양군,올스파이스,7.910606e-06,0
함양군,과라나,8.246737e-06,0
함양군,마카,0.99995816,1
함양군,사차인치,8.246737e-06,0
함양군,브라질넛,8.246737e-06,0
함양군,캐슈넛,8.406798e-06,0
함양군,마카다미아,8.406798e-06,0
함양군,사탕수수,7.876558e-06,0
함양군,스테비아,8.064143e-06,0
함양군,모링가,1.0277441e-05,0
함양군,아사이베리,8.246737e-06,0
함양군,마키베리,0.00012770254,0
함양군,카무카무,8.246737e-06,0
함양군,인디안구스베리(암라),8.029434e-06,0
함양군,고투콜라(병풀),7.910606e-06,0
함양군,홀리바질,8.064143e-06,0
함양군,버터플라이피,8.246737e-06,0
함양군,히비스커스(로젤),8.406798e-06,0
함양군,카바카바,8.246737e-06,0
함양군,크라통,8.246737e-06,0
함양군,판단,8.246737e-06,0
함양군,피멘토,8.064143e-06,0
함양군,하바네로,8.064143e-06,0
함양군,캐롤라이나 리퍼,8.064143e-06,0
함양군,차요테 덩굴 싹,9.096292e-06,0
함양군,스피룰리나,8.318387e-06,0
함양군,기네아생강,8.246737e-06,0
함양군,타마린드,8.029434e-06,0
합천,애플망고,7.722165e-06,0
합천,파파야,7.753047e-06,0
합천,용과,9.75396e-06,0
합천,패션후르츠(백향과),8.239356e-06,0
합천,아보카도,7.753047e-06,0
합천,구아바,7.903525e-06,0
합천,리치,8.082483e-06,0
합천,람부탄,8.082483e-06,0
합천,망고스틴,8.082483e-06,0
합천,두리안,7.575139e-06,0
합천,스타후르츠,8.082483e-06,0
합천,잭후르츠,7.575139e-06,0
합천,사포딜라,7.722165e-06,0
합천,롱간(용안),8.082483e-06,0
합천,체리모야,9.098444e-06,0
합천,아세로라,8.082483e-06,0
합천,아키,7.753047e-06,0
합천,페이조아,3.6389694e-05,0
합천,자부티카바,8.082483e-06,0
합천,피타야(노란용과),9.75396e-06,0
합천,노니,7.753047e-06,0
합천,블랙사포테,7.903525e-06,0
합천,화이트사포테,9.75396e-06,0
합천,살락,8.082483e-06,0
합천,마르멜로(퀸스),0.0011312503,0
합천,산수유가공용 무화과,8.1755015e-06,0
합천,카람볼라 바이올렛,8.082483e-06,0
합천,플룸코트,0.00076222455,0
합천,핑거라임,8.239356e-06,0
합천,부다스핸드,8.239356e-06,0
합천,오크라,7.722165e-06,0
합천,공심채,7.753047e-06,0
합천,여주,7.903525e-06,0
합천,차요테,9.790566e-06,0
합천,아티초크,1.0520659e-05,0
합천,카사바,8.239356e-06,0
합천,얌(대마),8.082483e-06,0
합천,타로,8.082483e-06,0
합천,자색마,8.082483e-06,0
합천,아라카차,9.944118e-06,0
합천,제이콘(야콘),9.980591e-06,0
합천,줄기상추(궁채),1.3881199e-05,0
합천,골든비트,1.784478e-05,0
합천,로마네스코,7.5311777e-06,0
합천,아스파라거스 콩,8.239356e-06,0
합천,윙드빈(사각콩),8.082483e-06,0
합천,워터체스트넛,7.575139e-06,0
합천,고수,1.6569873e-05,0
합천,레몬그라스,8.082483e-06,0
합천,갈랑갈,8.082483e-06,0
합천,타이바질,7.903525e-06,0
합천,커리잎,8.082483e-06,0
합천,몰로키아,7.753047e-06,0
합천,아이스플랜트,1.1228639e-05,0
합천,핑거루트,8.082483e-06,0
합천,강황,8.082483e-06,0
합천,차조기(자소엽),9.57379e-06,0
합천,파카야,7.753047e-06,0
합천,스네이크고드,7.753047e-06,0
합천,비터토마토,8.239356e-06,0
합천,퀴노아,0.00032093373,0
합천,아마란스,9.530138e-06,0
합천,테프,9.75396e-06,0
합천,카카오,7.753047e-06,0
합천,커피나무,9.790566e-06,0
합천,바닐라,8.082483e-06,0
합천,블랙페퍼(후추),8.082483e-06,0
합천,육두구,8.082483e-06,0
합천,정향,7.753047e-06,0
합천,육계(계피),8.082483e-06,0
합천,사프란,0.99995553,1
합천,카다멈,8.082483e-06,0
합천,올스파이스,7.753047e-06,0
합천,과라나,8.082483e-06,0
합천,마카,0.9997409,1
합천,사차인치,8.082483e-06,0
합천,브라질넛,8.082483e-06,0
합천,캐슈넛,8.239356e-06,0
합천,마카다미아,8.239356e-06,0
합천,사탕수수,7.575139e-06,0
합천,스테비아,7.903525e-06,0
합천,모링가,9.75396e-06,0
합천,아사이베리,8.082483e-06,0
합천,마키베리,0.0013743142,0
합천,카무카무,8.082483e-06,0
합천,인디안구스베리(암라),7.722165e-06,0
합천,고투콜라(병풀),7.753047e-06,0
합천,홀리바질,7.903525e-06,0
합천,버터플라이피,8.082483e-06,0
합천,히비스커스(로젤),8.239356e-06,0
합천,카바카바,8.082483e-06,0
합천,크라통,8.082483e-06,0
합천,판단,8.082483e-06,0
합천,피멘토,7.903525e-06,0
합천,하바네로,7.903525e-06,0
합천,캐롤라이나 리퍼,7.903525e-06,0
합천,차요테 덩굴 싹,9.790566e-06,0
합천,스피룰리나,8.000061e-06,0
합천,기네아생강,8.082483e-06,0
합천,타마린드,7.722165e-06,0
해남,애플망고,9.4402785e-06,0
해남,파파야,8.927947e-06,0
해남,용과,1.1820088e-05,0
해남,패션후르츠(백향과),9.4879515e-06,0
해남,아보카도,8.927947e-06,0
해남,구아바,9.10123e-06,0
해남,리치,9.307306e-06,0
해남,람부탄,9.307306e-06,0
해남,망고스틴,9.307306e-06,0
해남,두리안,9.2605405e-06,0
해남,스타후르츠,9.307306e-06,0
해남,잭후르츠,9.2605405e-06,0
해남,사포딜라,9.4402785e-06,0
해남,롱간(용안),9.307306e-06,0
해남,체리모야,1.0556418e-05,0
해남,아세로라,9.307306e-06,0
해남,아키,8.927947e-06,0
해남,페이조아,5.3181375e-05,0
해남,자부티카바,9.307306e-06,0
해남,피타야(노란용과),1.1820088e-05,0
해남,노니,8.927947e-06,0
해남,블랙사포테,9.10123e-06,0
해남,화이트사포테,1.1820088e-05,0
해남,살락,9.307306e-06,0
해남,마르멜로(퀸스),0.0020157949,0
해남,산수유가공용 무화과,1.90816e-05,0
해남,카람볼라 바이올렛,9.307306e-06,0
해남,플룸코트,0.0010318259,0
해남,핑거라임,9.4879515e-06,0
해남,부다스핸드,9.4879515e-06,0
해남,오크라,9.4402785e-06,0
해남,공심채,8.927947e-06,0
해남,여주,9.10123e-06,0
해남,차요테,9.826448e-06,0
해남,아티초크,2.785867e-05,0
해남,카사바,9.4879515e-06,0
해남,얌(대마),9.307306e-06,0
해남,타로,9.307306e-06,0
해남,자색마,9.307306e-06,0
해남,아라카차,9.980563e-06,0
해남,제이콘(야콘),1.001717e-05,0
해남,줄기상추(궁채),1.0268526e-05,0
해남,골든비트,1.4539208e-05,0
해남,로마네스코,7.5587645e-06,0
해남,아스파라거스 콩,9.4879515e-06,0
해남,윙드빈(사각콩),9.307306e-06,0
해남,워터체스트넛,9.2605405e-06,0
해남,고수,1.3476392e-05,0
해남,레몬그라스,9.307306e-06,0
해남,갈랑갈,9.307306e-06,0
해남,타이바질,9.10123e-06,0
해남,커리잎,9.307306e-06,0
해남,몰로키아,8.927947e-06,0
해남,아이스플랜트,1.432351e-05,0
해남,핑거루트,9.307306e-06,0
해남,강황,9.307306e-06,0
해남,차조기(자소엽),9.608877e-06,0
해남,파카야,8.927947e-06,0
해남,스네이크고드,8.927947e-06,0
해남,비터토마토,9.4879515e-06,0
해남,퀴노아,0.00065085065,0
해남,아마란스,1.2260421e-05,0
해남,테프,1.1820088e-05,0
해남,카카오,8.927947e-06,0
해남,커피나무,9.826448e-06,0
해남,바닐라,9.307306e-06,0
해남,블랙페퍼(후추),9.307306e-06,0
해남,육두구,9.307306e-06,0
해남,정향,8.927947e-06,0
해남,육계(계피),9.307306e-06,0
해남,사프란,0.9999602,1
해남,카다멈,9.307306e-06,0
해남,올스파이스,8.927947e-06,0
해남,과라나,9.307306e-06,0
해남,마카,0.99973637,1
해남,사차인치,9.307306e-06,0
해남,브라질넛,9.307306e-06,0
해남,캐슈넛,9.4879515e-06,0
해남,마카다미아,9.4879515e-06,0
해남,사탕수수,9.2605405e-06,0
해남,스테비아,9.10123e-06,0
해남,모링가,1.1820088e-05,0
해남,아사이베리,9.307306e-06,0
해남,마키베리,0.0022550207,0
해남,카무카무,9.307306e-06,0
해남,인디안구스베리(암라),9.4402785e-06,0
해남,고투콜라(병풀),8.927947e-06,0
해남,홀리바질,9.10123e-06,0
해남,버터플라이피,9.307306e-06,0
해남,히비스커스(로젤),9.4879515e-06,0
해남,카바카바,9.307306e-06,0
해남,크라통,9.307306e-06,0
해남,판단,9.307306e-06,0
해남,피멘토,9.10123e-06,0
해남,하바네로,9.10123e-06,0
해남,캐롤라이나 리퍼,9.10123e-06,0
해남,차요테 덩굴 싹,9.826448e-06,0
해남,스피룰리나,9.780003e-06,0
해남,기네아생강,9.307306e-06,0
해남,타마린드,9.4402785e-06,0
홍성,애플망고,9.90228e-06,0
홍성,파파야,1.0038027e-05,0
홍성,용과,1.2657676e-05,0
홍성,패션후르츠(백향과),1.0367663e-05,0
홍성,아보카도,1.0038027e-05,0
홍성,구아바,9.945085e-06,0
홍성,리치,1.0464553e-05,0
홍성,람부탄,1.0464553e-05,0
홍성,망고스틴,1.0464553e-05,0
홍성,두리안,9.994821e-06,0
홍성,스타후르츠,1.0464553e-05,0
홍성,잭후르츠,9.994821e-06,0
홍성,사포딜라,9.90228e-06,0
홍성,롱간(용안),1.0464553e-05,0
홍성,체리모야,1.1854473e-05,0
홍성,아세로라,1.0464553e-05,0
홍성,아키,1.0038027e-05,0
홍성,페이조아,4.1769217e-05,0
홍성,자부티카바,1.0464553e-05,0
홍성,피타야(노란용과),1.2657676e-05,0
홍성,노니,1.0038027e-05,0
홍성,블랙사포테,9.945085e-06,0
홍성,화이트사포테,1.2657676e-05,0
홍성,살락,1.0464553e-05,0
홍성,마르멜로(퀸스),0.0015564376,0
홍성,산수유가공용 무화과,9.945085e-06,0
홍성,카람볼라 바이올렛,1.0464553e-05,0
홍성,플룸코트,0.00073904346,0
홍성,핑거라임,1.0367663e-05,0
홍성,부다스핸드,1.0367663e-05,0
홍성,오크라,9.90228e-06,0
홍성,공심채,1.0038027e-05,0
홍성,여주,9.945085e-06,0
홍성,차요테,1.1827924e-05,0
홍성,아티초크,1.3000668e-05,0
홍성,카사바,1.0367663e-05,0
홍성,얌(대마),1.0464553e-05,0
홍성,타로,1.0464553e-05,0
홍성,자색마,1.0464553e-05,0
홍성,아라카차,1.1675586e-05,0
홍성,제이콘(야콘),1.1718411e-05,0
홍성,줄기상추(궁채),1.3222609e-05,0
홍성,골든비트,1.3944514e-05,0
홍성,로마네스코,1.1053059e-05,0
홍성,아스파라거스 콩,1.0367663e-05,0
홍성,윙드빈(사각콩),1.0464553e-05,0
홍성,워터체스트넛,9.994821e-06,0
홍성,고수,1.6829152e-05,0
홍성,레몬그라스,1.0464553e-05,0
홍성,갈랑갈,1.0464553e-05,0
홍성,타이바질,9.945085e-06,0
홍성,커리잎,1.0464553e-05,0
홍성,몰로키아,1.0038027e-05,0
홍성,아이스플랜트,1.5087854e-05,0
홍성,핑거루트,1.0464553e-05,0
홍성,강황,1.0464553e-05,0
홍성,차조기(자소엽),1.1240778e-05,0
홍성,파카야,1.0038027e-05,0
홍성,스네이크고드,1.0038027e-05,0
홍성,비터토마토,1.0367663e-05,0
홍성,퀴노아,5.578211e-05,0
홍성,아마란스,1.2603196e-05,0
홍성,테프,1.2657676e-05,0
홍성,카카오,1.0038027e-05,0
홍성,커피나무,1.1827924e-05,0
홍성,바닐라,1.0464553e-05,0
홍성,블랙페퍼(후추),1.0464553e-05,0
홍성,육두구,1.0464553e-05,0
홍성,정향,1.0038027e-05,0
홍성,육계(계피),1.0464553e-05,0
홍성,사프란,0.99988425,1
홍성,카다멈,1.0464553e-05,0
홍성,올스파이스,1.0038027e-05,0
홍성,과라나,1.0464553e-05,0
홍성,마카,0.9999391,1
홍성,사차인치,1.0464553e-05,0
홍성,브라질넛,1.0464553e-05,0
홍성,캐슈넛,1.0367663e-05,0
홍성,마카다미아,1.0367663e-05,0
홍성,사탕수수,9.994821e-06,0
홍성,스테비아,9.945085e-06,0
홍성,모링가,1.2657676e-05,0
홍성,아사이베리,1.0464553e-05,0
홍성,마키베리,0.00010265673,0
홍성,카무카무,1.0464553e-05,0
홍성,인디안구스베리(암라),9.90228e-06,0
홍성,고투콜라(병풀),1.0038027e-05,0
홍성,홀리바질,9.945085e-06,0
홍성,버터플라이피,1.0464553e-05,0
홍성,히비스커스(로젤),1.0367663e-05,0
홍성,카바카바,1.0464553e-05,0
홍성,크라통,1.0464553e-05,0
홍성,판단,1.0464553e-05,0
홍성,피멘토,9.945085e-06,0
홍성,하바네로,9.945085e-06,0
홍성,캐롤라이나 리퍼,9.945085e-06,0
홍성,차요테 덩굴 싹,1.1827924e-05,0
홍성,스피룰리나,1.0555472e-05,0
홍성,기네아생강,1.0464553e-05,0
홍성,타마린드,9.90228e-06,0
홍천,애플망고,9.12634e-06,0
홍천,파파야,9.251448e-06,0
홍천,용과,1.1681444e-05,0
홍천,패션후르츠(백향과),9.555255e-06,0
홍천,아보카도,9.251448e-06,0
홍천,구아바,9.16579e-06,0
홍천,리치,9.644554e-06,0
홍천,람부탄,9.644554e-06,0
홍천,망고스틴,9.644554e-06,0
홍천,두리안,9.211629e-06,0
홍천,스타후르츠,9.644554e-06,0
홍천,잭후르츠,9.211629e-06,0
홍천,사포딜라,9.12634e-06,0
홍천,롱간(용안),9.644554e-06,0
홍천,체리모야,1.0661995e-05,0
홍천,아세로라,9.644554e-06,0
홍천,아키,9.251448e-06,0
홍천,페이조아,1.6187427e-05,0
홍천,자부티카바,9.644554e-06,0
홍천,피타야(노란용과),1.1681444e-05,0
홍천,노니,9.251448e-06,0
홍천,블랙사포테,9.16579e-06,0
홍천,화이트사포테,1.1681444e-05,0
홍천,살락,9.644554e-06,0
홍천,마르멜로(퀸스),0.00021493321,0
홍천,산수유가공용 무화과,9.16579e-06,0
홍천,카람볼라 바이올렛,9.644554e-06,0
홍천,플룸코트,0.00011471013,0
홍천,핑거라임,9.555255e-06,0
홍천,부다스핸드,9.555255e-06,0
홍천,오크라,9.12634e-06,0
홍천,공심채,9.251448e-06,0
홍천,여주,9.16579e-06,0
홍천,차요테,1.0638106e-05,0
홍천,아티초크,1.2040554e-05,0
홍천,카사바,9.555255e-06,0
홍천,얌(대마),9.644554e-06,0
홍천,타로,9.644554e-06,0
홍천,자색마,9.644554e-06,0
홍천,아라카차,1.0501092e-05,0
홍천,제이콘(야콘),1.0539609e-05,0
홍천,줄기상추(궁채),1.2431777e-05,0
홍천,골든비트,1.31104935e-05,0
홍천,로마네스코,9.941188e-06,0
홍천,아스파라거스 콩,9.555255e-06,0
홍천,윙드빈(사각콩),9.644554e-06,0
홍천,워터체스트넛,9.211629e-06,0
홍천,고수,1.5843803e-05,0
홍천,레몬그라스,9.644554e-06,0
홍천,갈랑갈,9.644554e-06,0
홍천,타이바질,9.16579e-06,0
홍천,커리잎,9.644554e-06,0
홍천,몰로키아,9.251448e-06,0
홍천,아이스플랜트,1.3588294e-05,0
홍천,핑거루트,9.644554e-06,0
홍천,강황,9.644554e-06,0
홍천,차조기(자소엽),1.0110023e-05,0
홍천,파카야,9.251448e-06,0
홍천,스네이크고드,9.251448e-06,0
홍천,비터토마토,9.555255e-06,0
홍천,퀴노아,2.2159222e-05,0
홍천,아마란스,1.1631167e-05,0
홍천,테프,1.1681444e-05,0
홍천,카카오,9.251448e-06,0
홍천,커피나무,1.0638106e-05,0
홍천,바닐라,9.644554e-06,0
홍천,블랙페퍼(후추),9.644554e-06,0
홍천,육두구,9.644554e-06,0
홍천,정향,9.251448e-06,0
홍천,육계(계피),9.644554e-06,0
홍천,사프란,0.00040870963,0
홍천,카다멈,9.644554e-06,0
홍천,올스파이스,9.251448e-06,0
홍천,과라나,9.644554e-06,0
홍천,마카,0.99980575,1
홍천,사차인치,9.644554e-06,0
홍천,브라질넛,9.644554e-06,0
홍천,캐슈넛,9.555255e-06,0
홍천,마카다미아,9.555255e-06,0
홍천,사탕수수,9.211629e-06,0
홍천,스테비아,9.16579e-06,0
홍천,모링가,1.1681444e-05,0
홍천,아사이베리,9.644554e-06,0
홍천,마키베리,1.5490905e-05,0
홍천,카무카무,9.644554e-06,0
홍천,인디안구스베리(암라),9.12634e-06,0
홍천,고투콜라(병풀),9.251448e-06,0
홍천,홀리바질,9.16579e-06,0
홍천,버터플라이피,9.644554e-06,0
홍천,히비스커스(로젤),9.555255e-06,0
홍천,카바카바,9.644554e-06,0
홍천,크라통,9.644554e-06,0
홍천,판단,9.644554e-06,0
홍천,피멘토,9.16579e-06,0
홍천,하바네로,9.16579e-06,0
홍천,캐롤라이나 리퍼,9.16579e-06,0
홍천,차요테 덩굴 싹,1.0638106e-05,0
홍천,스피룰리나,9.728347e-06,0
홍천,기네아생강,9.644554e-06,0
홍천,타마린드,9.12634e-06,0
흑산도,애플망고,1.3305627e-05,0
흑산도,파파야,1.2710537e-05,0
흑산도,용과,1.8146096e-05,0
흑산도,패션후르츠(백향과),3.6003472e-05,0
흑산도,아보카도,3.1803884e-05,0
흑산도,구아바,2.1713648e-05,0
흑산도,리치,3.214742e-05,0
흑산도,람부탄,1.325062e-05,0
흑산도,망고스틴,1.325062e-05,0
흑산도,두리안,1.3429974e-05,0
흑산도,스타후르츠,1.325062e-05,0
흑산도,잭후르츠,1.3429974e-05,0
흑산도,사포딜라,2.4819643e-05,0
흑산도,롱간(용안),3.633993e-05,0
흑산도,체리모야,7.9837664e-05,0
흑산도,아세로라,2.2847817e-05,0
흑산도,아키,1.2710537e-05,0
흑산도,페이조아,0.00016455329,0
흑산도,자부티카바,4.6728506e-05,0
흑산도,피타야(노란용과),1.8146096e-05,0
흑산도,노니,1.2710537e-05,0
흑산도,블랙사포테,2.1713648e-05,0
흑산도,화이트사포테,7.203707e-05,0
흑산도,살락,1.325062e-05,0
흑산도,마르멜로(퀸스),0.9988833,1
흑산도,산수유가공용 무화과,0.0001229397,0
흑산도,카람볼라 바이올렛,1.325062e-05,0
흑산도,플룸코트,0.0032965934,0
흑산도,핑거라임,3.6003472e-05,0
흑산도,부다스핸드,2.2636274e-05,0
흑산도,오크라,1.3305627e-05,0
흑산도,공심채,1.2710537e-05,0
흑산도,여주,1.2592852e-05,0
흑산도,차요테,3.0891068e-05,0
흑산도,아티초크,0.00037646183,0
흑산도,카사바,1.3127935e-05,0
흑산도,얌(대마),1.325062e-05,0
흑산도,타로,1.325062e-05,0
흑산도,자색마,2.2847817e-05,0
흑산도,아라카차,4.30617e-05,0
흑산도,제이콘(야콘),7.063415e-05,0
흑산도,줄기상추(궁채),0.08814565,0
흑산도,골든비트,0.9927785,1
흑산도,로마네스코,0.07155418,0
흑산도,아스파라거스 콩,1.3127935e-05,0
흑산도,윙드빈(사각콩),1.325062e-05,0
흑산도,워터체스트넛,1.3892125e-05,0
흑산도,고수,0.11198368,0
흑산도,레몬그라스,2.2847817e-05,0
흑산도,갈랑갈,1.325062e-05,0
흑산도,타이바질,1.2592852e-05,0
흑산도,커리잎,1.325062e-05,0
흑산도,몰로키아,1.2710537e-05,0
흑산도,아이스플랜트,0.00014242805,0
흑산도,핑거루트,1.325062e-05,0
흑산도,강황,1.37066e-05,0
흑산도,차조기(자소엽),7.2536146e-05,0
흑산도,파카야,1.2710537e-05,0
흑산도,스네이크고드,1.2710537e-05,0
흑산도,비터토마토,1.3127935e-05,0
흑산도,퀴노아,0.9999083,1
흑산도,아마란스,5.665137e-05,0
흑산도,테프,3.1619475e-05,0
흑산도,카카오,1.2710537e-05,0
흑산도,커피나무,3.0891068e-05,0
흑산도,바닐라,1.325062e-05,0
흑산도,블랙페퍼(후추),1.325062e-05,0
흑산도,육두구,1.325062e-05,0
흑산도,정향,1.2710537e-05,0
흑산도,육계(계피),1.325062e-05,0
흑산도,사프란,0.999964,1
흑산도,카다멈,1.325062e-05,0
흑산도,올스파이스,1.2710537e-05,0
흑산도,과라나,1.325062e-05,0
흑산도,마카,0.9993525,1
흑산도,사차인치,1.325062e-05,0
흑산도,브라질넛,1.325062e-05,0
흑산도,캐슈넛,1.3127935e-05,0
흑산도,마카다미아,3.6003472e-05,0
흑산도,사탕수수,1.3429974e-05,0
흑산도,스테비아,4.754253e-05,0
흑산도,모링가,1.7542414e-05,0
흑산도,아사이베리,1.325062e-05,0
흑산도,마키베리,0.999653,1
흑산도,카무카무,1.325062e-05,0
흑산도,인디안구스베리(암라),2.2942664e-05,0
흑산도,고투콜라(병풀),2.1916569e-05,0
흑산도,홀리바질,1.2592852e-05,0
흑산도,버터플라이피,1.325062e-05,0
흑산도,히비스커스(로젤),1.3579692e-05,0
흑산도,카바카바,1.325062e-05,0
흑산도,크라통,1.325062e-05,0
흑산도,판단,1.325062e-05,0
흑산도,피멘토,1.3026196e-05,0
흑산도,하바네로,1.3026196e-05,0
흑산도,캐롤라이나 리퍼,1.3026196e-05,0
흑산도,차요테 덩굴 싹,3.0891068e-05,0
흑산도,스피룰리나,1.34559095e-05,0
흑산도,기네아생강,1.325062e-05,0
흑산도,타마린드,1.3305627e-05,0
